{"metadata":{},"options":{"assumptions":{},"compact":false,"sourceMaps":true,"ast":true,"babelrc":false,"configFile":false,"parserOpts":{"sourceType":"module","sourceFileName":"/home/ani/Mergerware_assignment/Mererware_meteor/Mergerware_loanify/server/main.js","plugins":["*","flow","jsx","asyncGenerators","bigInt","classPrivateMethods","classPrivateProperties","classProperties","doExpressions","dynamicImport","exportDefaultFrom","exportExtensions","exportNamespaceFrom","functionBind","functionSent","importMeta","nullishCoalescingOperator","numericSeparator","objectRestSpread","optionalCatchBinding","optionalChaining",["pipelineOperator",{"proposal":"minimal"}],"throwExpressions","objectRestSpread","objectRestSpread","asyncGenerators","classProperties","classPrivateProperties","jsx","nullishCoalescingOperator","nullishCoalescingOperator","optionalChaining","optionalChaining","optionalCatchBinding","optionalCatchBinding","classProperties","classPrivateProperties","classPrivateMethods","classProperties","classPrivateProperties","asyncGenerators","asyncGenerators","objectRestSpread","objectRestSpread","logicalAssignment"],"allowImportExportEverywhere":true,"allowReturnOutsideFunction":true,"allowUndeclaredExports":true,"strictMode":false},"caller":{"name":"meteor","arch":"os.linux.x86_64"},"sourceFileName":"server/main.js","filename":"/home/ani/Mergerware_assignment/Mererware_meteor/Mergerware_loanify/server/main.js","targets":{},"cloneInputAst":true,"browserslistConfigFile":false,"passPerPreset":false,"envName":"development","cwd":"/home/ani/Mergerware_assignment/Mererware_meteor/Mergerware_loanify","root":"/home/ani/Mergerware_assignment/Mererware_meteor/Mergerware_loanify","rootMode":"root","plugins":[{"key":"base$0","visitor":{"_exploded":true,"_verified":true},"options":{},"externalDependencies":[]},{"key":"base$0$0","visitor":{"Program":{"enter":[null],"exit":[null]},"_exploded":true,"_verified":true},"options":{"avoidModernSyntax":false,"enforceStrictMode":false,"dynamicImport":true,"generateLetDeclarations":true},"externalDependencies":[]},{"key":"transform-runtime","visitor":{"MemberExpression":{"enter":[null]},"ObjectPattern":{"enter":[null]},"BinaryExpression":{"enter":[null]},"Identifier":{"enter":[null]},"JSXIdentifier":{"enter":[null]},"_exploded":true,"_verified":true},"options":{"version":"7.17.2","helpers":true,"useESModules":false,"corejs":false},"externalDependencies":[]},{"key":"syntax-object-rest-spread","visitor":{"_exploded":true,"_verified":true},"options":{},"externalDependencies":[]},{"key":"proposal-object-rest-spread","visitor":{"VariableDeclarator":{"enter":[null]},"ExportNamedDeclaration":{"enter":[null]},"CatchClause":{"enter":[null]},"AssignmentExpression":{"enter":[null]},"ArrayPattern":{"enter":[null]},"ObjectExpression":{"enter":[null]},"FunctionDeclaration":{"enter":[null]},"FunctionExpression":{"enter":[null]},"ObjectMethod":{"enter":[null]},"ArrowFunctionExpression":{"enter":[null]},"ClassMethod":{"enter":[null]},"ClassPrivateMethod":{"enter":[null]},"ForInStatement":{"enter":[null]},"ForOfStatement":{"enter":[null]},"_exploded":true,"_verified":true},"options":{},"externalDependencies":[]},{"key":"transform-meteor-async-await","visitor":{"AwaitExpression":{"enter":[null]},"_exploded":true,"_verified":true,"FunctionDeclaration":{"exit":[null]},"FunctionExpression":{"exit":[null]},"ObjectMethod":{"exit":[null]},"ArrowFunctionExpression":{"exit":[null]},"ClassMethod":{"exit":[null]},"ClassPrivateMethod":{"exit":[null]}},"options":{"useNativeAsyncAwait":false},"externalDependencies":[]},{"key":"proposal-async-generator-functions","visitor":{"Program":{"enter":[null]},"_exploded":true,"_verified":true},"options":{},"externalDependencies":[]},{"key":"proposal-class-properties","visitor":{"ExportDefaultDeclaration":{"enter":[null]},"_exploded":true,"_verified":true,"ClassExpression":{"enter":[null]},"ClassDeclaration":{"enter":[null]}},"options":{"loose":true},"externalDependencies":[]},{"key":"transform-react-jsx","visitor":{"JSXNamespacedName":{"enter":[null]},"JSXSpreadChild":{"enter":[null]},"Program":{"enter":[null]},"JSXFragment":{"exit":[null]},"JSXElement":{"exit":[null]},"JSXAttribute":{"enter":[null]},"_exploded":true,"_verified":true},"options":{"pragma":"React.createElement","pragmaFrag":"React.Fragment","runtime":"classic","throwIfNamespace":true,"useBuiltIns":false},"externalDependencies":[]},{"key":"transform-react-display-name","visitor":{"ExportDefaultDeclaration":{"enter":[null]},"CallExpression":{"enter":[null]},"_exploded":true,"_verified":true},"options":{},"externalDependencies":[]},{"key":"transform-react-pure-annotations","visitor":{"CallExpression":{"enter":[null]},"_exploded":true,"_verified":true},"options":{},"externalDependencies":[]},{"key":"syntax-nullish-coalescing-operator","visitor":{"_exploded":true,"_verified":true},"options":{},"externalDependencies":[]},{"key":"proposal-nullish-coalescing-operator","visitor":{"LogicalExpression":{"enter":[null]},"_exploded":true,"_verified":true},"options":{},"externalDependencies":[]},{"key":"syntax-optional-chaining","visitor":{"_exploded":true,"_verified":true},"options":{},"externalDependencies":[]},{"key":"proposal-optional-chaining","visitor":{"OptionalCallExpression":{"enter":[null]},"OptionalMemberExpression":{"enter":[null]},"_exploded":true,"_verified":true},"options":{},"externalDependencies":[]},{"key":"syntax-optional-catch-binding","visitor":{"_exploded":true,"_verified":true},"options":{},"externalDependencies":[]},{"key":"proposal-optional-catch-binding","visitor":{"CatchClause":{"enter":[null]},"_exploded":true,"_verified":true},"options":{},"externalDependencies":[]},{"key":"syntax-class-properties","visitor":{"_exploded":true,"_verified":true},"options":{},"externalDependencies":[]},{"key":"proposal-class-properties","visitor":{"ExportDefaultDeclaration":{"enter":[null]},"_exploded":true,"_verified":true,"ClassExpression":{"enter":[null]},"ClassDeclaration":{"enter":[null]}},"options":{},"externalDependencies":[]},{"key":"syntax-async-generators","visitor":{"_exploded":true,"_verified":true},"options":{},"externalDependencies":[]},{"key":"proposal-async-generator-functions","visitor":{"Program":{"enter":[null]},"_exploded":true,"_verified":true},"options":{},"externalDependencies":[]},{"key":"syntax-object-rest-spread","visitor":{"_exploded":true,"_verified":true},"options":{},"externalDependencies":[]},{"key":"proposal-object-rest-spread","visitor":{"VariableDeclarator":{"enter":[null]},"ExportNamedDeclaration":{"enter":[null]},"CatchClause":{"enter":[null]},"AssignmentExpression":{"enter":[null]},"ArrayPattern":{"enter":[null]},"ObjectExpression":{"enter":[null]},"FunctionDeclaration":{"enter":[null]},"FunctionExpression":{"enter":[null]},"ObjectMethod":{"enter":[null]},"ArrowFunctionExpression":{"enter":[null]},"ClassMethod":{"enter":[null]},"ClassPrivateMethod":{"enter":[null]},"ForInStatement":{"enter":[null]},"ForOfStatement":{"enter":[null]},"_exploded":true,"_verified":true},"options":{},"externalDependencies":[]},{"key":"proposal-logical-assignment-operators","visitor":{"AssignmentExpression":{"enter":[null]},"_exploded":true,"_verified":true},"options":{},"externalDependencies":[]},{"key":"transform-literals","visitor":{"NumericLiteral":{"enter":[null]},"StringLiteral":{"enter":[null]},"_exploded":true,"_verified":true},"options":{},"externalDependencies":[]},{"key":"transform-template-literals","visitor":{"TaggedTemplateExpression":{"enter":[null]},"TemplateLiteral":{"enter":[null]},"_exploded":true,"_verified":true},"options":{},"externalDependencies":[]},{"key":"transform-parameters","visitor":{"_exploded":true,"_verified":true,"FunctionDeclaration":{"enter":[null]},"FunctionExpression":{"enter":[null]},"ObjectMethod":{"enter":[null]},"ArrowFunctionExpression":{"enter":[null]},"ClassMethod":{"enter":[null]},"ClassPrivateMethod":{"enter":[null]}},"options":{},"externalDependencies":[]},{"key":"transform-exponentiation-operator","visitor":{"AssignmentExpression":{"enter":[null]},"BinaryExpression":{"enter":[null]},"_exploded":true,"_verified":true},"options":{},"externalDependencies":[]}],"presets":[],"generatorOpts":{"filename":"/home/ani/Mergerware_assignment/Mererware_meteor/Mergerware_loanify/server/main.js","comments":true,"compact":false,"sourceMaps":true,"sourceFileName":"server/main.js"}},"code":"let Meteor;\nmodule.link(\"meteor/meteor\", {\n  Meteor(v) {\n    Meteor = v;\n  }\n}, 0);\nlet LinksCollection;\nmodule.link(\"/imports/api/links\", {\n  LinksCollection(v) {\n    LinksCollection = v;\n  }\n}, 1);\nfunction insertLink(_ref) {\n  return Promise.asyncApply(() => {\n    let {\n      title,\n      url\n    } = _ref;\n    Promise.await(LinksCollection.insertAsync({\n      title,\n      url,\n      createdAt: new Date()\n    }));\n  });\n}\nMeteor.startup(() => Promise.asyncApply(() => {\n  // If the Links collection is empty, add some data.\n  if (Promise.await(LinksCollection.find().countAsync()) === 0) {\n    Promise.await(insertLink({\n      title: 'Do the Tutorial',\n      url: 'https://react-tutorial.meteor.com/simple-todos/01-creating-app.html'\n    }));\n    Promise.await(insertLink({\n      title: 'Follow the Guide',\n      url: 'https://guide.meteor.com'\n    }));\n    Promise.await(insertLink({\n      title: 'Read the Docs',\n      url: 'https://docs.meteor.com'\n    }));\n    Promise.await(insertLink({\n      title: 'Discussions',\n      url: 'https://forums.meteor.com'\n    }));\n  }\n\n  // We publish the entire Links collection to all clients.\n  // In order to be fetched in real-time to the clients\n  Meteor.publish(\"links\", function () {\n    return LinksCollection.find();\n  });\n}));","map":{"version":3,"names":["Meteor","module","link","v","LinksCollection","insertLink","_ref","Promise","asyncApply","title","url","await","insertAsync","createdAt","Date","startup","find","countAsync","publish"],"sources":["server/main.js"],"sourcesContent":["import { Meteor } from 'meteor/meteor';\nimport { LinksCollection } from '/imports/api/links';\n\nasync function insertLink({ title, url }) {\n  await LinksCollection.insertAsync({ title, url, createdAt: new Date() });\n}\n\nMeteor.startup(async () => {\n  // If the Links collection is empty, add some data.\n  if (await LinksCollection.find().countAsync() === 0) {\n    await insertLink({\n      title: 'Do the Tutorial',\n      url: 'https://react-tutorial.meteor.com/simple-todos/01-creating-app.html',\n    });\n\n    await insertLink({\n      title: 'Follow the Guide',\n      url: 'https://guide.meteor.com',\n    });\n\n    await insertLink({\n      title: 'Read the Docs',\n      url: 'https://docs.meteor.com',\n    });\n\n    await insertLink({\n      title: 'Discussions',\n      url: 'https://forums.meteor.com',\n    });\n  }\n\n  // We publish the entire Links collection to all clients.\n  // In order to be fetched in real-time to the clients\n  Meteor.publish(\"links\", function () {\n    return LinksCollection.find();\n  });\n});\n"],"mappings":"AAAA,IAAIA,MAAM;AAACC,MAAM,CAACC,IAAI,CAAC,eAAe,EAAC;EAACF,MAAMA,CAACG,CAAC,EAAC;IAACH,MAAM,GAACG,CAAC;EAAA;AAAC,CAAC,EAAC,CAAC,CAAC;AAAC,IAAIC,eAAe;AAACH,MAAM,CAACC,IAAI,CAAC,oBAAoB,EAAC;EAACE,eAAeA,CAACD,CAAC,EAAC;IAACC,eAAe,GAACD,CAAC;EAAA;AAAC,CAAC,EAAC,CAAC,CAAC;AAG/J,SAAeE,UAAUA,CAAAC,IAAA;EAAA,OAAAC,OAAA,CAAAC,UAAA,OAAiB;IAAA,IAAhB;MAAEC,KAAK;MAAEC;IAAI,CAAC,GAAAJ,IAAA;IACtCC,OAAA,CAAAI,KAAA,CAAMP,eAAe,CAACQ,WAAW,CAAC;MAAEH,KAAK;MAAEC,GAAG;MAAEG,SAAS,EAAE,IAAIC,IAAI,CAAC;IAAE,CAAC,CAAC;EAC1E,CAAC;AAAA;AAEDd,MAAM,CAACe,OAAO,CAAC,MAAAR,OAAA,CAAAC,UAAA,OAAY;EACzB;EACA,IAAID,OAAA,CAAAI,KAAA,CAAMP,eAAe,CAACY,IAAI,CAAC,CAAC,CAACC,UAAU,CAAC,CAAC,MAAK,CAAC,EAAE;IACnDV,OAAA,CAAAI,KAAA,CAAMN,UAAU,CAAC;MACfI,KAAK,EAAE,iBAAiB;MACxBC,GAAG,EAAE;IACP,CAAC,CAAC;IAEFH,OAAA,CAAAI,KAAA,CAAMN,UAAU,CAAC;MACfI,KAAK,EAAE,kBAAkB;MACzBC,GAAG,EAAE;IACP,CAAC,CAAC;IAEFH,OAAA,CAAAI,KAAA,CAAMN,UAAU,CAAC;MACfI,KAAK,EAAE,eAAe;MACtBC,GAAG,EAAE;IACP,CAAC,CAAC;IAEFH,OAAA,CAAAI,KAAA,CAAMN,UAAU,CAAC;MACfI,KAAK,EAAE,aAAa;MACpBC,GAAG,EAAE;IACP,CAAC,CAAC;EACJ;;EAEA;EACA;EACAV,MAAM,CAACkB,OAAO,CAAC,OAAO,EAAE,YAAY;IAClC,OAAOd,eAAe,CAACY,IAAI,CAAC,CAAC;EAC/B,CAAC,CAAC;AACJ,CAAC,EAAC"},"sourceType":"module","externalDependencies":{},"hash":"0a9c77a2d6dea400553a59353e4c611110efe07e"}
