{"metadata":{},"options":{"assumptions":{},"compact":false,"sourceMaps":true,"ast":true,"babelrc":false,"configFile":false,"parserOpts":{"sourceType":"module","sourceFileName":"/home/ani/Mergerware_assignment/Mererware_meteor/Mergerware_loanify/imports/ui/components/Auth/Auth.js","plugins":["*","flow","jsx","asyncGenerators","bigInt","classPrivateMethods","classPrivateProperties","classProperties","doExpressions","dynamicImport","exportDefaultFrom","exportExtensions","exportNamespaceFrom","functionBind","functionSent","importMeta","nullishCoalescingOperator","numericSeparator","objectRestSpread","optionalCatchBinding","optionalChaining",["pipelineOperator",{"proposal":"minimal"}],"throwExpressions","classProperties","classPrivateProperties","jsx","nullishCoalescingOperator","nullishCoalescingOperator","optionalChaining","optionalChaining","optionalCatchBinding","optionalCatchBinding","classProperties","classPrivateProperties","classPrivateMethods","classProperties","classPrivateProperties","asyncGenerators","asyncGenerators","objectRestSpread","objectRestSpread","logicalAssignment"],"allowImportExportEverywhere":true,"allowReturnOutsideFunction":true,"allowUndeclaredExports":true,"strictMode":false},"caller":{"name":"meteor","arch":"web.browser"},"sourceFileName":"imports/ui/components/Auth/Auth.js","filename":"/home/ani/Mergerware_assignment/Mererware_meteor/Mergerware_loanify/imports/ui/components/Auth/Auth.js","inputSourceMap":{"version":3,"names":["React","Component","Row","Col","Card","LoginForm","RegisterForm","Auth","state","cardTitle","currentForm","goToRegisterPage","setState","goToLoginPage","render","currForm"],"sources":["imports/ui/components/Auth/Auth.js"],"sourcesContent":["import React, { Component } from 'react';\n//import styles from './Auth.module.css';\nimport { Row, Col, Card } from 'antd';\nimport LoginForm from './LoginForm/LoginForm';\nimport RegisterForm from './RegisterForm/RegisterForm';\n\nclass Auth extends Component {\n    state = {\n        cardTitle: 'Login',\n        currentForm: 'login'\n    }\n    goToRegisterPage = () => {\n        this.setState({\n            cardTitle: 'Register',\n            currentForm: 'register'\n        })\n    }\n    goToLoginPage = () => {\n        this.setState({\n            cardTitle: 'Login',\n            currentForm: 'login'\n        })\n    }\n\n    render() {\n        let currForm = null;\n        if (this.state.currentForm === 'register') {\n            currForm = <RegisterForm login={this.goToLoginPage} />\n\n        }\n        else if (this.state.currentForm === 'login') {\n            currForm = <LoginForm register={this.goToRegisterPage} />\n        }\n\n        return (\n            <Row type=\"flex\" justify=\"center\">\n                <Col xl={8} md={12} xs={24}>\n                    <Card\n                        title={this.state.cardTitle}\n                        bordered={false}\n                    >\n                        {currForm}\n                    </Card>\n                </Col>\n            </Row>\n\n        );\n    }\n\n}\nexport default Auth;\n\n/*help={<div className={styles.Label}>Should be a valid password</div>}*/\n"],"mappings":";AAAA,OAAOA,KAAK,IAAIC,SAAS,QAAQ,OAAO;AACxC;AACA,SAASC,GAAG,EAAEC,GAAG,EAAEC,IAAI,QAAQ,MAAM;AACrC,OAAOC,SAAS,MAAM,uBAAuB;AAC7C,OAAOC,YAAY,MAAM,6BAA6B;AAEtD,MAAMC,IAAI,SAASN,SAAS,CAAC;EACzBO,KAAK,GAAG;IACJC,SAAS,EAAE,OAAO;IAClBC,WAAW,EAAE;EACjB,CAAC;EACDC,gBAAgB,GAAGA,CAAA,KAAM;IACrB,IAAI,CAACC,QAAQ,CAAC;MACVH,SAAS,EAAE,UAAU;MACrBC,WAAW,EAAE;IACjB,CAAC,CAAC;EACN,CAAC;EACDG,aAAa,GAAGA,CAAA,KAAM;IAClB,IAAI,CAACD,QAAQ,CAAC;MACVH,SAAS,EAAE,OAAO;MAClBC,WAAW,EAAE;IACjB,CAAC,CAAC;EACN,CAAC;EAEDI,MAAMA,CAAA,EAAG;IACL,IAAIC,QAAQ,GAAG,IAAI;IACnB,IAAI,IAAI,CAACP,KAAK,CAACE,WAAW,KAAK,UAAU,EAAE;MACvCK,QAAQ,GAAG,CAAC,YAAY,CAAC,KAAK,CAAC,CAAC,IAAI,CAACF,aAAa,CAAC,GAAG;IAE1D,CAAC,MACI,IAAI,IAAI,CAACL,KAAK,CAACE,WAAW,KAAK,OAAO,EAAE;MACzCK,QAAQ,GAAG,CAAC,SAAS,CAAC,QAAQ,CAAC,CAAC,IAAI,CAACJ,gBAAgB,CAAC,GAAG;IAC7D;IAEA,OACI,CAAC,GAAG,CAAC,IAAI,CAAC,MAAM,CAAC,OAAO,CAAC,QAAQ;AAC7C,gBAAgB,CAAC,GAAG,CAAC,EAAE,CAAC,CAAC,CAAC,CAAC,CAAC,EAAE,CAAC,CAAC,EAAE,CAAC,CAAC,EAAE,CAAC,CAAC,EAAE,CAAC;AAC3C,oBAAoB,CAAC,IAAI,CACD,KAAK,CAAC,CAAC,IAAI,CAACH,KAAK,CAACC,SAAS,CAAC,CAC5B,QAAQ,CAAC,CAAC,KAAK,CAAC;AAExC,wBAAwB,CAACM,QAAQ;AACjC,oBAAoB,EAAE,IAAI;AAC1B,gBAAgB,EAAE,GAAG;AACrB,YAAY,EAAE,GAAG,CAAC;EAGd;AAEJ;AACA,eAAeR,IAAI;;AAEnB"},"targets":{},"cloneInputAst":true,"browserslistConfigFile":false,"passPerPreset":false,"envName":"development","cwd":"/home/ani/Mergerware_assignment/Mererware_meteor/Mergerware_loanify","root":"/home/ani/Mergerware_assignment/Mererware_meteor/Mergerware_loanify","rootMode":"root","plugins":[{"key":"base$0","visitor":{"_exploded":true,"_verified":true},"options":{},"externalDependencies":[]},{"key":"base$0$0","visitor":{"Program":{"enter":[null],"exit":[null]},"_exploded":true,"_verified":true},"options":{"avoidModernSyntax":false,"enforceStrictMode":false,"dynamicImport":true,"generateLetDeclarations":true},"externalDependencies":[]},{"key":"transform-runtime","visitor":{"MemberExpression":{"enter":[null]},"ObjectPattern":{"enter":[null]},"BinaryExpression":{"enter":[null]},"Identifier":{"enter":[null]},"JSXIdentifier":{"enter":[null]},"_exploded":true,"_verified":true},"options":{"version":"7.17.2","helpers":true,"useESModules":false,"corejs":false},"externalDependencies":[]},{"key":"proposal-class-properties","visitor":{"ExportDefaultDeclaration":{"enter":[null]},"_exploded":true,"_verified":true,"ClassExpression":{"enter":[null]},"ClassDeclaration":{"enter":[null]}},"options":{"loose":true},"externalDependencies":[]},{"key":"transform-react-jsx","visitor":{"JSXNamespacedName":{"enter":[null]},"JSXSpreadChild":{"enter":[null]},"Program":{"enter":[null]},"JSXFragment":{"exit":[null]},"JSXElement":{"exit":[null]},"JSXAttribute":{"enter":[null]},"_exploded":true,"_verified":true},"options":{"pragma":"React.createElement","pragmaFrag":"React.Fragment","runtime":"classic","throwIfNamespace":true,"useBuiltIns":false},"externalDependencies":[]},{"key":"transform-react-display-name","visitor":{"ExportDefaultDeclaration":{"enter":[null]},"CallExpression":{"enter":[null]},"_exploded":true,"_verified":true},"options":{},"externalDependencies":[]},{"key":"transform-react-pure-annotations","visitor":{"CallExpression":{"enter":[null]},"_exploded":true,"_verified":true},"options":{},"externalDependencies":[]},{"key":"syntax-nullish-coalescing-operator","visitor":{"_exploded":true,"_verified":true},"options":{},"externalDependencies":[]},{"key":"proposal-nullish-coalescing-operator","visitor":{"LogicalExpression":{"enter":[null]},"_exploded":true,"_verified":true},"options":{},"externalDependencies":[]},{"key":"syntax-optional-chaining","visitor":{"_exploded":true,"_verified":true},"options":{},"externalDependencies":[]},{"key":"proposal-optional-chaining","visitor":{"OptionalCallExpression":{"enter":[null]},"OptionalMemberExpression":{"enter":[null]},"_exploded":true,"_verified":true},"options":{},"externalDependencies":[]},{"key":"syntax-optional-catch-binding","visitor":{"_exploded":true,"_verified":true},"options":{},"externalDependencies":[]},{"key":"proposal-optional-catch-binding","visitor":{"CatchClause":{"enter":[null]},"_exploded":true,"_verified":true},"options":{},"externalDependencies":[]},{"key":"syntax-class-properties","visitor":{"_exploded":true,"_verified":true},"options":{},"externalDependencies":[]},{"key":"proposal-class-properties","visitor":{"ExportDefaultDeclaration":{"enter":[null]},"_exploded":true,"_verified":true,"ClassExpression":{"enter":[null]},"ClassDeclaration":{"enter":[null]}},"options":{},"externalDependencies":[]},{"key":"syntax-async-generators","visitor":{"_exploded":true,"_verified":true},"options":{},"externalDependencies":[]},{"key":"proposal-async-generator-functions","visitor":{"Program":{"enter":[null]},"_exploded":true,"_verified":true},"options":{},"externalDependencies":[]},{"key":"syntax-object-rest-spread","visitor":{"_exploded":true,"_verified":true},"options":{},"externalDependencies":[]},{"key":"proposal-object-rest-spread","visitor":{"VariableDeclarator":{"enter":[null]},"ExportNamedDeclaration":{"enter":[null]},"CatchClause":{"enter":[null]},"AssignmentExpression":{"enter":[null]},"ArrayPattern":{"enter":[null]},"ObjectExpression":{"enter":[null]},"FunctionDeclaration":{"enter":[null]},"FunctionExpression":{"enter":[null]},"ObjectMethod":{"enter":[null]},"ArrowFunctionExpression":{"enter":[null]},"ClassMethod":{"enter":[null]},"ClassPrivateMethod":{"enter":[null]},"ForInStatement":{"enter":[null]},"ForOfStatement":{"enter":[null]},"_exploded":true,"_verified":true},"options":{},"externalDependencies":[]},{"key":"proposal-logical-assignment-operators","visitor":{"AssignmentExpression":{"enter":[null]},"_exploded":true,"_verified":true},"options":{},"externalDependencies":[]},{"key":"transform-literals","visitor":{"NumericLiteral":{"enter":[null]},"StringLiteral":{"enter":[null]},"_exploded":true,"_verified":true},"options":{},"externalDependencies":[]},{"key":"transform-template-literals","visitor":{"TaggedTemplateExpression":{"enter":[null]},"TemplateLiteral":{"enter":[null]},"_exploded":true,"_verified":true},"options":{},"externalDependencies":[]},{"key":"transform-parameters","visitor":{"_exploded":true,"_verified":true,"FunctionDeclaration":{"enter":[null]},"FunctionExpression":{"enter":[null]},"ObjectMethod":{"enter":[null]},"ArrowFunctionExpression":{"enter":[null]},"ClassMethod":{"enter":[null]},"ClassPrivateMethod":{"enter":[null]}},"options":{},"externalDependencies":[]},{"key":"transform-exponentiation-operator","visitor":{"AssignmentExpression":{"enter":[null]},"BinaryExpression":{"enter":[null]},"_exploded":true,"_verified":true},"options":{},"externalDependencies":[]}],"presets":[],"generatorOpts":{"filename":"/home/ani/Mergerware_assignment/Mererware_meteor/Mergerware_loanify/imports/ui/components/Auth/Auth.js","comments":true,"compact":false,"sourceMaps":true,"sourceFileName":"imports/ui/components/Auth/Auth.js","inputSourceMap":{"version":3,"names":["React","Component","Row","Col","Card","LoginForm","RegisterForm","Auth","state","cardTitle","currentForm","goToRegisterPage","setState","goToLoginPage","render","currForm"],"sources":["imports/ui/components/Auth/Auth.js"],"sourcesContent":["import React, { Component } from 'react';\n//import styles from './Auth.module.css';\nimport { Row, Col, Card } from 'antd';\nimport LoginForm from './LoginForm/LoginForm';\nimport RegisterForm from './RegisterForm/RegisterForm';\n\nclass Auth extends Component {\n    state = {\n        cardTitle: 'Login',\n        currentForm: 'login'\n    }\n    goToRegisterPage = () => {\n        this.setState({\n            cardTitle: 'Register',\n            currentForm: 'register'\n        })\n    }\n    goToLoginPage = () => {\n        this.setState({\n            cardTitle: 'Login',\n            currentForm: 'login'\n        })\n    }\n\n    render() {\n        let currForm = null;\n        if (this.state.currentForm === 'register') {\n            currForm = <RegisterForm login={this.goToLoginPage} />\n\n        }\n        else if (this.state.currentForm === 'login') {\n            currForm = <LoginForm register={this.goToRegisterPage} />\n        }\n\n        return (\n            <Row type=\"flex\" justify=\"center\">\n                <Col xl={8} md={12} xs={24}>\n                    <Card\n                        title={this.state.cardTitle}\n                        bordered={false}\n                    >\n                        {currForm}\n                    </Card>\n                </Col>\n            </Row>\n\n        );\n    }\n\n}\nexport default Auth;\n\n/*help={<div className={styles.Label}>Should be a valid password</div>}*/\n"],"mappings":";AAAA,OAAOA,KAAK,IAAIC,SAAS,QAAQ,OAAO;AACxC;AACA,SAASC,GAAG,EAAEC,GAAG,EAAEC,IAAI,QAAQ,MAAM;AACrC,OAAOC,SAAS,MAAM,uBAAuB;AAC7C,OAAOC,YAAY,MAAM,6BAA6B;AAEtD,MAAMC,IAAI,SAASN,SAAS,CAAC;EACzBO,KAAK,GAAG;IACJC,SAAS,EAAE,OAAO;IAClBC,WAAW,EAAE;EACjB,CAAC;EACDC,gBAAgB,GAAGA,CAAA,KAAM;IACrB,IAAI,CAACC,QAAQ,CAAC;MACVH,SAAS,EAAE,UAAU;MACrBC,WAAW,EAAE;IACjB,CAAC,CAAC;EACN,CAAC;EACDG,aAAa,GAAGA,CAAA,KAAM;IAClB,IAAI,CAACD,QAAQ,CAAC;MACVH,SAAS,EAAE,OAAO;MAClBC,WAAW,EAAE;IACjB,CAAC,CAAC;EACN,CAAC;EAEDI,MAAMA,CAAA,EAAG;IACL,IAAIC,QAAQ,GAAG,IAAI;IACnB,IAAI,IAAI,CAACP,KAAK,CAACE,WAAW,KAAK,UAAU,EAAE;MACvCK,QAAQ,GAAG,CAAC,YAAY,CAAC,KAAK,CAAC,CAAC,IAAI,CAACF,aAAa,CAAC,GAAG;IAE1D,CAAC,MACI,IAAI,IAAI,CAACL,KAAK,CAACE,WAAW,KAAK,OAAO,EAAE;MACzCK,QAAQ,GAAG,CAAC,SAAS,CAAC,QAAQ,CAAC,CAAC,IAAI,CAACJ,gBAAgB,CAAC,GAAG;IAC7D;IAEA,OACI,CAAC,GAAG,CAAC,IAAI,CAAC,MAAM,CAAC,OAAO,CAAC,QAAQ;AAC7C,gBAAgB,CAAC,GAAG,CAAC,EAAE,CAAC,CAAC,CAAC,CAAC,CAAC,EAAE,CAAC,CAAC,EAAE,CAAC,CAAC,EAAE,CAAC,CAAC,EAAE,CAAC;AAC3C,oBAAoB,CAAC,IAAI,CACD,KAAK,CAAC,CAAC,IAAI,CAACH,KAAK,CAACC,SAAS,CAAC,CAC5B,QAAQ,CAAC,CAAC,KAAK,CAAC;AAExC,wBAAwB,CAACM,QAAQ;AACjC,oBAAoB,EAAE,IAAI;AAC1B,gBAAgB,EAAE,GAAG;AACrB,YAAY,EAAE,GAAG,CAAC;EAGd;AAEJ;AACA,eAAeR,IAAI;;AAEnB"}}},"code":"!function (module1) {\n  let React, Component;\n  module1.link(\"react\", {\n    default(v) {\n      React = v;\n    },\n    Component(v) {\n      Component = v;\n    }\n  }, 0);\n  let Row, Col, Card;\n  module1.link(\"antd\", {\n    Row(v) {\n      Row = v;\n    },\n    Col(v) {\n      Col = v;\n    },\n    Card(v) {\n      Card = v;\n    }\n  }, 1);\n  let LoginForm;\n  module1.link(\"./LoginForm/LoginForm\", {\n    default(v) {\n      LoginForm = v;\n    }\n  }, 2);\n  let RegisterForm;\n  module1.link(\"./RegisterForm/RegisterForm\", {\n    default(v) {\n      RegisterForm = v;\n    }\n  }, 3);\n  ___INIT_METEOR_FAST_REFRESH(module);\n  class Auth extends Component {\n    constructor() {\n      super(...arguments);\n      this.state = {\n        cardTitle: 'Login',\n        currentForm: 'login'\n      };\n      this.goToRegisterPage = () => {\n        this.setState({\n          cardTitle: 'Register',\n          currentForm: 'register'\n        });\n      };\n      this.goToLoginPage = () => {\n        this.setState({\n          cardTitle: 'Login',\n          currentForm: 'login'\n        });\n      };\n    }\n    render() {\n      let currForm = null;\n      if (this.state.currentForm === 'register') {\n        currForm = /*#__PURE__*/React.createElement(RegisterForm, {\n          login: this.goToLoginPage\n        });\n      } else if (this.state.currentForm === 'login') {\n        currForm = /*#__PURE__*/React.createElement(LoginForm, {\n          register: this.goToRegisterPage\n        });\n      }\n      return /*#__PURE__*/React.createElement(Row, {\n        type: \"flex\",\n        justify: \"center\"\n      }, /*#__PURE__*/React.createElement(Col, {\n        xl: 8,\n        md: 12,\n        xs: 24\n      }, /*#__PURE__*/React.createElement(Card, {\n        title: this.state.cardTitle,\n        bordered: false\n      }, currForm)));\n    }\n  }\n  module1.exportDefault(Auth);\n}.call(this, module);","map":{"version":3,"names":["Auth","Component","constructor","arguments","state","cardTitle","currentForm","goToRegisterPage","setState","goToLoginPage","render","currForm","React","createElement","RegisterForm","login","LoginForm","register","Row","type","justify","Col","xl","md","xs","Card","title","bordered"],"sources":["imports/ui/components/Auth/Auth.js"],"sourcesContent":["import React, { Component } from 'react';\n//import styles from './Auth.module.css';\nimport { Row, Col, Card } from 'antd';\nimport LoginForm from './LoginForm/LoginForm';\nimport RegisterForm from './RegisterForm/RegisterForm';\n\nclass Auth extends Component {\n    state = {\n        cardTitle: 'Login',\n        currentForm: 'login'\n    }\n    goToRegisterPage = () => {\n        this.setState({\n            cardTitle: 'Register',\n            currentForm: 'register'\n        })\n    }\n    goToLoginPage = () => {\n        this.setState({\n            cardTitle: 'Login',\n            currentForm: 'login'\n        })\n    }\n\n    render() {\n        let currForm = null;\n        if (this.state.currentForm === 'register') {\n            currForm = <RegisterForm login={this.goToLoginPage} />\n\n        }\n        else if (this.state.currentForm === 'login') {\n            currForm = <LoginForm register={this.goToRegisterPage} />\n        }\n\n        return (\n            <Row type=\"flex\" justify=\"center\">\n                <Col xl={8} md={12} xs={24}>\n                    <Card\n                        title={this.state.cardTitle}\n                        bordered={false}\n                    >\n                        {currForm}\n                    </Card>\n                </Col>\n            </Row>\n\n        );\n    }\n\n}\nexport default Auth;\n\n/*help={<div className={styles.Label}>Should be a valid password</div>}*/\n"],"mappings":";;;;;;;;;;;;;;;;;;;;;;;;;;;;;;;;;;;EAMA,MAAMA,IAAI,SAASC,SAAS,CAAC;IAAAC,YAAA;MAAA,SAAAC,SAAA;MAAA,KACzBC,KAAK,GAAG;QACJC,SAAS,EAAE,OAAO;QAClBC,WAAW,EAAE;MACjB,CAAC;MAAA,KACDC,gBAAgB,GAAG,MAAM;QACrB,IAAI,CAACC,QAAQ,CAAC;UACVH,SAAS,EAAE,UAAU;UACrBC,WAAW,EAAE;QACjB,CAAC,CAAC;MACN,CAAC;MAAA,KACDG,aAAa,GAAG,MAAM;QAClB,IAAI,CAACD,QAAQ,CAAC;UACVH,SAAS,EAAE,OAAO;UAClBC,WAAW,EAAE;QACjB,CAAC,CAAC;MACN,CAAC;IAAA;IAEDI,MAAMA,CAAA,EAAG;MACL,IAAIC,QAAQ,GAAG,IAAI;MACnB,IAAI,IAAI,CAACP,KAAK,CAACE,WAAW,KAAK,UAAU,EAAE;QACvCK,QAAQ,gBAAGC,KAAA,CAAAC,aAAA,CAACC,YAAY;UAACC,KAAK,EAAE,IAAI,CAACN;QAAc,EAAG;MAE1D,CAAC,MACI,IAAI,IAAI,CAACL,KAAK,CAACE,WAAW,KAAK,OAAO,EAAE;QACzCK,QAAQ,gBAAGC,KAAA,CAAAC,aAAA,CAACG,SAAS;UAACC,QAAQ,EAAE,IAAI,CAACV;QAAiB,EAAG;MAC7D;MAEA,oBACIK,KAAA,CAAAC,aAAA,CAACK,GAAG;QAACC,IAAI,EAAC,MAAM;QAACC,OAAO,EAAC;MAAQ,gBAC7BR,KAAA,CAAAC,aAAA,CAACQ,GAAG;QAACC,EAAE,EAAE,CAAE;QAACC,EAAE,EAAE,EAAG;QAACC,EAAE,EAAE;MAAG,gBACvBZ,KAAA,CAAAC,aAAA,CAACY,IAAI;QACDC,KAAK,EAAE,IAAI,CAACtB,KAAK,CAACC,SAAU;QAC5BsB,QAAQ,EAAE;MAAM,GAEfhB,QACC,CACL,CACJ,CAAC;IAGd;EAEJ;wBACeX,I"},"sourceType":"module","externalDependencies":{},"hash":"12a30d417a1099934304aa9bdceb63106a9a59aa"}
