{"metadata":{},"options":{"assumptions":{},"compact":false,"sourceMaps":true,"ast":true,"babelrc":false,"configFile":false,"parserOpts":{"sourceType":"module","sourceFileName":"/home/ani/Mergerware_assignment/Mererware_meteor/Mergerware_loanify/imports/ui/components/DisplayContainers/LayoutView/LayoutView.js","plugins":["*","flow","jsx","asyncGenerators","bigInt","classPrivateMethods","classPrivateProperties","classProperties","doExpressions","dynamicImport","exportDefaultFrom","exportExtensions","exportNamespaceFrom","functionBind","functionSent","importMeta","nullishCoalescingOperator","numericSeparator","objectRestSpread","optionalCatchBinding","optionalChaining",["pipelineOperator",{"proposal":"minimal"}],"throwExpressions","classProperties","classPrivateProperties","jsx","nullishCoalescingOperator","nullishCoalescingOperator","optionalChaining","optionalChaining","optionalCatchBinding","optionalCatchBinding","classProperties","classPrivateProperties","classPrivateMethods","classProperties","classPrivateProperties","asyncGenerators","asyncGenerators","objectRestSpread","objectRestSpread","logicalAssignment"],"allowImportExportEverywhere":true,"allowReturnOutsideFunction":true,"allowUndeclaredExports":true,"strictMode":false},"caller":{"name":"meteor","arch":"web.browser.legacy"},"sourceFileName":"imports/ui/components/DisplayContainers/LayoutView/LayoutView.js","filename":"/home/ani/Mergerware_assignment/Mererware_meteor/Mergerware_loanify/imports/ui/components/DisplayContainers/LayoutView/LayoutView.js","inputSourceMap":{"version":3,"names":["React","Component","Logo","Menu","Layout","Icon","styles","NavLink","connect","Header","Content","Sider","LayoutView","state","current","componentDidMount","handleClick","e","console","log","setState","key","menuOnClick","item","render","SubMenu","containerClass","Container","logo","lineHeight","props","isAuthenticated","background","height","userRoleAdmin","userRoleModerator","padding","children","mapStateToProps","auth","access_token","generalSettings","user_role_admin","user_role_moderator","userRoleStandard","user_role_standard"],"sources":["imports/ui/components/DisplayContainers/LayoutView/LayoutView.js"],"sourcesContent":["import React, { Component } from 'react';\nimport Logo from '../../../assets/logo.png';\nimport { Menu, Layout, Icon } from 'antd';\nimport styles from './LayoutView.module.css';\nimport { NavLink } from 'react-router-dom';\nimport { connect } from 'react-redux';\nconst { Header, Content, Sider } = Layout;\n\nclass LayoutView extends Component {\n    state = {\n        current: 'speedboat-request',\n    };\n\n\n    componentDidMount() {\n\n    }\n\n    handleClick = e => {\n        console.log('click ', e);\n        this.setState({\n            current: e.key,\n        });\n\n    };\n\n    menuOnClick = (item) => {\n        console.log(item.key)\n    }\n\n    render() {\n        const { SubMenu } = Menu;\n\n        let containerClass = styles.Container;\n        let logo=\"http://fina.mv/storage/logos/logo.png\";\n\n        return (\n            <Layout className={containerClass}>\n                <Header\n                    theme=\"light\"\n                >\n                    <img className={styles.Logo} src={logo} alt=\"MyBurger\"></img>\n\n                    <Menu\n                        theme=\"dark\"\n                        mode=\"horizontal\"\n                        defaultSelectedKeys={['2']}\n                        style={{ lineHeight: '64px' }}\n                        onClick={this.handleClick}\n                    >\n                        {!this.props.isAuthenticated\n                        ? <Menu.Item key=\"login\">\n                            <NavLink\n                                to='/login'\n                                exact\n                            >\n                                Login\n                            </NavLink>\n                        </Menu.Item>\n                        : <Menu.Item key=\"logout\">\n                            <NavLink\n                                to='/logout'\n                                exact\n                            >\n                                Logout\n                            </NavLink>\n                        </Menu.Item>\n                        }\n                    </Menu>\n                </Header>\n                <Layout>\n                    <Sider width={250} collapsible={true} style={{ background: '#AAAAAA' }} breakpoint=\"lg\" collapsedWidth=\"0\">\n                        <Menu\n                            mode=\"inline\"\n                            defaultSelectedKeys={['1']}\n                            defaultOpenKeys={['sub1']}\n                            style={{ height: '100%' }}\n                            onClick={this.menuOnClick}\n                        >\n                            <SubMenu\n                                key=\"accounts\"\n                                title={\n                                    <span><Icon type=\"bank\" />Accounts</span>\n                                }\n                            >\n                                <Menu.Item key=\"accountsOverview\">\n                                    <NavLink to='/accounts/overview' exact >Overview</NavLink>\n                                </Menu.Item>\n                                {(this.props.userRoleAdmin==1 || this.props.userRoleModerator==1) &&\n                                <Menu.Item key=\"accountsCreateAccount\">\n                                    <NavLink to='/accounts/create' exact >Create Account</NavLink>\n                                </Menu.Item>\n                                }\n                                <Menu.Item key=\"accountsMasterSheet\">\n                                    <NavLink to='/accounts/master-sheet' exact >Master Sheet</NavLink>\n                                </Menu.Item>\n                            </SubMenu>\n                            <SubMenu\n                                key=\"reports\"\n                                title={\n                                    <span><Icon type=\"container\" />Reports</span>\n                                }\n                            >\n                                <Menu.Item key=\"reportsAccountStatement\">\n                                    <NavLink to=\"/reports/account-statement\" exact>\n                                        Account Statement\n                                    </NavLink>\n                                </Menu.Item>\n                                <Menu.Item key=\"reportsAllAccountsStatement\">\n                                    <NavLink to=\"/reports/all-accounts-statement\" exact>\n                                        All Accounts Statement\n                                    </NavLink>\n                                </Menu.Item>\n                                <Menu.Item key=\"reportsLoansIssued\">\n                                    <NavLink to=\"/reports/borrowings-issued-report\" exact>\n                                        Borrowings Issued Report\n                                    </NavLink>\n                                </Menu.Item>\n\n                                <Menu.Item key=\"reportsDuesReport\">\n                                    <NavLink to=\"/reports/dues-report\" exact>\n                                        Dues Report\n                                    </NavLink>\n                                </Menu.Item>\n                                <Menu.Item key=\"reportsAllAccountsDuesReport\">\n                                    <NavLink to=\"/reports/all-accounts-dues-report\" exact>\n                                        All Accounts Dues Report\n                                    </NavLink>\n                                </Menu.Item>\n                            </SubMenu>\n                            <SubMenu\n                                key=\"users\"\n                                title={\n                                    <span><Icon type=\"user\" />User Management</span>\n                                }\n                            >\n                                <Menu.Item key=\"UsersAllUsers\">\n                                    <NavLink to=\"/users/all\" exact>\n                                        All Users\n                                    </NavLink>\n                                </Menu.Item>\n\n                                {(this.props.userRoleAdmin==1 || this.props.userRoleModerator==1) &&\n                                <Menu.Item key=\"UsersCreateUsers\">\n                                    <NavLink to=\"/users/create\" exact>\n                                        Create User\n                                    </NavLink>\n                                </Menu.Item>\n                                }\n                            </SubMenu>\n                            <SubMenu\n                                key=\"configuration\"\n                                title={\n                                    <span><Icon type=\"control\" />Configuration</span>\n                                }\n                            >\n                                <Menu.Item key=\"configurationGeneralSettings\">\n                                    <NavLink to=\"/settings/general\" exact>\n                                        General Settings\n                                    </NavLink>\n                                </Menu.Item>\n                            </SubMenu>\n                        </Menu>\n                    </Sider>\n\n                    <Content style={{ padding: '50px 50px' }}>\n                        {this.props.children}\n                    </Content>\n\n                </Layout>\n            </Layout>\n        );\n    }\n}\n\nconst mapStateToProps = (state) => {\n    return {\n        isAuthenticated: state.auth.access_token !== null,\n        generalSettings:state.generalSettings.generalSettings,\n        userRoleAdmin: state.auth.user_role_admin,\n        userRoleModerator: state.auth.user_role_moderator,\n        userRoleStandard: state.auth.user_role_standard,\n    }\n}\nexport default connect(mapStateToProps)(LayoutView);\n"],"mappings":";AAAA,OAAOA,KAAK,IAAIC,SAAS,QAAQ,OAAO;AACxC,OAAOC,IAAI,MAAM,0BAA0B;AAC3C,SAASC,IAAI,EAAEC,MAAM,EAAEC,IAAI,QAAQ,MAAM;AACzC,OAAOC,MAAM,MAAM,yBAAyB;AAC5C,SAASC,OAAO,QAAQ,kBAAkB;AAC1C,SAASC,OAAO,QAAQ,aAAa;AACrC,MAAM;EAAEC,MAAM;EAAEC,OAAO;EAAEC;AAAM,CAAC,GAAGP,MAAM;AAEzC,MAAMQ,UAAU,SAASX,SAAS,CAAC;EAC/BY,KAAK,GAAG;IACJC,OAAO,EAAE;EACb,CAAC;EAGDC,iBAAiBA,CAAA,EAAG,CAEpB;EAEAC,WAAW,GAAGC,CAAC,IAAI;IACfC,OAAO,CAACC,GAAG,CAAC,QAAQ,EAAEF,CAAC,CAAC;IACxB,IAAI,CAACG,QAAQ,CAAC;MACVN,OAAO,EAAEG,CAAC,CAACI;IACf,CAAC,CAAC;EAEN,CAAC;EAEDC,WAAW,GAAIC,IAAI,IAAK;IACpBL,OAAO,CAACC,GAAG,CAACI,IAAI,CAACF,GAAG,CAAC;EACzB,CAAC;EAEDG,MAAMA,CAAA,EAAG;IACL,MAAM;MAAEC;IAAQ,CAAC,GAAGtB,IAAI;IAExB,IAAIuB,cAAc,GAAGpB,MAAM,CAACqB,SAAS;IACrC,IAAIC,IAAI,GAAC,uCAAuC;IAEhD,OACI,CAAC,MAAM,CAAC,SAAS,CAAC,CAACF,cAAc,CAAC;AAC9C,gBAAgB,CAAC,MAAM,CACH,KAAK,CAAC,OAAO;AAEjC,oBAAoB,CAAC,GAAG,CAAC,SAAS,CAAC,CAACpB,MAAM,CAACJ,IAAI,CAAC,CAAC,GAAG,CAAC,CAAC0B,IAAI,CAAC,CAAC,GAAG,CAAC,UAAU,CAAC,EAAE,GAAG;AAChF;AACA,oBAAoB,CAAC,IAAI,CACD,KAAK,CAAC,MAAM,CACZ,IAAI,CAAC,YAAY,CACjB,mBAAmB,CAAC,CAAC,CAAC,GAAG,CAAC,CAAC,CAC3B,KAAK,CAAC,CAAC;UAAEC,UAAU,EAAE;QAAO,CAAC,CAAC,CAC9B,OAAO,CAAC,CAAC,IAAI,CAACb,WAAW,CAAC;AAElD,wBAAwB,CAAC,CAAC,IAAI,CAACc,KAAK,CAACC,eAAe,GAC1B,CAAC,IAAI,CAAC,IAAI,CAAC,GAAG,CAAC,OAAO;AAChD,4BAA4B,CAAC,OAAO,CACJ,EAAE,CAAC,QAAQ,CACX,KAAK;AAErC;AACA,4BAA4B,EAAE,OAAO;AACrC,wBAAwB,EAAE,IAAI,CAAC,IAAI,CAAC,GACV,CAAC,IAAI,CAAC,IAAI,CAAC,GAAG,CAAC,QAAQ;AACjD,4BAA4B,CAAC,OAAO,CACJ,EAAE,CAAC,SAAS,CACZ,KAAK;AAErC;AACA,4BAA4B,EAAE,OAAO;AACrC,wBAAwB,EAAE,IAAI,CAAC,IAAI,CAAC;AAEpC,oBAAoB,EAAE,IAAI;AAC1B,gBAAgB,EAAE,MAAM;AACxB,gBAAgB,CAAC,MAAM;AACvB,oBAAoB,CAAC,KAAK,CAAC,KAAK,CAAC,CAAC,GAAG,CAAC,CAAC,WAAW,CAAC,CAAC,IAAI,CAAC,CAAC,KAAK,CAAC,CAAC;UAAEC,UAAU,EAAE;QAAU,CAAC,CAAC,CAAC,UAAU,CAAC,IAAI,CAAC,cAAc,CAAC,GAAG;AAC9H,wBAAwB,CAAC,IAAI,CACD,IAAI,CAAC,QAAQ,CACb,mBAAmB,CAAC,CAAC,CAAC,GAAG,CAAC,CAAC,CAC3B,eAAe,CAAC,CAAC,CAAC,MAAM,CAAC,CAAC,CAC1B,KAAK,CAAC,CAAC;YAAEC,MAAM,EAAE;UAAO,CAAC,CAAC,CAC1B,OAAO,CAAC,CAAC,IAAI,CAACX,WAAW,CAAC;AAEtD,4BAA4B,CAAC,OAAO,CACJ,GAAG,CAAC,UAAU,CACd,KAAK,CAAC,CACF,CAAC,IAAI,CAAC,CAAC,IAAI,CAAC,IAAI,CAAC,MAAM,GAAG,QAAQ,EAAE,IAAI,CAAC,CAC5C;AAEjC,gCAAgC,CAAC,IAAI,CAAC,IAAI,CAAC,GAAG,CAAC,kBAAkB;AACjE,oCAAoC,CAAC,OAAO,CAAC,EAAE,CAAC,oBAAoB,CAAC,KAAK,CAAE,QAAQ,EAAE,OAAO;AAC7F,gCAAgC,EAAE,IAAI,CAAC,IAAI;AAC3C,gCAAgC,CAAC,CAAC,IAAI,CAACQ,KAAK,CAACI,aAAa,IAAE,CAAC,IAAI,IAAI,CAACJ,KAAK,CAACK,iBAAiB,IAAE,CAAC,KAChE,CAAC,IAAI,CAAC,IAAI,CAAC,GAAG,CAAC,uBAAuB;AACtE,oCAAoC,CAAC,OAAO,CAAC,EAAE,CAAC,kBAAkB,CAAC,KAAK,CAAE,cAAc,EAAE,OAAO;AACjG,gCAAgC,EAAE,IAAI,CAAC,IAAI,CAAC;AAE5C,gCAAgC,CAAC,IAAI,CAAC,IAAI,CAAC,GAAG,CAAC,qBAAqB;AACpE,oCAAoC,CAAC,OAAO,CAAC,EAAE,CAAC,wBAAwB,CAAC,KAAK,CAAE,YAAY,EAAE,OAAO;AACrG,gCAAgC,EAAE,IAAI,CAAC,IAAI;AAC3C,4BAA4B,EAAE,OAAO;AACrC,4BAA4B,CAAC,OAAO,CACJ,GAAG,CAAC,SAAS,CACb,KAAK,CAAC,CACF,CAAC,IAAI,CAAC,CAAC,IAAI,CAAC,IAAI,CAAC,WAAW,GAAG,OAAO,EAAE,IAAI,CAAC,CAChD;AAEjC,gCAAgC,CAAC,IAAI,CAAC,IAAI,CAAC,GAAG,CAAC,yBAAyB;AACxE,oCAAoC,CAAC,OAAO,CAAC,EAAE,CAAC,4BAA4B,CAAC,KAAK;AAClF;AACA,oCAAoC,EAAE,OAAO;AAC7C,gCAAgC,EAAE,IAAI,CAAC,IAAI;AAC3C,gCAAgC,CAAC,IAAI,CAAC,IAAI,CAAC,GAAG,CAAC,6BAA6B;AAC5E,oCAAoC,CAAC,OAAO,CAAC,EAAE,CAAC,iCAAiC,CAAC,KAAK;AACvF;AACA,oCAAoC,EAAE,OAAO;AAC7C,gCAAgC,EAAE,IAAI,CAAC,IAAI;AAC3C,gCAAgC,CAAC,IAAI,CAAC,IAAI,CAAC,GAAG,CAAC,oBAAoB;AACnE,oCAAoC,CAAC,OAAO,CAAC,EAAE,CAAC,mCAAmC,CAAC,KAAK;AACzF;AACA,oCAAoC,EAAE,OAAO;AAC7C,gCAAgC,EAAE,IAAI,CAAC,IAAI;AAC3C;AACA,gCAAgC,CAAC,IAAI,CAAC,IAAI,CAAC,GAAG,CAAC,mBAAmB;AAClE,oCAAoC,CAAC,OAAO,CAAC,EAAE,CAAC,sBAAsB,CAAC,KAAK;AAC5E;AACA,oCAAoC,EAAE,OAAO;AAC7C,gCAAgC,EAAE,IAAI,CAAC,IAAI;AAC3C,gCAAgC,CAAC,IAAI,CAAC,IAAI,CAAC,GAAG,CAAC,8BAA8B;AAC7E,oCAAoC,CAAC,OAAO,CAAC,EAAE,CAAC,mCAAmC,CAAC,KAAK;AACzF;AACA,oCAAoC,EAAE,OAAO;AAC7C,gCAAgC,EAAE,IAAI,CAAC,IAAI;AAC3C,4BAA4B,EAAE,OAAO;AACrC,4BAA4B,CAAC,OAAO,CACJ,GAAG,CAAC,OAAO,CACX,KAAK,CAAC,CACF,CAAC,IAAI,CAAC,CAAC,IAAI,CAAC,IAAI,CAAC,MAAM,GAAG,eAAe,EAAE,IAAI,CAAC,CACnD;AAEjC,gCAAgC,CAAC,IAAI,CAAC,IAAI,CAAC,GAAG,CAAC,eAAe;AAC9D,oCAAoC,CAAC,OAAO,CAAC,EAAE,CAAC,YAAY,CAAC,KAAK;AAClE;AACA,oCAAoC,EAAE,OAAO;AAC7C,gCAAgC,EAAE,IAAI,CAAC,IAAI;AAC3C;AACA,gCAAgC,CAAC,CAAC,IAAI,CAACL,KAAK,CAACI,aAAa,IAAE,CAAC,IAAI,IAAI,CAACJ,KAAK,CAACK,iBAAiB,IAAE,CAAC,KAChE,CAAC,IAAI,CAAC,IAAI,CAAC,GAAG,CAAC,kBAAkB;AACjE,oCAAoC,CAAC,OAAO,CAAC,EAAE,CAAC,eAAe,CAAC,KAAK;AACrE;AACA,oCAAoC,EAAE,OAAO;AAC7C,gCAAgC,EAAE,IAAI,CAAC,IAAI,CAAC;AAE5C,4BAA4B,EAAE,OAAO;AACrC,4BAA4B,CAAC,OAAO,CACJ,GAAG,CAAC,eAAe,CACnB,KAAK,CAAC,CACF,CAAC,IAAI,CAAC,CAAC,IAAI,CAAC,IAAI,CAAC,SAAS,GAAG,aAAa,EAAE,IAAI,CAAC,CACpD;AAEjC,gCAAgC,CAAC,IAAI,CAAC,IAAI,CAAC,GAAG,CAAC,8BAA8B;AAC7E,oCAAoC,CAAC,OAAO,CAAC,EAAE,CAAC,mBAAmB,CAAC,KAAK;AACzE;AACA,oCAAoC,EAAE,OAAO;AAC7C,gCAAgC,EAAE,IAAI,CAAC,IAAI;AAC3C,4BAA4B,EAAE,OAAO;AACrC,wBAAwB,EAAE,IAAI;AAC9B,oBAAoB,EAAE,KAAK;AAC3B;AACA,oBAAoB,CAAC,OAAO,CAAC,KAAK,CAAC,CAAC;UAAEC,OAAO,EAAE;QAAY,CAAC,CAAC;AAC7D,wBAAwB,CAAC,IAAI,CAACN,KAAK,CAACO,QAAQ;AAC5C,oBAAoB,EAAE,OAAO;AAC7B;AACA,gBAAgB,EAAE,MAAM;AACxB,YAAY,EAAE,MAAM,CAAC;EAEjB;AACJ;AAEA,MAAMC,eAAe,GAAIzB,KAAK,IAAK;EAC/B,OAAO;IACHkB,eAAe,EAAElB,KAAK,CAAC0B,IAAI,CAACC,YAAY,KAAK,IAAI;IACjDC,eAAe,EAAC5B,KAAK,CAAC4B,eAAe,CAACA,eAAe;IACrDP,aAAa,EAAErB,KAAK,CAAC0B,IAAI,CAACG,eAAe;IACzCP,iBAAiB,EAAEtB,KAAK,CAAC0B,IAAI,CAACI,mBAAmB;IACjDC,gBAAgB,EAAE/B,KAAK,CAAC0B,IAAI,CAACM;EACjC,CAAC;AACL,CAAC;AACD,eAAerC,OAAO,CAAC8B,eAAe,CAAC,CAAC1B,UAAU,CAAC"},"targets":{},"cloneInputAst":true,"browserslistConfigFile":false,"passPerPreset":false,"envName":"development","cwd":"/home/ani/Mergerware_assignment/Mererware_meteor/Mergerware_loanify","root":"/home/ani/Mergerware_assignment/Mererware_meteor/Mergerware_loanify","rootMode":"root","plugins":[{"key":"base$0","visitor":{"_exploded":true,"_verified":true},"options":{},"externalDependencies":[]},{"key":"base$0$0","visitor":{"Program":{"enter":[null],"exit":[null]},"_exploded":true,"_verified":true},"options":{"avoidModernSyntax":true,"enforceStrictMode":false,"dynamicImport":true},"externalDependencies":[]},{"key":"transform-runtime","visitor":{"MemberExpression":{"enter":[null]},"ObjectPattern":{"enter":[null]},"BinaryExpression":{"enter":[null]},"Identifier":{"enter":[null]},"JSXIdentifier":{"enter":[null]},"_exploded":true,"_verified":true},"options":{"version":"7.17.2","helpers":true,"useESModules":false,"corejs":false},"externalDependencies":[]},{"key":"proposal-class-properties","visitor":{"ExportDefaultDeclaration":{"enter":[null]},"_exploded":true,"_verified":true,"ClassExpression":{"enter":[null]},"ClassDeclaration":{"enter":[null]}},"options":{"loose":true},"externalDependencies":[]},{"key":"base$0$3","visitor":{"FunctionExpression":{"exit":[null]},"_exploded":true,"_verified":true},"options":{},"externalDependencies":[]},{"key":"base$0$4","visitor":{"ForInStatement":{"enter":[null]},"_exploded":true,"_verified":true},"options":{},"externalDependencies":[]},{"key":"transform-react-jsx","visitor":{"JSXNamespacedName":{"enter":[null]},"JSXSpreadChild":{"enter":[null]},"Program":{"enter":[null]},"JSXFragment":{"exit":[null]},"JSXElement":{"exit":[null]},"JSXAttribute":{"enter":[null]},"_exploded":true,"_verified":true},"options":{"pragma":"React.createElement","pragmaFrag":"React.Fragment","runtime":"classic","throwIfNamespace":true,"useBuiltIns":false},"externalDependencies":[]},{"key":"transform-react-display-name","visitor":{"ExportDefaultDeclaration":{"enter":[null]},"CallExpression":{"enter":[null]},"_exploded":true,"_verified":true},"options":{},"externalDependencies":[]},{"key":"transform-react-pure-annotations","visitor":{"CallExpression":{"enter":[null]},"_exploded":true,"_verified":true},"options":{},"externalDependencies":[]},{"key":"syntax-nullish-coalescing-operator","visitor":{"_exploded":true,"_verified":true},"options":{},"externalDependencies":[]},{"key":"proposal-nullish-coalescing-operator","visitor":{"LogicalExpression":{"enter":[null]},"_exploded":true,"_verified":true},"options":{},"externalDependencies":[]},{"key":"syntax-optional-chaining","visitor":{"_exploded":true,"_verified":true},"options":{},"externalDependencies":[]},{"key":"proposal-optional-chaining","visitor":{"OptionalCallExpression":{"enter":[null]},"OptionalMemberExpression":{"enter":[null]},"_exploded":true,"_verified":true},"options":{},"externalDependencies":[]},{"key":"syntax-optional-catch-binding","visitor":{"_exploded":true,"_verified":true},"options":{},"externalDependencies":[]},{"key":"proposal-optional-catch-binding","visitor":{"CatchClause":{"enter":[null]},"_exploded":true,"_verified":true},"options":{},"externalDependencies":[]},{"key":"syntax-class-properties","visitor":{"_exploded":true,"_verified":true},"options":{},"externalDependencies":[]},{"key":"proposal-class-properties","visitor":{"ExportDefaultDeclaration":{"enter":[null]},"_exploded":true,"_verified":true,"ClassExpression":{"enter":[null]},"ClassDeclaration":{"enter":[null]}},"options":{},"externalDependencies":[]},{"key":"syntax-async-generators","visitor":{"_exploded":true,"_verified":true},"options":{},"externalDependencies":[]},{"key":"proposal-async-generator-functions","visitor":{"Program":{"enter":[null]},"_exploded":true,"_verified":true},"options":{},"externalDependencies":[]},{"key":"syntax-object-rest-spread","visitor":{"_exploded":true,"_verified":true},"options":{},"externalDependencies":[]},{"key":"proposal-object-rest-spread","visitor":{"VariableDeclarator":{"enter":[null]},"ExportNamedDeclaration":{"enter":[null]},"CatchClause":{"enter":[null]},"AssignmentExpression":{"enter":[null]},"ArrayPattern":{"enter":[null]},"ObjectExpression":{"enter":[null]},"FunctionDeclaration":{"enter":[null]},"FunctionExpression":{"enter":[null]},"ObjectMethod":{"enter":[null]},"ArrowFunctionExpression":{"enter":[null]},"ClassMethod":{"enter":[null]},"ClassPrivateMethod":{"enter":[null]},"ForInStatement":{"enter":[null]},"ForOfStatement":{"enter":[null]},"_exploded":true,"_verified":true},"options":{},"externalDependencies":[]},{"key":"proposal-logical-assignment-operators","visitor":{"AssignmentExpression":{"enter":[null]},"_exploded":true,"_verified":true},"options":{},"externalDependencies":[]},{"key":"transform-arrow-functions","visitor":{"ArrowFunctionExpression":{"enter":[null]},"_exploded":true,"_verified":true},"options":{},"externalDependencies":[]},{"key":"transform-block-scoped-functions","visitor":{"BlockStatement":{"enter":[null]},"SwitchCase":{"enter":[null]},"_exploded":true,"_verified":true},"options":{},"externalDependencies":[]},{"key":"transform-block-scoping","visitor":{"VariableDeclaration":{"enter":[null,null]},"BlockStatement":{"enter":[null]},"SwitchCase":{"enter":[null]},"ClassDeclaration":{"enter":[null]},"DoWhileStatement":{"enter":[null]},"ForInStatement":{"enter":[null]},"ForStatement":{"enter":[null]},"WhileStatement":{"enter":[null]},"ForOfStatement":{"enter":[null]},"_exploded":true,"_verified":true},"options":{},"externalDependencies":[]},{"key":"transform-classes","visitor":{"ExportDefaultDeclaration":{"enter":[null]},"ClassDeclaration":{"enter":[null]},"ClassExpression":{"enter":[null]},"_exploded":true,"_verified":true},"options":{"loose":true},"externalDependencies":[]},{"key":"transform-computed-properties","visitor":{"ObjectExpression":{"exit":[null]},"_exploded":true,"_verified":true},"options":{"loose":true},"externalDependencies":[]},{"key":"transform-destructuring","visitor":{"ExportNamedDeclaration":{"enter":[null]},"CatchClause":{"enter":[null]},"AssignmentExpression":{"enter":[null]},"VariableDeclaration":{"enter":[null]},"_exploded":true,"_verified":true,"ForInStatement":{"enter":[null]},"ForOfStatement":{"enter":[null]}},"options":{},"externalDependencies":[]},{"key":"transform-for-of","visitor":{"ForOfStatement":{"enter":[null]},"_exploded":true,"_verified":true},"options":{"loose":true},"externalDependencies":[]},{"key":"transform-literals","visitor":{"NumericLiteral":{"enter":[null]},"StringLiteral":{"enter":[null]},"_exploded":true,"_verified":true},"options":{},"externalDependencies":[]},{"key":"transform-object-super","visitor":{"ObjectExpression":{"enter":[null]},"_exploded":true,"_verified":true,"DoWhileStatement":{"exit":[null]},"ForInStatement":{"exit":[null]},"ForStatement":{"exit":[null]},"WhileStatement":{"exit":[null]},"ForOfStatement":{"exit":[null]}},"options":{},"externalDependencies":[]},{"key":"transform-parameters","visitor":{"_exploded":true,"_verified":true,"FunctionDeclaration":{"enter":[null]},"FunctionExpression":{"enter":[null]},"ObjectMethod":{"enter":[null]},"ArrowFunctionExpression":{"enter":[null]},"ClassMethod":{"enter":[null]},"ClassPrivateMethod":{"enter":[null]}},"options":{},"externalDependencies":[]},{"key":"transform-shorthand-properties","visitor":{"ObjectMethod":{"enter":[null]},"ObjectProperty":{"enter":[null]},"_exploded":true,"_verified":true},"options":{},"externalDependencies":[]},{"key":"transform-spread","visitor":{"ArrayExpression":{"enter":[null]},"CallExpression":{"enter":[null]},"NewExpression":{"enter":[null]},"_exploded":true,"_verified":true},"options":{},"externalDependencies":[]},{"key":"transform-sticky-regex","visitor":{"RegExpLiteral":{"enter":[null]},"_exploded":true,"_verified":true},"options":{},"externalDependencies":[]},{"key":"transform-template-literals","visitor":{"TaggedTemplateExpression":{"enter":[null]},"TemplateLiteral":{"enter":[null]},"_exploded":true,"_verified":true},"options":{"loose":true},"externalDependencies":[]},{"key":"transform-typeof-symbol","visitor":{"UnaryExpression":{"enter":[null]},"_exploded":true,"_verified":true,"BlockStatement":{"enter":[null]},"CatchClause":{"enter":[null]},"DoWhileStatement":{"enter":[null]},"ForInStatement":{"enter":[null]},"ForStatement":{"enter":[null]},"FunctionDeclaration":{"enter":[null]},"FunctionExpression":{"enter":[null]},"Program":{"enter":[null]},"ObjectMethod":{"enter":[null]},"SwitchStatement":{"enter":[null]},"WhileStatement":{"enter":[null]},"ArrowFunctionExpression":{"enter":[null]},"ClassExpression":{"enter":[null]},"ClassDeclaration":{"enter":[null]},"ForOfStatement":{"enter":[null]},"ClassMethod":{"enter":[null]},"ClassPrivateMethod":{"enter":[null]},"StaticBlock":{"enter":[null]},"TSModuleBlock":{"enter":[null]},"AssignmentPattern":{"enter":[null]},"ArrayPattern":{"enter":[null]},"ObjectPattern":{"enter":[null]}},"options":{},"externalDependencies":[]},{"key":"transform-unicode-regex","visitor":{"RegExpLiteral":{"enter":[null]},"_exploded":true,"_verified":true},"options":{},"externalDependencies":[]},{"key":"transform-property-literals","visitor":{"ObjectProperty":{"exit":[null]},"_exploded":true,"_verified":true},"options":{},"externalDependencies":[]},{"key":"transform-exponentiation-operator","visitor":{"AssignmentExpression":{"enter":[null]},"BinaryExpression":{"enter":[null]},"_exploded":true,"_verified":true},"options":{},"externalDependencies":[]},{"key":"transform-regenerator","visitor":{"ObjectMethod":{"enter":[null],"exit":[null]},"ClassMethod":{"enter":[null],"exit":[null]},"ClassPrivateMethod":{"enter":[null],"exit":[null]},"FunctionDeclaration":{"exit":[null]},"FunctionExpression":{"exit":[null]},"ArrowFunctionExpression":{"exit":[null]},"MemberExpression":{"enter":[null]},"_exploded":true,"_verified":true},"options":{},"externalDependencies":[]}],"presets":[],"generatorOpts":{"filename":"/home/ani/Mergerware_assignment/Mererware_meteor/Mergerware_loanify/imports/ui/components/DisplayContainers/LayoutView/LayoutView.js","comments":true,"compact":false,"sourceMaps":true,"sourceFileName":"imports/ui/components/DisplayContainers/LayoutView/LayoutView.js","inputSourceMap":{"version":3,"names":["React","Component","Logo","Menu","Layout","Icon","styles","NavLink","connect","Header","Content","Sider","LayoutView","state","current","componentDidMount","handleClick","e","console","log","setState","key","menuOnClick","item","render","SubMenu","containerClass","Container","logo","lineHeight","props","isAuthenticated","background","height","userRoleAdmin","userRoleModerator","padding","children","mapStateToProps","auth","access_token","generalSettings","user_role_admin","user_role_moderator","userRoleStandard","user_role_standard"],"sources":["imports/ui/components/DisplayContainers/LayoutView/LayoutView.js"],"sourcesContent":["import React, { Component } from 'react';\nimport Logo from '../../../assets/logo.png';\nimport { Menu, Layout, Icon } from 'antd';\nimport styles from './LayoutView.module.css';\nimport { NavLink } from 'react-router-dom';\nimport { connect } from 'react-redux';\nconst { Header, Content, Sider } = Layout;\n\nclass LayoutView extends Component {\n    state = {\n        current: 'speedboat-request',\n    };\n\n\n    componentDidMount() {\n\n    }\n\n    handleClick = e => {\n        console.log('click ', e);\n        this.setState({\n            current: e.key,\n        });\n\n    };\n\n    menuOnClick = (item) => {\n        console.log(item.key)\n    }\n\n    render() {\n        const { SubMenu } = Menu;\n\n        let containerClass = styles.Container;\n        let logo=\"http://fina.mv/storage/logos/logo.png\";\n\n        return (\n            <Layout className={containerClass}>\n                <Header\n                    theme=\"light\"\n                >\n                    <img className={styles.Logo} src={logo} alt=\"MyBurger\"></img>\n\n                    <Menu\n                        theme=\"dark\"\n                        mode=\"horizontal\"\n                        defaultSelectedKeys={['2']}\n                        style={{ lineHeight: '64px' }}\n                        onClick={this.handleClick}\n                    >\n                        {!this.props.isAuthenticated\n                        ? <Menu.Item key=\"login\">\n                            <NavLink\n                                to='/login'\n                                exact\n                            >\n                                Login\n                            </NavLink>\n                        </Menu.Item>\n                        : <Menu.Item key=\"logout\">\n                            <NavLink\n                                to='/logout'\n                                exact\n                            >\n                                Logout\n                            </NavLink>\n                        </Menu.Item>\n                        }\n                    </Menu>\n                </Header>\n                <Layout>\n                    <Sider width={250} collapsible={true} style={{ background: '#AAAAAA' }} breakpoint=\"lg\" collapsedWidth=\"0\">\n                        <Menu\n                            mode=\"inline\"\n                            defaultSelectedKeys={['1']}\n                            defaultOpenKeys={['sub1']}\n                            style={{ height: '100%' }}\n                            onClick={this.menuOnClick}\n                        >\n                            <SubMenu\n                                key=\"accounts\"\n                                title={\n                                    <span><Icon type=\"bank\" />Accounts</span>\n                                }\n                            >\n                                <Menu.Item key=\"accountsOverview\">\n                                    <NavLink to='/accounts/overview' exact >Overview</NavLink>\n                                </Menu.Item>\n                                {(this.props.userRoleAdmin==1 || this.props.userRoleModerator==1) &&\n                                <Menu.Item key=\"accountsCreateAccount\">\n                                    <NavLink to='/accounts/create' exact >Create Account</NavLink>\n                                </Menu.Item>\n                                }\n                                <Menu.Item key=\"accountsMasterSheet\">\n                                    <NavLink to='/accounts/master-sheet' exact >Master Sheet</NavLink>\n                                </Menu.Item>\n                            </SubMenu>\n                            <SubMenu\n                                key=\"reports\"\n                                title={\n                                    <span><Icon type=\"container\" />Reports</span>\n                                }\n                            >\n                                <Menu.Item key=\"reportsAccountStatement\">\n                                    <NavLink to=\"/reports/account-statement\" exact>\n                                        Account Statement\n                                    </NavLink>\n                                </Menu.Item>\n                                <Menu.Item key=\"reportsAllAccountsStatement\">\n                                    <NavLink to=\"/reports/all-accounts-statement\" exact>\n                                        All Accounts Statement\n                                    </NavLink>\n                                </Menu.Item>\n                                <Menu.Item key=\"reportsLoansIssued\">\n                                    <NavLink to=\"/reports/borrowings-issued-report\" exact>\n                                        Borrowings Issued Report\n                                    </NavLink>\n                                </Menu.Item>\n\n                                <Menu.Item key=\"reportsDuesReport\">\n                                    <NavLink to=\"/reports/dues-report\" exact>\n                                        Dues Report\n                                    </NavLink>\n                                </Menu.Item>\n                                <Menu.Item key=\"reportsAllAccountsDuesReport\">\n                                    <NavLink to=\"/reports/all-accounts-dues-report\" exact>\n                                        All Accounts Dues Report\n                                    </NavLink>\n                                </Menu.Item>\n                            </SubMenu>\n                            <SubMenu\n                                key=\"users\"\n                                title={\n                                    <span><Icon type=\"user\" />User Management</span>\n                                }\n                            >\n                                <Menu.Item key=\"UsersAllUsers\">\n                                    <NavLink to=\"/users/all\" exact>\n                                        All Users\n                                    </NavLink>\n                                </Menu.Item>\n\n                                {(this.props.userRoleAdmin==1 || this.props.userRoleModerator==1) &&\n                                <Menu.Item key=\"UsersCreateUsers\">\n                                    <NavLink to=\"/users/create\" exact>\n                                        Create User\n                                    </NavLink>\n                                </Menu.Item>\n                                }\n                            </SubMenu>\n                            <SubMenu\n                                key=\"configuration\"\n                                title={\n                                    <span><Icon type=\"control\" />Configuration</span>\n                                }\n                            >\n                                <Menu.Item key=\"configurationGeneralSettings\">\n                                    <NavLink to=\"/settings/general\" exact>\n                                        General Settings\n                                    </NavLink>\n                                </Menu.Item>\n                            </SubMenu>\n                        </Menu>\n                    </Sider>\n\n                    <Content style={{ padding: '50px 50px' }}>\n                        {this.props.children}\n                    </Content>\n\n                </Layout>\n            </Layout>\n        );\n    }\n}\n\nconst mapStateToProps = (state) => {\n    return {\n        isAuthenticated: state.auth.access_token !== null,\n        generalSettings:state.generalSettings.generalSettings,\n        userRoleAdmin: state.auth.user_role_admin,\n        userRoleModerator: state.auth.user_role_moderator,\n        userRoleStandard: state.auth.user_role_standard,\n    }\n}\nexport default connect(mapStateToProps)(LayoutView);\n"],"mappings":";AAAA,OAAOA,KAAK,IAAIC,SAAS,QAAQ,OAAO;AACxC,OAAOC,IAAI,MAAM,0BAA0B;AAC3C,SAASC,IAAI,EAAEC,MAAM,EAAEC,IAAI,QAAQ,MAAM;AACzC,OAAOC,MAAM,MAAM,yBAAyB;AAC5C,SAASC,OAAO,QAAQ,kBAAkB;AAC1C,SAASC,OAAO,QAAQ,aAAa;AACrC,MAAM;EAAEC,MAAM;EAAEC,OAAO;EAAEC;AAAM,CAAC,GAAGP,MAAM;AAEzC,MAAMQ,UAAU,SAASX,SAAS,CAAC;EAC/BY,KAAK,GAAG;IACJC,OAAO,EAAE;EACb,CAAC;EAGDC,iBAAiBA,CAAA,EAAG,CAEpB;EAEAC,WAAW,GAAGC,CAAC,IAAI;IACfC,OAAO,CAACC,GAAG,CAAC,QAAQ,EAAEF,CAAC,CAAC;IACxB,IAAI,CAACG,QAAQ,CAAC;MACVN,OAAO,EAAEG,CAAC,CAACI;IACf,CAAC,CAAC;EAEN,CAAC;EAEDC,WAAW,GAAIC,IAAI,IAAK;IACpBL,OAAO,CAACC,GAAG,CAACI,IAAI,CAACF,GAAG,CAAC;EACzB,CAAC;EAEDG,MAAMA,CAAA,EAAG;IACL,MAAM;MAAEC;IAAQ,CAAC,GAAGtB,IAAI;IAExB,IAAIuB,cAAc,GAAGpB,MAAM,CAACqB,SAAS;IACrC,IAAIC,IAAI,GAAC,uCAAuC;IAEhD,OACI,CAAC,MAAM,CAAC,SAAS,CAAC,CAACF,cAAc,CAAC;AAC9C,gBAAgB,CAAC,MAAM,CACH,KAAK,CAAC,OAAO;AAEjC,oBAAoB,CAAC,GAAG,CAAC,SAAS,CAAC,CAACpB,MAAM,CAACJ,IAAI,CAAC,CAAC,GAAG,CAAC,CAAC0B,IAAI,CAAC,CAAC,GAAG,CAAC,UAAU,CAAC,EAAE,GAAG;AAChF;AACA,oBAAoB,CAAC,IAAI,CACD,KAAK,CAAC,MAAM,CACZ,IAAI,CAAC,YAAY,CACjB,mBAAmB,CAAC,CAAC,CAAC,GAAG,CAAC,CAAC,CAC3B,KAAK,CAAC,CAAC;UAAEC,UAAU,EAAE;QAAO,CAAC,CAAC,CAC9B,OAAO,CAAC,CAAC,IAAI,CAACb,WAAW,CAAC;AAElD,wBAAwB,CAAC,CAAC,IAAI,CAACc,KAAK,CAACC,eAAe,GAC1B,CAAC,IAAI,CAAC,IAAI,CAAC,GAAG,CAAC,OAAO;AAChD,4BAA4B,CAAC,OAAO,CACJ,EAAE,CAAC,QAAQ,CACX,KAAK;AAErC;AACA,4BAA4B,EAAE,OAAO;AACrC,wBAAwB,EAAE,IAAI,CAAC,IAAI,CAAC,GACV,CAAC,IAAI,CAAC,IAAI,CAAC,GAAG,CAAC,QAAQ;AACjD,4BAA4B,CAAC,OAAO,CACJ,EAAE,CAAC,SAAS,CACZ,KAAK;AAErC;AACA,4BAA4B,EAAE,OAAO;AACrC,wBAAwB,EAAE,IAAI,CAAC,IAAI,CAAC;AAEpC,oBAAoB,EAAE,IAAI;AAC1B,gBAAgB,EAAE,MAAM;AACxB,gBAAgB,CAAC,MAAM;AACvB,oBAAoB,CAAC,KAAK,CAAC,KAAK,CAAC,CAAC,GAAG,CAAC,CAAC,WAAW,CAAC,CAAC,IAAI,CAAC,CAAC,KAAK,CAAC,CAAC;UAAEC,UAAU,EAAE;QAAU,CAAC,CAAC,CAAC,UAAU,CAAC,IAAI,CAAC,cAAc,CAAC,GAAG;AAC9H,wBAAwB,CAAC,IAAI,CACD,IAAI,CAAC,QAAQ,CACb,mBAAmB,CAAC,CAAC,CAAC,GAAG,CAAC,CAAC,CAC3B,eAAe,CAAC,CAAC,CAAC,MAAM,CAAC,CAAC,CAC1B,KAAK,CAAC,CAAC;YAAEC,MAAM,EAAE;UAAO,CAAC,CAAC,CAC1B,OAAO,CAAC,CAAC,IAAI,CAACX,WAAW,CAAC;AAEtD,4BAA4B,CAAC,OAAO,CACJ,GAAG,CAAC,UAAU,CACd,KAAK,CAAC,CACF,CAAC,IAAI,CAAC,CAAC,IAAI,CAAC,IAAI,CAAC,MAAM,GAAG,QAAQ,EAAE,IAAI,CAAC,CAC5C;AAEjC,gCAAgC,CAAC,IAAI,CAAC,IAAI,CAAC,GAAG,CAAC,kBAAkB;AACjE,oCAAoC,CAAC,OAAO,CAAC,EAAE,CAAC,oBAAoB,CAAC,KAAK,CAAE,QAAQ,EAAE,OAAO;AAC7F,gCAAgC,EAAE,IAAI,CAAC,IAAI;AAC3C,gCAAgC,CAAC,CAAC,IAAI,CAACQ,KAAK,CAACI,aAAa,IAAE,CAAC,IAAI,IAAI,CAACJ,KAAK,CAACK,iBAAiB,IAAE,CAAC,KAChE,CAAC,IAAI,CAAC,IAAI,CAAC,GAAG,CAAC,uBAAuB;AACtE,oCAAoC,CAAC,OAAO,CAAC,EAAE,CAAC,kBAAkB,CAAC,KAAK,CAAE,cAAc,EAAE,OAAO;AACjG,gCAAgC,EAAE,IAAI,CAAC,IAAI,CAAC;AAE5C,gCAAgC,CAAC,IAAI,CAAC,IAAI,CAAC,GAAG,CAAC,qBAAqB;AACpE,oCAAoC,CAAC,OAAO,CAAC,EAAE,CAAC,wBAAwB,CAAC,KAAK,CAAE,YAAY,EAAE,OAAO;AACrG,gCAAgC,EAAE,IAAI,CAAC,IAAI;AAC3C,4BAA4B,EAAE,OAAO;AACrC,4BAA4B,CAAC,OAAO,CACJ,GAAG,CAAC,SAAS,CACb,KAAK,CAAC,CACF,CAAC,IAAI,CAAC,CAAC,IAAI,CAAC,IAAI,CAAC,WAAW,GAAG,OAAO,EAAE,IAAI,CAAC,CAChD;AAEjC,gCAAgC,CAAC,IAAI,CAAC,IAAI,CAAC,GAAG,CAAC,yBAAyB;AACxE,oCAAoC,CAAC,OAAO,CAAC,EAAE,CAAC,4BAA4B,CAAC,KAAK;AAClF;AACA,oCAAoC,EAAE,OAAO;AAC7C,gCAAgC,EAAE,IAAI,CAAC,IAAI;AAC3C,gCAAgC,CAAC,IAAI,CAAC,IAAI,CAAC,GAAG,CAAC,6BAA6B;AAC5E,oCAAoC,CAAC,OAAO,CAAC,EAAE,CAAC,iCAAiC,CAAC,KAAK;AACvF;AACA,oCAAoC,EAAE,OAAO;AAC7C,gCAAgC,EAAE,IAAI,CAAC,IAAI;AAC3C,gCAAgC,CAAC,IAAI,CAAC,IAAI,CAAC,GAAG,CAAC,oBAAoB;AACnE,oCAAoC,CAAC,OAAO,CAAC,EAAE,CAAC,mCAAmC,CAAC,KAAK;AACzF;AACA,oCAAoC,EAAE,OAAO;AAC7C,gCAAgC,EAAE,IAAI,CAAC,IAAI;AAC3C;AACA,gCAAgC,CAAC,IAAI,CAAC,IAAI,CAAC,GAAG,CAAC,mBAAmB;AAClE,oCAAoC,CAAC,OAAO,CAAC,EAAE,CAAC,sBAAsB,CAAC,KAAK;AAC5E;AACA,oCAAoC,EAAE,OAAO;AAC7C,gCAAgC,EAAE,IAAI,CAAC,IAAI;AAC3C,gCAAgC,CAAC,IAAI,CAAC,IAAI,CAAC,GAAG,CAAC,8BAA8B;AAC7E,oCAAoC,CAAC,OAAO,CAAC,EAAE,CAAC,mCAAmC,CAAC,KAAK;AACzF;AACA,oCAAoC,EAAE,OAAO;AAC7C,gCAAgC,EAAE,IAAI,CAAC,IAAI;AAC3C,4BAA4B,EAAE,OAAO;AACrC,4BAA4B,CAAC,OAAO,CACJ,GAAG,CAAC,OAAO,CACX,KAAK,CAAC,CACF,CAAC,IAAI,CAAC,CAAC,IAAI,CAAC,IAAI,CAAC,MAAM,GAAG,eAAe,EAAE,IAAI,CAAC,CACnD;AAEjC,gCAAgC,CAAC,IAAI,CAAC,IAAI,CAAC,GAAG,CAAC,eAAe;AAC9D,oCAAoC,CAAC,OAAO,CAAC,EAAE,CAAC,YAAY,CAAC,KAAK;AAClE;AACA,oCAAoC,EAAE,OAAO;AAC7C,gCAAgC,EAAE,IAAI,CAAC,IAAI;AAC3C;AACA,gCAAgC,CAAC,CAAC,IAAI,CAACL,KAAK,CAACI,aAAa,IAAE,CAAC,IAAI,IAAI,CAACJ,KAAK,CAACK,iBAAiB,IAAE,CAAC,KAChE,CAAC,IAAI,CAAC,IAAI,CAAC,GAAG,CAAC,kBAAkB;AACjE,oCAAoC,CAAC,OAAO,CAAC,EAAE,CAAC,eAAe,CAAC,KAAK;AACrE;AACA,oCAAoC,EAAE,OAAO;AAC7C,gCAAgC,EAAE,IAAI,CAAC,IAAI,CAAC;AAE5C,4BAA4B,EAAE,OAAO;AACrC,4BAA4B,CAAC,OAAO,CACJ,GAAG,CAAC,eAAe,CACnB,KAAK,CAAC,CACF,CAAC,IAAI,CAAC,CAAC,IAAI,CAAC,IAAI,CAAC,SAAS,GAAG,aAAa,EAAE,IAAI,CAAC,CACpD;AAEjC,gCAAgC,CAAC,IAAI,CAAC,IAAI,CAAC,GAAG,CAAC,8BAA8B;AAC7E,oCAAoC,CAAC,OAAO,CAAC,EAAE,CAAC,mBAAmB,CAAC,KAAK;AACzE;AACA,oCAAoC,EAAE,OAAO;AAC7C,gCAAgC,EAAE,IAAI,CAAC,IAAI;AAC3C,4BAA4B,EAAE,OAAO;AACrC,wBAAwB,EAAE,IAAI;AAC9B,oBAAoB,EAAE,KAAK;AAC3B;AACA,oBAAoB,CAAC,OAAO,CAAC,KAAK,CAAC,CAAC;UAAEC,OAAO,EAAE;QAAY,CAAC,CAAC;AAC7D,wBAAwB,CAAC,IAAI,CAACN,KAAK,CAACO,QAAQ;AAC5C,oBAAoB,EAAE,OAAO;AAC7B;AACA,gBAAgB,EAAE,MAAM;AACxB,YAAY,EAAE,MAAM,CAAC;EAEjB;AACJ;AAEA,MAAMC,eAAe,GAAIzB,KAAK,IAAK;EAC/B,OAAO;IACHkB,eAAe,EAAElB,KAAK,CAAC0B,IAAI,CAACC,YAAY,KAAK,IAAI;IACjDC,eAAe,EAAC5B,KAAK,CAAC4B,eAAe,CAACA,eAAe;IACrDP,aAAa,EAAErB,KAAK,CAAC0B,IAAI,CAACG,eAAe;IACzCP,iBAAiB,EAAEtB,KAAK,CAAC0B,IAAI,CAACI,mBAAmB;IACjDC,gBAAgB,EAAE/B,KAAK,CAAC0B,IAAI,CAACM;EACjC,CAAC;AACL,CAAC;AACD,eAAerC,OAAO,CAAC8B,eAAe,CAAC,CAAC1B,UAAU,CAAC"}}},"code":"!function (module1) {\n  var _inheritsLoose;\n  module1.link(\"@babel/runtime/helpers/inheritsLoose\", {\n    default: function (v) {\n      _inheritsLoose = v;\n    }\n  }, 0);\n  var React, Component;\n  module1.link(\"react\", {\n    \"default\": function (v) {\n      React = v;\n    },\n    Component: function (v) {\n      Component = v;\n    }\n  }, 0);\n  var Logo;\n  module1.link(\"../../../assets/logo.png\", {\n    \"default\": function (v) {\n      Logo = v;\n    }\n  }, 1);\n  var Menu, Layout, Icon;\n  module1.link(\"antd\", {\n    Menu: function (v) {\n      Menu = v;\n    },\n    Layout: function (v) {\n      Layout = v;\n    },\n    Icon: function (v) {\n      Icon = v;\n    }\n  }, 2);\n  var styles;\n  module1.link(\"./LayoutView.module.css\", {\n    \"default\": function (v) {\n      styles = v;\n    }\n  }, 3);\n  var NavLink;\n  module1.link(\"react-router-dom\", {\n    NavLink: function (v) {\n      NavLink = v;\n    }\n  }, 4);\n  var connect;\n  module1.link(\"react-redux\", {\n    connect: function (v) {\n      connect = v;\n    }\n  }, 5);\n  ___INIT_METEOR_FAST_REFRESH(module);\n  var _Layout = Layout,\n    Header = _Layout.Header,\n    Content = _Layout.Content,\n    Sider = _Layout.Sider;\n  var LayoutView = /*#__PURE__*/function (_Component) {\n    _inheritsLoose(LayoutView, _Component);\n    function LayoutView() {\n      var _this;\n      for (var _len = arguments.length, args = new Array(_len), _key = 0; _key < _len; _key++) {\n        args[_key] = arguments[_key];\n      }\n      _this = _Component.call.apply(_Component, [this].concat(args)) || this;\n      _this.state = {\n        current: 'speedboat-request'\n      };\n      _this.handleClick = function (e) {\n        console.log('click ', e);\n        _this.setState({\n          current: e.key\n        });\n      };\n      _this.menuOnClick = function (item) {\n        console.log(item.key);\n      };\n      return _this;\n    }\n    var _proto = LayoutView.prototype;\n    _proto.componentDidMount = function () {\n      function componentDidMount() {}\n      return componentDidMount;\n    }();\n    _proto.render = function () {\n      function render() {\n        var _Menu = Menu,\n          SubMenu = _Menu.SubMenu;\n        var containerClass = styles.Container;\n        var logo = \"http://fina.mv/storage/logos/logo.png\";\n        return /*#__PURE__*/React.createElement(Layout, {\n          className: containerClass\n        }, /*#__PURE__*/React.createElement(Header, {\n          theme: \"light\"\n        }, /*#__PURE__*/React.createElement(\"img\", {\n          className: styles.Logo,\n          src: logo,\n          alt: \"MyBurger\"\n        }), /*#__PURE__*/React.createElement(Menu, {\n          theme: \"dark\",\n          mode: \"horizontal\",\n          defaultSelectedKeys: ['2'],\n          style: {\n            lineHeight: '64px'\n          },\n          onClick: this.handleClick\n        }, !this.props.isAuthenticated ? /*#__PURE__*/React.createElement(Menu.Item, {\n          key: \"login\"\n        }, /*#__PURE__*/React.createElement(NavLink, {\n          to: \"/login\",\n          exact: true\n        }, \"Login\")) : /*#__PURE__*/React.createElement(Menu.Item, {\n          key: \"logout\"\n        }, /*#__PURE__*/React.createElement(NavLink, {\n          to: \"/logout\",\n          exact: true\n        }, \"Logout\")))), /*#__PURE__*/React.createElement(Layout, null, /*#__PURE__*/React.createElement(Sider, {\n          width: 250,\n          collapsible: true,\n          style: {\n            background: '#AAAAAA'\n          },\n          breakpoint: \"lg\",\n          collapsedWidth: \"0\"\n        }, /*#__PURE__*/React.createElement(Menu, {\n          mode: \"inline\",\n          defaultSelectedKeys: ['1'],\n          defaultOpenKeys: ['sub1'],\n          style: {\n            height: '100%'\n          },\n          onClick: this.menuOnClick\n        }, /*#__PURE__*/React.createElement(SubMenu, {\n          key: \"accounts\",\n          title: /*#__PURE__*/React.createElement(\"span\", null, /*#__PURE__*/React.createElement(Icon, {\n            type: \"bank\"\n          }), \"Accounts\")\n        }, /*#__PURE__*/React.createElement(Menu.Item, {\n          key: \"accountsOverview\"\n        }, /*#__PURE__*/React.createElement(NavLink, {\n          to: \"/accounts/overview\",\n          exact: true\n        }, \"Overview\")), (this.props.userRoleAdmin == 1 || this.props.userRoleModerator == 1) && /*#__PURE__*/React.createElement(Menu.Item, {\n          key: \"accountsCreateAccount\"\n        }, /*#__PURE__*/React.createElement(NavLink, {\n          to: \"/accounts/create\",\n          exact: true\n        }, \"Create Account\")), /*#__PURE__*/React.createElement(Menu.Item, {\n          key: \"accountsMasterSheet\"\n        }, /*#__PURE__*/React.createElement(NavLink, {\n          to: \"/accounts/master-sheet\",\n          exact: true\n        }, \"Master Sheet\"))), /*#__PURE__*/React.createElement(SubMenu, {\n          key: \"reports\",\n          title: /*#__PURE__*/React.createElement(\"span\", null, /*#__PURE__*/React.createElement(Icon, {\n            type: \"container\"\n          }), \"Reports\")\n        }, /*#__PURE__*/React.createElement(Menu.Item, {\n          key: \"reportsAccountStatement\"\n        }, /*#__PURE__*/React.createElement(NavLink, {\n          to: \"/reports/account-statement\",\n          exact: true\n        }, \"Account Statement\")), /*#__PURE__*/React.createElement(Menu.Item, {\n          key: \"reportsAllAccountsStatement\"\n        }, /*#__PURE__*/React.createElement(NavLink, {\n          to: \"/reports/all-accounts-statement\",\n          exact: true\n        }, \"All Accounts Statement\")), /*#__PURE__*/React.createElement(Menu.Item, {\n          key: \"reportsLoansIssued\"\n        }, /*#__PURE__*/React.createElement(NavLink, {\n          to: \"/reports/borrowings-issued-report\",\n          exact: true\n        }, \"Borrowings Issued Report\")), /*#__PURE__*/React.createElement(Menu.Item, {\n          key: \"reportsDuesReport\"\n        }, /*#__PURE__*/React.createElement(NavLink, {\n          to: \"/reports/dues-report\",\n          exact: true\n        }, \"Dues Report\")), /*#__PURE__*/React.createElement(Menu.Item, {\n          key: \"reportsAllAccountsDuesReport\"\n        }, /*#__PURE__*/React.createElement(NavLink, {\n          to: \"/reports/all-accounts-dues-report\",\n          exact: true\n        }, \"All Accounts Dues Report\"))), /*#__PURE__*/React.createElement(SubMenu, {\n          key: \"users\",\n          title: /*#__PURE__*/React.createElement(\"span\", null, /*#__PURE__*/React.createElement(Icon, {\n            type: \"user\"\n          }), \"User Management\")\n        }, /*#__PURE__*/React.createElement(Menu.Item, {\n          key: \"UsersAllUsers\"\n        }, /*#__PURE__*/React.createElement(NavLink, {\n          to: \"/users/all\",\n          exact: true\n        }, \"All Users\")), (this.props.userRoleAdmin == 1 || this.props.userRoleModerator == 1) && /*#__PURE__*/React.createElement(Menu.Item, {\n          key: \"UsersCreateUsers\"\n        }, /*#__PURE__*/React.createElement(NavLink, {\n          to: \"/users/create\",\n          exact: true\n        }, \"Create User\"))), /*#__PURE__*/React.createElement(SubMenu, {\n          key: \"configuration\",\n          title: /*#__PURE__*/React.createElement(\"span\", null, /*#__PURE__*/React.createElement(Icon, {\n            type: \"control\"\n          }), \"Configuration\")\n        }, /*#__PURE__*/React.createElement(Menu.Item, {\n          key: \"configurationGeneralSettings\"\n        }, /*#__PURE__*/React.createElement(NavLink, {\n          to: \"/settings/general\",\n          exact: true\n        }, \"General Settings\"))))), /*#__PURE__*/React.createElement(Content, {\n          style: {\n            padding: '50px 50px'\n          }\n        }, this.props.children)));\n      }\n      return render;\n    }();\n    return LayoutView;\n  }(Component);\n  var mapStateToProps = function (state) {\n    return {\n      isAuthenticated: state.auth.access_token !== null,\n      generalSettings: state.generalSettings.generalSettings,\n      userRoleAdmin: state.auth.user_role_admin,\n      userRoleModerator: state.auth.user_role_moderator,\n      userRoleStandard: state.auth.user_role_standard\n    };\n  };\n  module1.exportDefault(connect(mapStateToProps)(LayoutView));\n}.call(this, module);","map":{"version":3,"names":["_Layout","Layout","Header","Content","Sider","LayoutView","_Component","_inheritsLoose","_this","_len","arguments","length","args","Array","_key","call","apply","concat","state","current","handleClick","e","console","log","setState","key","menuOnClick","item","_proto","prototype","componentDidMount","render","_Menu","Menu","SubMenu","containerClass","styles","Container","logo","React","createElement","className","theme","Logo","src","alt","mode","defaultSelectedKeys","style","lineHeight","onClick","props","isAuthenticated","Item","NavLink","to","exact","width","collapsible","background","breakpoint","collapsedWidth","defaultOpenKeys","height","title","Icon","type","userRoleAdmin","userRoleModerator","padding","children","Component","mapStateToProps","auth","access_token","generalSettings","user_role_admin","user_role_moderator","userRoleStandard","user_role_standard","connect"],"sources":["imports/ui/components/DisplayContainers/LayoutView/LayoutView.js"],"sourcesContent":["import React, { Component } from 'react';\nimport Logo from '../../../assets/logo.png';\nimport { Menu, Layout, Icon } from 'antd';\nimport styles from './LayoutView.module.css';\nimport { NavLink } from 'react-router-dom';\nimport { connect } from 'react-redux';\nconst { Header, Content, Sider } = Layout;\n\nclass LayoutView extends Component {\n    state = {\n        current: 'speedboat-request',\n    };\n\n\n    componentDidMount() {\n\n    }\n\n    handleClick = e => {\n        console.log('click ', e);\n        this.setState({\n            current: e.key,\n        });\n\n    };\n\n    menuOnClick = (item) => {\n        console.log(item.key)\n    }\n\n    render() {\n        const { SubMenu } = Menu;\n\n        let containerClass = styles.Container;\n        let logo=\"http://fina.mv/storage/logos/logo.png\";\n\n        return (\n            <Layout className={containerClass}>\n                <Header\n                    theme=\"light\"\n                >\n                    <img className={styles.Logo} src={logo} alt=\"MyBurger\"></img>\n\n                    <Menu\n                        theme=\"dark\"\n                        mode=\"horizontal\"\n                        defaultSelectedKeys={['2']}\n                        style={{ lineHeight: '64px' }}\n                        onClick={this.handleClick}\n                    >\n                        {!this.props.isAuthenticated\n                        ? <Menu.Item key=\"login\">\n                            <NavLink\n                                to='/login'\n                                exact\n                            >\n                                Login\n                            </NavLink>\n                        </Menu.Item>\n                        : <Menu.Item key=\"logout\">\n                            <NavLink\n                                to='/logout'\n                                exact\n                            >\n                                Logout\n                            </NavLink>\n                        </Menu.Item>\n                        }\n                    </Menu>\n                </Header>\n                <Layout>\n                    <Sider width={250} collapsible={true} style={{ background: '#AAAAAA' }} breakpoint=\"lg\" collapsedWidth=\"0\">\n                        <Menu\n                            mode=\"inline\"\n                            defaultSelectedKeys={['1']}\n                            defaultOpenKeys={['sub1']}\n                            style={{ height: '100%' }}\n                            onClick={this.menuOnClick}\n                        >\n                            <SubMenu\n                                key=\"accounts\"\n                                title={\n                                    <span><Icon type=\"bank\" />Accounts</span>\n                                }\n                            >\n                                <Menu.Item key=\"accountsOverview\">\n                                    <NavLink to='/accounts/overview' exact >Overview</NavLink>\n                                </Menu.Item>\n                                {(this.props.userRoleAdmin==1 || this.props.userRoleModerator==1) &&\n                                <Menu.Item key=\"accountsCreateAccount\">\n                                    <NavLink to='/accounts/create' exact >Create Account</NavLink>\n                                </Menu.Item>\n                                }\n                                <Menu.Item key=\"accountsMasterSheet\">\n                                    <NavLink to='/accounts/master-sheet' exact >Master Sheet</NavLink>\n                                </Menu.Item>\n                            </SubMenu>\n                            <SubMenu\n                                key=\"reports\"\n                                title={\n                                    <span><Icon type=\"container\" />Reports</span>\n                                }\n                            >\n                                <Menu.Item key=\"reportsAccountStatement\">\n                                    <NavLink to=\"/reports/account-statement\" exact>\n                                        Account Statement\n                                    </NavLink>\n                                </Menu.Item>\n                                <Menu.Item key=\"reportsAllAccountsStatement\">\n                                    <NavLink to=\"/reports/all-accounts-statement\" exact>\n                                        All Accounts Statement\n                                    </NavLink>\n                                </Menu.Item>\n                                <Menu.Item key=\"reportsLoansIssued\">\n                                    <NavLink to=\"/reports/borrowings-issued-report\" exact>\n                                        Borrowings Issued Report\n                                    </NavLink>\n                                </Menu.Item>\n\n                                <Menu.Item key=\"reportsDuesReport\">\n                                    <NavLink to=\"/reports/dues-report\" exact>\n                                        Dues Report\n                                    </NavLink>\n                                </Menu.Item>\n                                <Menu.Item key=\"reportsAllAccountsDuesReport\">\n                                    <NavLink to=\"/reports/all-accounts-dues-report\" exact>\n                                        All Accounts Dues Report\n                                    </NavLink>\n                                </Menu.Item>\n                            </SubMenu>\n                            <SubMenu\n                                key=\"users\"\n                                title={\n                                    <span><Icon type=\"user\" />User Management</span>\n                                }\n                            >\n                                <Menu.Item key=\"UsersAllUsers\">\n                                    <NavLink to=\"/users/all\" exact>\n                                        All Users\n                                    </NavLink>\n                                </Menu.Item>\n\n                                {(this.props.userRoleAdmin==1 || this.props.userRoleModerator==1) &&\n                                <Menu.Item key=\"UsersCreateUsers\">\n                                    <NavLink to=\"/users/create\" exact>\n                                        Create User\n                                    </NavLink>\n                                </Menu.Item>\n                                }\n                            </SubMenu>\n                            <SubMenu\n                                key=\"configuration\"\n                                title={\n                                    <span><Icon type=\"control\" />Configuration</span>\n                                }\n                            >\n                                <Menu.Item key=\"configurationGeneralSettings\">\n                                    <NavLink to=\"/settings/general\" exact>\n                                        General Settings\n                                    </NavLink>\n                                </Menu.Item>\n                            </SubMenu>\n                        </Menu>\n                    </Sider>\n\n                    <Content style={{ padding: '50px 50px' }}>\n                        {this.props.children}\n                    </Content>\n\n                </Layout>\n            </Layout>\n        );\n    }\n}\n\nconst mapStateToProps = (state) => {\n    return {\n        isAuthenticated: state.auth.access_token !== null,\n        generalSettings:state.generalSettings.generalSettings,\n        userRoleAdmin: state.auth.user_role_admin,\n        userRoleModerator: state.auth.user_role_moderator,\n        userRoleStandard: state.auth.user_role_standard,\n    }\n}\nexport default connect(mapStateToProps)(LayoutView);\n"],"mappings":";;;;;;;;;;;;;;;;;;;;;;;;;;;;;;;;;;;;;;;;;;;;;;;;;;;;;EAMA,IAAAA,OAAA,GAAmCC,MAAM;IAAjCC,MAAM,GAAAF,OAAA,CAANE,MAAM;IAAEC,OAAO,GAAAH,OAAA,CAAPG,OAAO;IAAEC,KAAA,GAAAJ,OAAA,CAAAI,KAAA;EAAgB,IAEnCC,UAAU,0BAAAC,UAAA;IAAAC,cAAA,CAAAF,UAAA,EAAAC,UAAA;IAAA,SAAAD,WAAA;MAAA,IAAAG,KAAA;MAAA,SAAAC,IAAA,GAAAC,SAAA,CAAAC,MAAA,EAAAC,IAAA,OAAAC,KAAA,CAAAJ,IAAA,GAAAK,IAAA,MAAAA,IAAA,GAAAL,IAAA,EAAAK,IAAA;QAAAF,IAAA,CAAAE,IAAA,IAAAJ,SAAA,CAAAI,IAAA;MAAA;MAAAN,KAAA,GAAAF,UAAA,CAAAS,IAAA,CAAAC,KAAA,CAAAV,UAAA,SAAAW,MAAA,CAAAL,IAAA;MAAAJ,KAAA,CACZU,KAAK,GAAG;QACJC,OAAO,EAAE;MACb,CAAC;MAAAX,KAAA,CAODY,WAAW,GAAG,UAAAC,CAAC,EAAI;QACfC,OAAO,CAACC,GAAG,CAAC,QAAQ,EAAEF,CAAC,CAAC;QACxBb,KAAA,CAAKgB,QAAQ,CAAC;UACVL,OAAO,EAAEE,CAAC,CAACI;QACf,CAAC,CAAC;MAEN,CAAC;MAAAjB,KAAA,CAEDkB,WAAW,GAAI,UAAAC,IAAI,EAAK;QACpBL,OAAO,CAACC,GAAG,CAACI,IAAI,CAACF,GAAG,CAAC;MACzB,CAAC;MAAA,OAAAjB,KAAA;IAAA;IAAA,IAAAoB,MAAA,GAAAvB,UAAA,CAAAwB,SAAA;IAAAD,MAAA,CAdDE,iBAAiB;MAAjB,SAAAA,kBAAA,EAAoB,CAEpB;MAAA,OAAAA,iBAAA;IAAA;IAAAF,MAAA,CAcAG,MAAM;MAAN,SAAAA,OAAA,EAAS;QACL,IAAAC,KAAA,GAAoBC,IAAI;UAAhBC,OAAA,GAAAF,KAAA,CAAAE,OAAA;QAER,IAAIC,cAAc,GAAGC,MAAM,CAACC,SAAS;QACrC,IAAIC,IAAI,GAAC,uCAAuC;QAEhD,oBACIC,KAAA,CAAAC,aAAA,CAACvC,MAAM;UAACwC,SAAS,EAAEN;QAAe,gBAC9BI,KAAA,CAAAC,aAAA,CAACtC,MAAM;UACHwC,KAAK,EAAC;QAAO,gBAEbH,KAAA,CAAAC,aAAA;UAAKC,SAAS,EAAEL,MAAM,CAACO,IAAK;UAACC,GAAG,EAAEN,IAAK;UAACO,GAAG,EAAC;QAAU,CAAM,gBAE5DN,KAAA,CAAAC,aAAA,CAACP,IAAI;UACDS,KAAK,EAAC,MAAM;UACZI,IAAI,EAAC,YAAY;UACjBC,mBAAmB,EAAE,CAAC,GAAG,CAAE;UAC3BC,KAAK,EAAE;YAAEC,UAAU,EAAE;UAAO,CAAE;UAC9BC,OAAO,EAAE,IAAI,CAAC9B;QAAY,GAEzB,CAAC,IAAI,CAAC+B,KAAK,CAACC,eAAe,gBAC1Bb,KAAA,CAAAC,aAAA,CAACP,IAAI,CAACoB,IAAI;UAAC5B,GAAG,EAAC;QAAO,gBACpBc,KAAA,CAAAC,aAAA,CAACc,OAAO;UACJC,EAAE,EAAC,QAAQ;UACXC,KAAK;QAAA,UAGA,CACF,CAAC,gBACVjB,KAAA,CAAAC,aAAA,CAACP,IAAI,CAACoB,IAAI;UAAC5B,GAAG,EAAC;QAAQ,gBACrBc,KAAA,CAAAC,aAAA,CAACc,OAAO;UACJC,EAAE,EAAC,SAAS;UACZC,KAAK;QAAA,WAGA,CACF,CAET,CACF,gBACRjB,KAAA,CAAAC,aAAA,CAACvC,MAAM,qBACHsC,KAAA,CAAAC,aAAA,CAACpC,KAAK;UAACqD,KAAK,EAAE,GAAI;UAACC,WAAW,EAAE,IAAK;UAACV,KAAK,EAAE;YAAEW,UAAU,EAAE;UAAU,CAAE;UAACC,UAAU,EAAC,IAAI;UAACC,cAAc,EAAC;QAAG,gBACtGtB,KAAA,CAAAC,aAAA,CAACP,IAAI;UACDa,IAAI,EAAC,QAAQ;UACbC,mBAAmB,EAAE,CAAC,GAAG,CAAE;UAC3Be,eAAe,EAAE,CAAC,MAAM,CAAE;UAC1Bd,KAAK,EAAE;YAAEe,MAAM,EAAE;UAAO,CAAE;UAC1Bb,OAAO,EAAE,IAAI,CAACxB;QAAY,gBAE1Ba,KAAA,CAAAC,aAAA,CAACN,OAAO;UACJT,GAAG,EAAC,UAAU;UACduC,KAAK,eACDzB,KAAA,CAAAC,aAAA,4BAAMD,KAAA,CAAAC,aAAA,CAACyB,IAAI;YAACC,IAAI,EAAC;UAAM,EAAG,YAAc;QAC3C,gBAED3B,KAAA,CAAAC,aAAA,CAACP,IAAI,CAACoB,IAAI;UAAC5B,GAAG,EAAC;QAAkB,gBAC7Bc,KAAA,CAAAC,aAAA,CAACc,OAAO;UAACC,EAAE,EAAC,oBAAoB;UAACC,KAAK;QAAA,GAAE,UAAiB,CAClD,GACV,CAAC,IAAI,CAACL,KAAK,CAACgB,aAAa,IAAE,CAAC,IAAI,IAAI,CAAChB,KAAK,CAACiB,iBAAiB,IAAE,CAAC,kBAChE7B,KAAA,CAAAC,aAAA,CAACP,IAAI,CAACoB,IAAI;UAAC5B,GAAG,EAAC;QAAuB,gBAClCc,KAAA,CAAAC,aAAA,CAACc,OAAO;UAACC,EAAE,EAAC,kBAAkB;UAACC,KAAK;QAAA,GAAE,gBAAuB,CACtD,CAAC,eAEZjB,KAAA,CAAAC,aAAA,CAACP,IAAI,CAACoB,IAAI;UAAC5B,GAAG,EAAC;QAAqB,gBAChCc,KAAA,CAAAC,aAAA,CAACc,OAAO;UAACC,EAAE,EAAC,wBAAwB;UAACC,KAAK;QAAA,GAAE,cAAqB,CAC1D,CACN,gBACTjB,KAAA,CAAAC,aAAA,CAACN,OAAO;UACJT,GAAG,EAAC,SAAS;UACbuC,KAAK,eACDzB,KAAA,CAAAC,aAAA,4BAAMD,KAAA,CAAAC,aAAA,CAACyB,IAAI;YAACC,IAAI,EAAC;UAAW,EAAG,WAAa;QAC/C,gBAED3B,KAAA,CAAAC,aAAA,CAACP,IAAI,CAACoB,IAAI;UAAC5B,GAAG,EAAC;QAAyB,gBACpCc,KAAA,CAAAC,aAAA,CAACc,OAAO;UAACC,EAAE,EAAC,4BAA4B;UAACC,KAAK;QAAA,sBAErC,CACF,gBACXjB,KAAA,CAAAC,aAAA,CAACP,IAAI,CAACoB,IAAI;UAAC5B,GAAG,EAAC;QAA6B,gBACxCc,KAAA,CAAAC,aAAA,CAACc,OAAO;UAACC,EAAE,EAAC,iCAAiC;UAACC,KAAK;QAAA,2BAE1C,CACF,gBACXjB,KAAA,CAAAC,aAAA,CAACP,IAAI,CAACoB,IAAI;UAAC5B,GAAG,EAAC;QAAoB,gBAC/Bc,KAAA,CAAAC,aAAA,CAACc,OAAO;UAACC,EAAE,EAAC,mCAAmC;UAACC,KAAK;QAAA,6BAE5C,CACF,gBAEXjB,KAAA,CAAAC,aAAA,CAACP,IAAI,CAACoB,IAAI;UAAC5B,GAAG,EAAC;QAAmB,gBAC9Bc,KAAA,CAAAC,aAAA,CAACc,OAAO;UAACC,EAAE,EAAC,sBAAsB;UAACC,KAAK;QAAA,gBAE/B,CACF,gBACXjB,KAAA,CAAAC,aAAA,CAACP,IAAI,CAACoB,IAAI;UAAC5B,GAAG,EAAC;QAA8B,gBACzCc,KAAA,CAAAC,aAAA,CAACc,OAAO;UAACC,EAAE,EAAC,mCAAmC;UAACC,KAAK;QAAA,6BAE5C,CACF,CACN,gBACTjB,KAAA,CAAAC,aAAA,CAACN,OAAO;UACJT,GAAG,EAAC,OAAO;UACXuC,KAAK,eACDzB,KAAA,CAAAC,aAAA,4BAAMD,KAAA,CAAAC,aAAA,CAACyB,IAAI;YAACC,IAAI,EAAC;UAAM,EAAG,mBAAqB;QAClD,gBAED3B,KAAA,CAAAC,aAAA,CAACP,IAAI,CAACoB,IAAI;UAAC5B,GAAG,EAAC;QAAe,gBAC1Bc,KAAA,CAAAC,aAAA,CAACc,OAAO;UAACC,EAAE,EAAC,YAAY;UAACC,KAAK;QAAA,cAErB,CACF,GAEV,CAAC,IAAI,CAACL,KAAK,CAACgB,aAAa,IAAE,CAAC,IAAI,IAAI,CAAChB,KAAK,CAACiB,iBAAiB,IAAE,CAAC,kBAChE7B,KAAA,CAAAC,aAAA,CAACP,IAAI,CAACoB,IAAI;UAAC5B,GAAG,EAAC;QAAkB,gBAC7Bc,KAAA,CAAAC,aAAA,CAACc,OAAO;UAACC,EAAE,EAAC,eAAe;UAACC,KAAK;QAAA,gBAExB,CACF,CAEN,gBACTjB,KAAA,CAAAC,aAAA,CAACN,OAAO;UACJT,GAAG,EAAC,eAAe;UACnBuC,KAAK,eACDzB,KAAA,CAAAC,aAAA,4BAAMD,KAAA,CAAAC,aAAA,CAACyB,IAAI;YAACC,IAAI,EAAC;UAAS,EAAG,iBAAmB;QACnD,gBAED3B,KAAA,CAAAC,aAAA,CAACP,IAAI,CAACoB,IAAI;UAAC5B,GAAG,EAAC;QAA8B,gBACzCc,KAAA,CAAAC,aAAA,CAACc,OAAO;UAACC,EAAE,EAAC,mBAAmB;UAACC,KAAK;QAAA,qBAE5B,CACF,CACN,CACP,CACH,gBAEPjB,KAAA,CAAAC,aAAA,CAACrC,OAAO;UAAC6C,KAAK,EAAE;YAAEqB,OAAO,EAAE;UAAY;QAAE,GACpC,IAAI,CAAClB,KAAK,CAACmB,QACP,CAEL,CACJ,CAAC;MAEjB;MAAA,OAAAvC,MAAA;IAAA;IAAA,OAAA1B,UAAA;EAAA,EApKqBkE,SAAS;EAuKlC,IAAMC,eAAe,GAAI,SAAAA,CAAAtD,KAAK,EAAK;IAC/B,OAAO;MACHkC,eAAe,EAAElC,KAAK,CAACuD,IAAI,CAACC,YAAY,KAAK,IAAI;MACjDC,eAAe,EAACzD,KAAK,CAACyD,eAAe,CAACA,eAAe;MACrDR,aAAa,EAAEjD,KAAK,CAACuD,IAAI,CAACG,eAAe;MACzCR,iBAAiB,EAAElD,KAAK,CAACuD,IAAI,CAACI,mBAAmB;MACjDC,gBAAgB,EAAE5D,KAAK,CAACuD,IAAI,CAACM;IACjC,CAAC;EACL,CAAC;wBACcC,OAAO,CAACR,eAAe,CAAC,CAACnE,UAAU,C"},"sourceType":"module","externalDependencies":{},"hash":"26a378d19c08fcb5adbd46df37c48bb183565370"}
