{"metadata":{},"options":{"assumptions":{},"compact":false,"sourceMaps":true,"ast":true,"babelrc":false,"configFile":false,"parserOpts":{"sourceType":"module","sourceFileName":"/home/ani/Mergerware_assignment/Mererware_meteor/Mergerware_loanify/imports/ui/components/LoansEditLoan/LoansEditLoan.js","plugins":["*","flow","jsx","asyncGenerators","bigInt","classPrivateMethods","classPrivateProperties","classProperties","doExpressions","dynamicImport","exportDefaultFrom","exportExtensions","exportNamespaceFrom","functionBind","functionSent","importMeta","nullishCoalescingOperator","numericSeparator","objectRestSpread","optionalCatchBinding","optionalChaining",["pipelineOperator",{"proposal":"minimal"}],"throwExpressions","classProperties","classPrivateProperties","jsx","nullishCoalescingOperator","nullishCoalescingOperator","optionalChaining","optionalChaining","optionalCatchBinding","optionalCatchBinding","classProperties","classPrivateProperties","classPrivateMethods","classProperties","classPrivateProperties","asyncGenerators","asyncGenerators","objectRestSpread","objectRestSpread","logicalAssignment"],"allowImportExportEverywhere":true,"allowReturnOutsideFunction":true,"allowUndeclaredExports":true,"strictMode":false},"caller":{"name":"meteor","arch":"web.browser"},"sourceFileName":"imports/ui/components/LoansEditLoan/LoansEditLoan.js","filename":"/home/ani/Mergerware_assignment/Mererware_meteor/Mergerware_loanify/imports/ui/components/LoansEditLoan/LoansEditLoan.js","inputSourceMap":{"version":3,"names":["React","Component","connect","actions","CreateLoanForm","Redirect","AccountsCreateLoan","state","render","authRedirect","props","isAuthenticated","mapStateToProps","selectedAccountId","accounts","selectedAccount","selectedLoanId","loans","selectedLoan","loading","auth","error","token","access_token","authRedirectPath","mapDispatchToProps","dispatch","login","email","password","setAuthRedirectPath","initAccounts","setSelectedAccountId","unsetSelectedLoanId"],"sources":["imports/ui/components/LoansEditLoan/LoansEditLoan.js"],"sourcesContent":["import React, { Component } from 'react';\nimport { connect } from 'react-redux';\nimport * as actions from '../../store/actions/index';\nimport CreateLoanForm from './Forms/EditLoanForm';\nimport { Redirect } from 'react-router';\n\nclass AccountsCreateLoan extends Component {\n    state = {}\n    render() {\n        let authRedirect = null;\n        if (!this.props.isAuthenticated) {\n            authRedirect = <Redirect to=\"/login\" />\n        }\n\n        return (\n            <div>\n                {authRedirect}\n                <CreateLoanForm />\n            </div>\n        );\n    }\n}\n\nconst mapStateToProps = state => {\n    return {\n        selectedAccountId: state.accounts.selectedAccountId,\n        selectedAccount: state.accounts.selectedAccount,\n        selectedLoanId: state.loans.selectedLoanId,\n        selectedLoan: state.loans.selectedLoan,\n        loading: state.auth.loading,\n        error: state.auth.error,\n        token: state.auth.access_token,\n        isAuthenticated: state.auth.access_token !== null,\n        authRedirectPath: state.auth.authRedirectPath\n    }\n}\n\n\nconst mapDispatchToProps = dispatch => {\n    return {\n        login: (email, password) => dispatch(actions.login(email, password)),\n        setAuthRedirectPath: () => dispatch(actions.setAuthRedirectPath('/ ')),\n        initAccounts: () => dispatch(actions.initAccounts()),\n        setSelectedAccountId: (selectedAccountId) => dispatch(actions.setSelectedAccountId(selectedAccountId)),\n        unsetSelectedLoanId: () => dispatch(actions.unsetSelectedLoanId())\n    }\n}\nexport default connect(mapStateToProps, mapDispatchToProps)(AccountsCreateLoan);\n"],"mappings":";AAAA,OAAOA,KAAK,IAAIC,SAAS,QAAQ,OAAO;AACxC,SAASC,OAAO,QAAQ,aAAa;AACrC,OAAO,KAAKC,OAAO,MAAM,2BAA2B;AACpD,OAAOC,cAAc,MAAM,sBAAsB;AACjD,SAASC,QAAQ,QAAQ,cAAc;AAEvC,MAAMC,kBAAkB,SAASL,SAAS,CAAC;EACvCM,KAAK,GAAG,CAAC,CAAC;EACVC,MAAMA,CAAA,EAAG;IACL,IAAIC,YAAY,GAAG,IAAI;IACvB,IAAI,CAAC,IAAI,CAACC,KAAK,CAACC,eAAe,EAAE;MAC7BF,YAAY,GAAG,CAAC,QAAQ,CAAC,EAAE,CAAC,QAAQ,GAAG;IAC3C;IAEA,OACI,CAAC,GAAG;AAChB,gBAAgB,CAACA,YAAY;AAC7B,gBAAgB,CAAC,cAAc;AAC/B,YAAY,EAAE,GAAG,CAAC;EAEd;AACJ;AAEA,MAAMG,eAAe,GAAGL,KAAK,IAAI;EAC7B,OAAO;IACHM,iBAAiB,EAAEN,KAAK,CAACO,QAAQ,CAACD,iBAAiB;IACnDE,eAAe,EAAER,KAAK,CAACO,QAAQ,CAACC,eAAe;IAC/CC,cAAc,EAAET,KAAK,CAACU,KAAK,CAACD,cAAc;IAC1CE,YAAY,EAAEX,KAAK,CAACU,KAAK,CAACC,YAAY;IACtCC,OAAO,EAAEZ,KAAK,CAACa,IAAI,CAACD,OAAO;IAC3BE,KAAK,EAAEd,KAAK,CAACa,IAAI,CAACC,KAAK;IACvBC,KAAK,EAAEf,KAAK,CAACa,IAAI,CAACG,YAAY;IAC9BZ,eAAe,EAAEJ,KAAK,CAACa,IAAI,CAACG,YAAY,KAAK,IAAI;IACjDC,gBAAgB,EAAEjB,KAAK,CAACa,IAAI,CAACI;EACjC,CAAC;AACL,CAAC;AAGD,MAAMC,kBAAkB,GAAGC,QAAQ,IAAI;EACnC,OAAO;IACHC,KAAK,EAAEA,CAACC,KAAK,EAAEC,QAAQ,KAAKH,QAAQ,CAACvB,OAAO,CAACwB,KAAK,CAACC,KAAK,EAAEC,QAAQ,CAAC,CAAC;IACpEC,mBAAmB,EAAEA,CAAA,KAAMJ,QAAQ,CAACvB,OAAO,CAAC2B,mBAAmB,CAAC,IAAI,CAAC,CAAC;IACtEC,YAAY,EAAEA,CAAA,KAAML,QAAQ,CAACvB,OAAO,CAAC4B,YAAY,CAAC,CAAC,CAAC;IACpDC,oBAAoB,EAAGnB,iBAAiB,IAAKa,QAAQ,CAACvB,OAAO,CAAC6B,oBAAoB,CAACnB,iBAAiB,CAAC,CAAC;IACtGoB,mBAAmB,EAAEA,CAAA,KAAMP,QAAQ,CAACvB,OAAO,CAAC8B,mBAAmB,CAAC,CAAC;EACrE,CAAC;AACL,CAAC;AACD,eAAe/B,OAAO,CAACU,eAAe,EAAEa,kBAAkB,CAAC,CAACnB,kBAAkB,CAAC"},"targets":{},"cloneInputAst":true,"browserslistConfigFile":false,"passPerPreset":false,"envName":"development","cwd":"/home/ani/Mergerware_assignment/Mererware_meteor/Mergerware_loanify","root":"/home/ani/Mergerware_assignment/Mererware_meteor/Mergerware_loanify","rootMode":"root","plugins":[{"key":"base$0","visitor":{"_exploded":true,"_verified":true},"options":{},"externalDependencies":[]},{"key":"base$0$0","visitor":{"Program":{"enter":[null],"exit":[null]},"_exploded":true,"_verified":true},"options":{"avoidModernSyntax":false,"enforceStrictMode":false,"dynamicImport":true,"generateLetDeclarations":true},"externalDependencies":[]},{"key":"transform-runtime","visitor":{"MemberExpression":{"enter":[null]},"ObjectPattern":{"enter":[null]},"BinaryExpression":{"enter":[null]},"Identifier":{"enter":[null]},"JSXIdentifier":{"enter":[null]},"_exploded":true,"_verified":true},"options":{"version":"7.17.2","helpers":true,"useESModules":false,"corejs":false},"externalDependencies":[]},{"key":"proposal-class-properties","visitor":{"ExportDefaultDeclaration":{"enter":[null]},"_exploded":true,"_verified":true,"ClassExpression":{"enter":[null]},"ClassDeclaration":{"enter":[null]}},"options":{"loose":true},"externalDependencies":[]},{"key":"transform-react-jsx","visitor":{"JSXNamespacedName":{"enter":[null]},"JSXSpreadChild":{"enter":[null]},"Program":{"enter":[null]},"JSXFragment":{"exit":[null]},"JSXElement":{"exit":[null]},"JSXAttribute":{"enter":[null]},"_exploded":true,"_verified":true},"options":{"pragma":"React.createElement","pragmaFrag":"React.Fragment","runtime":"classic","throwIfNamespace":true,"useBuiltIns":false},"externalDependencies":[]},{"key":"transform-react-display-name","visitor":{"ExportDefaultDeclaration":{"enter":[null]},"CallExpression":{"enter":[null]},"_exploded":true,"_verified":true},"options":{},"externalDependencies":[]},{"key":"transform-react-pure-annotations","visitor":{"CallExpression":{"enter":[null]},"_exploded":true,"_verified":true},"options":{},"externalDependencies":[]},{"key":"syntax-nullish-coalescing-operator","visitor":{"_exploded":true,"_verified":true},"options":{},"externalDependencies":[]},{"key":"proposal-nullish-coalescing-operator","visitor":{"LogicalExpression":{"enter":[null]},"_exploded":true,"_verified":true},"options":{},"externalDependencies":[]},{"key":"syntax-optional-chaining","visitor":{"_exploded":true,"_verified":true},"options":{},"externalDependencies":[]},{"key":"proposal-optional-chaining","visitor":{"OptionalCallExpression":{"enter":[null]},"OptionalMemberExpression":{"enter":[null]},"_exploded":true,"_verified":true},"options":{},"externalDependencies":[]},{"key":"syntax-optional-catch-binding","visitor":{"_exploded":true,"_verified":true},"options":{},"externalDependencies":[]},{"key":"proposal-optional-catch-binding","visitor":{"CatchClause":{"enter":[null]},"_exploded":true,"_verified":true},"options":{},"externalDependencies":[]},{"key":"syntax-class-properties","visitor":{"_exploded":true,"_verified":true},"options":{},"externalDependencies":[]},{"key":"proposal-class-properties","visitor":{"ExportDefaultDeclaration":{"enter":[null]},"_exploded":true,"_verified":true,"ClassExpression":{"enter":[null]},"ClassDeclaration":{"enter":[null]}},"options":{},"externalDependencies":[]},{"key":"syntax-async-generators","visitor":{"_exploded":true,"_verified":true},"options":{},"externalDependencies":[]},{"key":"proposal-async-generator-functions","visitor":{"Program":{"enter":[null]},"_exploded":true,"_verified":true},"options":{},"externalDependencies":[]},{"key":"syntax-object-rest-spread","visitor":{"_exploded":true,"_verified":true},"options":{},"externalDependencies":[]},{"key":"proposal-object-rest-spread","visitor":{"VariableDeclarator":{"enter":[null]},"ExportNamedDeclaration":{"enter":[null]},"CatchClause":{"enter":[null]},"AssignmentExpression":{"enter":[null]},"ArrayPattern":{"enter":[null]},"ObjectExpression":{"enter":[null]},"FunctionDeclaration":{"enter":[null]},"FunctionExpression":{"enter":[null]},"ObjectMethod":{"enter":[null]},"ArrowFunctionExpression":{"enter":[null]},"ClassMethod":{"enter":[null]},"ClassPrivateMethod":{"enter":[null]},"ForInStatement":{"enter":[null]},"ForOfStatement":{"enter":[null]},"_exploded":true,"_verified":true},"options":{},"externalDependencies":[]},{"key":"proposal-logical-assignment-operators","visitor":{"AssignmentExpression":{"enter":[null]},"_exploded":true,"_verified":true},"options":{},"externalDependencies":[]},{"key":"transform-literals","visitor":{"NumericLiteral":{"enter":[null]},"StringLiteral":{"enter":[null]},"_exploded":true,"_verified":true},"options":{},"externalDependencies":[]},{"key":"transform-template-literals","visitor":{"TaggedTemplateExpression":{"enter":[null]},"TemplateLiteral":{"enter":[null]},"_exploded":true,"_verified":true},"options":{},"externalDependencies":[]},{"key":"transform-parameters","visitor":{"_exploded":true,"_verified":true,"FunctionDeclaration":{"enter":[null]},"FunctionExpression":{"enter":[null]},"ObjectMethod":{"enter":[null]},"ArrowFunctionExpression":{"enter":[null]},"ClassMethod":{"enter":[null]},"ClassPrivateMethod":{"enter":[null]}},"options":{},"externalDependencies":[]},{"key":"transform-exponentiation-operator","visitor":{"AssignmentExpression":{"enter":[null]},"BinaryExpression":{"enter":[null]},"_exploded":true,"_verified":true},"options":{},"externalDependencies":[]}],"presets":[],"generatorOpts":{"filename":"/home/ani/Mergerware_assignment/Mererware_meteor/Mergerware_loanify/imports/ui/components/LoansEditLoan/LoansEditLoan.js","comments":true,"compact":false,"sourceMaps":true,"sourceFileName":"imports/ui/components/LoansEditLoan/LoansEditLoan.js","inputSourceMap":{"version":3,"names":["React","Component","connect","actions","CreateLoanForm","Redirect","AccountsCreateLoan","state","render","authRedirect","props","isAuthenticated","mapStateToProps","selectedAccountId","accounts","selectedAccount","selectedLoanId","loans","selectedLoan","loading","auth","error","token","access_token","authRedirectPath","mapDispatchToProps","dispatch","login","email","password","setAuthRedirectPath","initAccounts","setSelectedAccountId","unsetSelectedLoanId"],"sources":["imports/ui/components/LoansEditLoan/LoansEditLoan.js"],"sourcesContent":["import React, { Component } from 'react';\nimport { connect } from 'react-redux';\nimport * as actions from '../../store/actions/index';\nimport CreateLoanForm from './Forms/EditLoanForm';\nimport { Redirect } from 'react-router';\n\nclass AccountsCreateLoan extends Component {\n    state = {}\n    render() {\n        let authRedirect = null;\n        if (!this.props.isAuthenticated) {\n            authRedirect = <Redirect to=\"/login\" />\n        }\n\n        return (\n            <div>\n                {authRedirect}\n                <CreateLoanForm />\n            </div>\n        );\n    }\n}\n\nconst mapStateToProps = state => {\n    return {\n        selectedAccountId: state.accounts.selectedAccountId,\n        selectedAccount: state.accounts.selectedAccount,\n        selectedLoanId: state.loans.selectedLoanId,\n        selectedLoan: state.loans.selectedLoan,\n        loading: state.auth.loading,\n        error: state.auth.error,\n        token: state.auth.access_token,\n        isAuthenticated: state.auth.access_token !== null,\n        authRedirectPath: state.auth.authRedirectPath\n    }\n}\n\n\nconst mapDispatchToProps = dispatch => {\n    return {\n        login: (email, password) => dispatch(actions.login(email, password)),\n        setAuthRedirectPath: () => dispatch(actions.setAuthRedirectPath('/ ')),\n        initAccounts: () => dispatch(actions.initAccounts()),\n        setSelectedAccountId: (selectedAccountId) => dispatch(actions.setSelectedAccountId(selectedAccountId)),\n        unsetSelectedLoanId: () => dispatch(actions.unsetSelectedLoanId())\n    }\n}\nexport default connect(mapStateToProps, mapDispatchToProps)(AccountsCreateLoan);\n"],"mappings":";AAAA,OAAOA,KAAK,IAAIC,SAAS,QAAQ,OAAO;AACxC,SAASC,OAAO,QAAQ,aAAa;AACrC,OAAO,KAAKC,OAAO,MAAM,2BAA2B;AACpD,OAAOC,cAAc,MAAM,sBAAsB;AACjD,SAASC,QAAQ,QAAQ,cAAc;AAEvC,MAAMC,kBAAkB,SAASL,SAAS,CAAC;EACvCM,KAAK,GAAG,CAAC,CAAC;EACVC,MAAMA,CAAA,EAAG;IACL,IAAIC,YAAY,GAAG,IAAI;IACvB,IAAI,CAAC,IAAI,CAACC,KAAK,CAACC,eAAe,EAAE;MAC7BF,YAAY,GAAG,CAAC,QAAQ,CAAC,EAAE,CAAC,QAAQ,GAAG;IAC3C;IAEA,OACI,CAAC,GAAG;AAChB,gBAAgB,CAACA,YAAY;AAC7B,gBAAgB,CAAC,cAAc;AAC/B,YAAY,EAAE,GAAG,CAAC;EAEd;AACJ;AAEA,MAAMG,eAAe,GAAGL,KAAK,IAAI;EAC7B,OAAO;IACHM,iBAAiB,EAAEN,KAAK,CAACO,QAAQ,CAACD,iBAAiB;IACnDE,eAAe,EAAER,KAAK,CAACO,QAAQ,CAACC,eAAe;IAC/CC,cAAc,EAAET,KAAK,CAACU,KAAK,CAACD,cAAc;IAC1CE,YAAY,EAAEX,KAAK,CAACU,KAAK,CAACC,YAAY;IACtCC,OAAO,EAAEZ,KAAK,CAACa,IAAI,CAACD,OAAO;IAC3BE,KAAK,EAAEd,KAAK,CAACa,IAAI,CAACC,KAAK;IACvBC,KAAK,EAAEf,KAAK,CAACa,IAAI,CAACG,YAAY;IAC9BZ,eAAe,EAAEJ,KAAK,CAACa,IAAI,CAACG,YAAY,KAAK,IAAI;IACjDC,gBAAgB,EAAEjB,KAAK,CAACa,IAAI,CAACI;EACjC,CAAC;AACL,CAAC;AAGD,MAAMC,kBAAkB,GAAGC,QAAQ,IAAI;EACnC,OAAO;IACHC,KAAK,EAAEA,CAACC,KAAK,EAAEC,QAAQ,KAAKH,QAAQ,CAACvB,OAAO,CAACwB,KAAK,CAACC,KAAK,EAAEC,QAAQ,CAAC,CAAC;IACpEC,mBAAmB,EAAEA,CAAA,KAAMJ,QAAQ,CAACvB,OAAO,CAAC2B,mBAAmB,CAAC,IAAI,CAAC,CAAC;IACtEC,YAAY,EAAEA,CAAA,KAAML,QAAQ,CAACvB,OAAO,CAAC4B,YAAY,CAAC,CAAC,CAAC;IACpDC,oBAAoB,EAAGnB,iBAAiB,IAAKa,QAAQ,CAACvB,OAAO,CAAC6B,oBAAoB,CAACnB,iBAAiB,CAAC,CAAC;IACtGoB,mBAAmB,EAAEA,CAAA,KAAMP,QAAQ,CAACvB,OAAO,CAAC8B,mBAAmB,CAAC,CAAC;EACrE,CAAC;AACL,CAAC;AACD,eAAe/B,OAAO,CAACU,eAAe,EAAEa,kBAAkB,CAAC,CAACnB,kBAAkB,CAAC"}}},"code":"!function (module1) {\n  let React, Component;\n  module1.link(\"react\", {\n    default(v) {\n      React = v;\n    },\n    Component(v) {\n      Component = v;\n    }\n  }, 0);\n  let connect;\n  module1.link(\"react-redux\", {\n    connect(v) {\n      connect = v;\n    }\n  }, 1);\n  let actions;\n  module1.link(\"../../store/actions/index\", {\n    \"*\"(v) {\n      actions = v;\n    }\n  }, 2);\n  let CreateLoanForm;\n  module1.link(\"./Forms/EditLoanForm\", {\n    default(v) {\n      CreateLoanForm = v;\n    }\n  }, 3);\n  let Redirect;\n  module1.link(\"react-router\", {\n    Redirect(v) {\n      Redirect = v;\n    }\n  }, 4);\n  ___INIT_METEOR_FAST_REFRESH(module);\n  class AccountsCreateLoan extends Component {\n    constructor() {\n      super(...arguments);\n      this.state = {};\n    }\n    render() {\n      let authRedirect = null;\n      if (!this.props.isAuthenticated) {\n        authRedirect = /*#__PURE__*/React.createElement(Redirect, {\n          to: \"/login\"\n        });\n      }\n      return /*#__PURE__*/React.createElement(\"div\", null, authRedirect, /*#__PURE__*/React.createElement(CreateLoanForm, null));\n    }\n  }\n  const mapStateToProps = state => {\n    return {\n      selectedAccountId: state.accounts.selectedAccountId,\n      selectedAccount: state.accounts.selectedAccount,\n      selectedLoanId: state.loans.selectedLoanId,\n      selectedLoan: state.loans.selectedLoan,\n      loading: state.auth.loading,\n      error: state.auth.error,\n      token: state.auth.access_token,\n      isAuthenticated: state.auth.access_token !== null,\n      authRedirectPath: state.auth.authRedirectPath\n    };\n  };\n  const mapDispatchToProps = dispatch => {\n    return {\n      login: (email, password) => dispatch(actions.login(email, password)),\n      setAuthRedirectPath: () => dispatch(actions.setAuthRedirectPath('/ ')),\n      initAccounts: () => dispatch(actions.initAccounts()),\n      setSelectedAccountId: selectedAccountId => dispatch(actions.setSelectedAccountId(selectedAccountId)),\n      unsetSelectedLoanId: () => dispatch(actions.unsetSelectedLoanId())\n    };\n  };\n  module1.exportDefault(connect(mapStateToProps, mapDispatchToProps)(AccountsCreateLoan));\n}.call(this, module);","map":{"version":3,"names":["AccountsCreateLoan","Component","constructor","arguments","state","render","authRedirect","props","isAuthenticated","React","createElement","Redirect","to","CreateLoanForm","mapStateToProps","selectedAccountId","accounts","selectedAccount","selectedLoanId","loans","selectedLoan","loading","auth","error","token","access_token","authRedirectPath","mapDispatchToProps","dispatch","login","email","password","actions","setAuthRedirectPath","initAccounts","setSelectedAccountId","unsetSelectedLoanId","connect"],"sources":["imports/ui/components/LoansEditLoan/LoansEditLoan.js"],"sourcesContent":["import React, { Component } from 'react';\nimport { connect } from 'react-redux';\nimport * as actions from '../../store/actions/index';\nimport CreateLoanForm from './Forms/EditLoanForm';\nimport { Redirect } from 'react-router';\n\nclass AccountsCreateLoan extends Component {\n    state = {}\n    render() {\n        let authRedirect = null;\n        if (!this.props.isAuthenticated) {\n            authRedirect = <Redirect to=\"/login\" />\n        }\n\n        return (\n            <div>\n                {authRedirect}\n                <CreateLoanForm />\n            </div>\n        );\n    }\n}\n\nconst mapStateToProps = state => {\n    return {\n        selectedAccountId: state.accounts.selectedAccountId,\n        selectedAccount: state.accounts.selectedAccount,\n        selectedLoanId: state.loans.selectedLoanId,\n        selectedLoan: state.loans.selectedLoan,\n        loading: state.auth.loading,\n        error: state.auth.error,\n        token: state.auth.access_token,\n        isAuthenticated: state.auth.access_token !== null,\n        authRedirectPath: state.auth.authRedirectPath\n    }\n}\n\n\nconst mapDispatchToProps = dispatch => {\n    return {\n        login: (email, password) => dispatch(actions.login(email, password)),\n        setAuthRedirectPath: () => dispatch(actions.setAuthRedirectPath('/ ')),\n        initAccounts: () => dispatch(actions.initAccounts()),\n        setSelectedAccountId: (selectedAccountId) => dispatch(actions.setSelectedAccountId(selectedAccountId)),\n        unsetSelectedLoanId: () => dispatch(actions.unsetSelectedLoanId())\n    }\n}\nexport default connect(mapStateToProps, mapDispatchToProps)(AccountsCreateLoan);\n"],"mappings":";;;;;;;;;;;;;;;;;;;;;;;;;;;;;;;;;;;EAMA,MAAMA,kBAAkB,SAASC,SAAS,CAAC;IAAAC,YAAA;MAAA,SAAAC,SAAA;MAAA,KACvCC,KAAK,GAAG,CAAC,CAAC;IAAA;IACVC,MAAMA,CAAA,EAAG;MACL,IAAIC,YAAY,GAAG,IAAI;MACvB,IAAI,CAAC,IAAI,CAACC,KAAK,CAACC,eAAe,EAAE;QAC7BF,YAAY,gBAAGG,KAAA,CAAAC,aAAA,CAACC,QAAQ;UAACC,EAAE,EAAC;QAAQ,EAAG;MAC3C;MAEA,oBACIH,KAAA,CAAAC,aAAA,cACKJ,YAAY,eACbG,KAAA,CAAAC,aAAA,CAACG,cAAc,OACd,CAAC;IAEd;EACJ;EAEA,MAAMC,eAAe,GAAGV,KAAK,IAAI;IAC7B,OAAO;MACHW,iBAAiB,EAAEX,KAAK,CAACY,QAAQ,CAACD,iBAAiB;MACnDE,eAAe,EAAEb,KAAK,CAACY,QAAQ,CAACC,eAAe;MAC/CC,cAAc,EAAEd,KAAK,CAACe,KAAK,CAACD,cAAc;MAC1CE,YAAY,EAAEhB,KAAK,CAACe,KAAK,CAACC,YAAY;MACtCC,OAAO,EAAEjB,KAAK,CAACkB,IAAI,CAACD,OAAO;MAC3BE,KAAK,EAAEnB,KAAK,CAACkB,IAAI,CAACC,KAAK;MACvBC,KAAK,EAAEpB,KAAK,CAACkB,IAAI,CAACG,YAAY;MAC9BjB,eAAe,EAAEJ,KAAK,CAACkB,IAAI,CAACG,YAAY,KAAK,IAAI;MACjDC,gBAAgB,EAAEtB,KAAK,CAACkB,IAAI,CAACI;IACjC,CAAC;EACL,CAAC;EAGD,MAAMC,kBAAkB,GAAGC,QAAQ,IAAI;IACnC,OAAO;MACHC,KAAK,EAAEA,CAACC,KAAK,EAAEC,QAAQ,KAAKH,QAAQ,CAACI,OAAO,CAACH,KAAK,CAACC,KAAK,EAAEC,QAAQ,CAAC,CAAC;MACpEE,mBAAmB,EAAEA,CAAA,KAAML,QAAQ,CAACI,OAAO,CAACC,mBAAmB,CAAC,IAAI,CAAC,CAAC;MACtEC,YAAY,EAAEA,CAAA,KAAMN,QAAQ,CAACI,OAAO,CAACE,YAAY,CAAC,CAAC,CAAC;MACpDC,oBAAoB,EAAGpB,iBAAiB,IAAKa,QAAQ,CAACI,OAAO,CAACG,oBAAoB,CAACpB,iBAAiB,CAAC,CAAC;MACtGqB,mBAAmB,EAAEA,CAAA,KAAMR,QAAQ,CAACI,OAAO,CAACI,mBAAmB,CAAC,CAAC;IACrE,CAAC;EACL,CAAC;wBACcC,OAAO,CAACvB,eAAe,EAAEa,kBAAkB,CAAC,CAAC3B,kBAAkB,C"},"sourceType":"module","externalDependencies":{},"hash":"32d3bb948285876f281f6c4223964bbd09db304c"}
