{"metadata":{},"options":{"assumptions":{},"compact":false,"sourceMaps":true,"ast":true,"babelrc":false,"configFile":false,"parserOpts":{"sourceType":"module","sourceFileName":"/home/ani/Mergerware_assignment/Mererware_meteor/Mergerware_loanify/packages/ddp-server/stream_server.js","plugins":["*","flow","jsx","asyncGenerators","bigInt","classPrivateMethods","classPrivateProperties","classProperties","doExpressions","dynamicImport","exportDefaultFrom","exportExtensions","exportNamespaceFrom","functionBind","functionSent","importMeta","nullishCoalescingOperator","numericSeparator","objectRestSpread","optionalCatchBinding","optionalChaining",["pipelineOperator",{"proposal":"minimal"}],"throwExpressions","objectRestSpread","objectRestSpread","asyncGenerators","classProperties","classPrivateProperties","jsx","nullishCoalescingOperator","nullishCoalescingOperator","optionalChaining","optionalChaining","optionalCatchBinding","optionalCatchBinding","classProperties","classPrivateProperties","classPrivateMethods","classProperties","classPrivateProperties","asyncGenerators","asyncGenerators","objectRestSpread","objectRestSpread","logicalAssignment"],"allowImportExportEverywhere":true,"allowReturnOutsideFunction":true,"allowUndeclaredExports":true,"strictMode":false},"caller":{"name":"meteor","arch":"os.linux.x86_64"},"sourceFileName":"packages/ddp-server/stream_server.js","filename":"/home/ani/Mergerware_assignment/Mererware_meteor/Mergerware_loanify/packages/ddp-server/stream_server.js","targets":{},"cloneInputAst":true,"browserslistConfigFile":false,"passPerPreset":false,"envName":"development","cwd":"/home/ani/Mergerware_assignment/Mererware_meteor/Mergerware_loanify","root":"/home/ani/Mergerware_assignment/Mererware_meteor/Mergerware_loanify","rootMode":"root","plugins":[{"key":"base$0","visitor":{"_exploded":true,"_verified":true},"options":{},"externalDependencies":[]},{"key":"base$0$0","visitor":{"Program":{"enter":[null],"exit":[null]},"_exploded":true,"_verified":true},"options":{"avoidModernSyntax":false,"enforceStrictMode":false,"dynamicImport":true,"generateLetDeclarations":true},"externalDependencies":[]},{"key":"transform-runtime","visitor":{"MemberExpression":{"enter":[null]},"ObjectPattern":{"enter":[null]},"BinaryExpression":{"enter":[null]},"Identifier":{"enter":[null]},"JSXIdentifier":{"enter":[null]},"_exploded":true,"_verified":true},"options":{"version":"7.17.2","helpers":true,"useESModules":false,"corejs":false},"externalDependencies":[]},{"key":"syntax-object-rest-spread","visitor":{"_exploded":true,"_verified":true},"options":{},"externalDependencies":[]},{"key":"proposal-object-rest-spread","visitor":{"VariableDeclarator":{"enter":[null]},"ExportNamedDeclaration":{"enter":[null]},"CatchClause":{"enter":[null]},"AssignmentExpression":{"enter":[null]},"ArrayPattern":{"enter":[null]},"ObjectExpression":{"enter":[null]},"FunctionDeclaration":{"enter":[null]},"FunctionExpression":{"enter":[null]},"ObjectMethod":{"enter":[null]},"ArrowFunctionExpression":{"enter":[null]},"ClassMethod":{"enter":[null]},"ClassPrivateMethod":{"enter":[null]},"ForInStatement":{"enter":[null]},"ForOfStatement":{"enter":[null]},"_exploded":true,"_verified":true},"options":{},"externalDependencies":[]},{"key":"transform-meteor-async-await","visitor":{"AwaitExpression":{"enter":[null]},"_exploded":true,"_verified":true,"FunctionDeclaration":{"exit":[null]},"FunctionExpression":{"exit":[null]},"ObjectMethod":{"exit":[null]},"ArrowFunctionExpression":{"exit":[null]},"ClassMethod":{"exit":[null]},"ClassPrivateMethod":{"exit":[null]}},"options":{"useNativeAsyncAwait":false},"externalDependencies":[]},{"key":"proposal-async-generator-functions","visitor":{"Program":{"enter":[null]},"_exploded":true,"_verified":true},"options":{},"externalDependencies":[]},{"key":"proposal-class-properties","visitor":{"ExportDefaultDeclaration":{"enter":[null]},"_exploded":true,"_verified":true,"ClassExpression":{"enter":[null]},"ClassDeclaration":{"enter":[null]}},"options":{"loose":true},"externalDependencies":[]},{"key":"transform-react-jsx","visitor":{"JSXNamespacedName":{"enter":[null]},"JSXSpreadChild":{"enter":[null]},"Program":{"enter":[null]},"JSXFragment":{"exit":[null]},"JSXElement":{"exit":[null]},"JSXAttribute":{"enter":[null]},"_exploded":true,"_verified":true},"options":{"pragma":"React.createElement","pragmaFrag":"React.Fragment","runtime":"classic","throwIfNamespace":true,"useBuiltIns":false},"externalDependencies":[]},{"key":"transform-react-display-name","visitor":{"ExportDefaultDeclaration":{"enter":[null]},"CallExpression":{"enter":[null]},"_exploded":true,"_verified":true},"options":{},"externalDependencies":[]},{"key":"transform-react-pure-annotations","visitor":{"CallExpression":{"enter":[null]},"_exploded":true,"_verified":true},"options":{},"externalDependencies":[]},{"key":"syntax-nullish-coalescing-operator","visitor":{"_exploded":true,"_verified":true},"options":{},"externalDependencies":[]},{"key":"proposal-nullish-coalescing-operator","visitor":{"LogicalExpression":{"enter":[null]},"_exploded":true,"_verified":true},"options":{},"externalDependencies":[]},{"key":"syntax-optional-chaining","visitor":{"_exploded":true,"_verified":true},"options":{},"externalDependencies":[]},{"key":"proposal-optional-chaining","visitor":{"OptionalCallExpression":{"enter":[null]},"OptionalMemberExpression":{"enter":[null]},"_exploded":true,"_verified":true},"options":{},"externalDependencies":[]},{"key":"syntax-optional-catch-binding","visitor":{"_exploded":true,"_verified":true},"options":{},"externalDependencies":[]},{"key":"proposal-optional-catch-binding","visitor":{"CatchClause":{"enter":[null]},"_exploded":true,"_verified":true},"options":{},"externalDependencies":[]},{"key":"syntax-class-properties","visitor":{"_exploded":true,"_verified":true},"options":{},"externalDependencies":[]},{"key":"proposal-class-properties","visitor":{"ExportDefaultDeclaration":{"enter":[null]},"_exploded":true,"_verified":true,"ClassExpression":{"enter":[null]},"ClassDeclaration":{"enter":[null]}},"options":{},"externalDependencies":[]},{"key":"syntax-async-generators","visitor":{"_exploded":true,"_verified":true},"options":{},"externalDependencies":[]},{"key":"proposal-async-generator-functions","visitor":{"Program":{"enter":[null]},"_exploded":true,"_verified":true},"options":{},"externalDependencies":[]},{"key":"syntax-object-rest-spread","visitor":{"_exploded":true,"_verified":true},"options":{},"externalDependencies":[]},{"key":"proposal-object-rest-spread","visitor":{"VariableDeclarator":{"enter":[null]},"ExportNamedDeclaration":{"enter":[null]},"CatchClause":{"enter":[null]},"AssignmentExpression":{"enter":[null]},"ArrayPattern":{"enter":[null]},"ObjectExpression":{"enter":[null]},"FunctionDeclaration":{"enter":[null]},"FunctionExpression":{"enter":[null]},"ObjectMethod":{"enter":[null]},"ArrowFunctionExpression":{"enter":[null]},"ClassMethod":{"enter":[null]},"ClassPrivateMethod":{"enter":[null]},"ForInStatement":{"enter":[null]},"ForOfStatement":{"enter":[null]},"_exploded":true,"_verified":true},"options":{},"externalDependencies":[]},{"key":"proposal-logical-assignment-operators","visitor":{"AssignmentExpression":{"enter":[null]},"_exploded":true,"_verified":true},"options":{},"externalDependencies":[]},{"key":"transform-literals","visitor":{"NumericLiteral":{"enter":[null]},"StringLiteral":{"enter":[null]},"_exploded":true,"_verified":true},"options":{},"externalDependencies":[]},{"key":"transform-template-literals","visitor":{"TaggedTemplateExpression":{"enter":[null]},"TemplateLiteral":{"enter":[null]},"_exploded":true,"_verified":true},"options":{},"externalDependencies":[]},{"key":"transform-parameters","visitor":{"_exploded":true,"_verified":true,"FunctionDeclaration":{"enter":[null]},"FunctionExpression":{"enter":[null]},"ObjectMethod":{"enter":[null]},"ArrowFunctionExpression":{"enter":[null]},"ClassMethod":{"enter":[null]},"ClassPrivateMethod":{"enter":[null]}},"options":{},"externalDependencies":[]},{"key":"transform-exponentiation-operator","visitor":{"AssignmentExpression":{"enter":[null]},"BinaryExpression":{"enter":[null]},"_exploded":true,"_verified":true},"options":{},"externalDependencies":[]}],"presets":[],"generatorOpts":{"filename":"/home/ani/Mergerware_assignment/Mererware_meteor/Mergerware_loanify/packages/ddp-server/stream_server.js","comments":true,"compact":false,"sourceMaps":true,"sourceFileName":"packages/ddp-server/stream_server.js"}},"code":"// By default, we use the permessage-deflate extension with default\n// configuration. If $SERVER_WEBSOCKET_COMPRESSION is set, then it must be valid\n// JSON. If it represents a falsey value, then we do not use permessage-deflate\n// at all; otherwise, the JSON value is used as an argument to deflate's\n// configure method; see\n// https://github.com/faye/permessage-deflate-node/blob/master/README.md\n//\n// (We do this in an _.once instead of at startup, because we don't want to\n// crash the tool during isopacket load if your JSON doesn't parse. This is only\n// a problem because the tool has to load the DDP server code just in order to\n// be a DDP client; see https://github.com/meteor/meteor/issues/3452 .)\nvar websocketExtensions = _.once(function () {\n  var extensions = [];\n  var websocketCompressionConfig = process.env.SERVER_WEBSOCKET_COMPRESSION ? JSON.parse(process.env.SERVER_WEBSOCKET_COMPRESSION) : {};\n  if (websocketCompressionConfig) {\n    extensions.push(Npm.require('permessage-deflate').configure(websocketCompressionConfig));\n  }\n  return extensions;\n});\nvar pathPrefix = __meteor_runtime_config__.ROOT_URL_PATH_PREFIX || \"\";\nStreamServer = function () {\n  var self = this;\n  self.registration_callbacks = [];\n  self.open_sockets = [];\n\n  // Because we are installing directly onto WebApp.httpServer instead of using\n  // WebApp.app, we have to process the path prefix ourselves.\n  self.prefix = pathPrefix + '/sockjs';\n  RoutePolicy.declare(self.prefix + '/', 'network');\n\n  // set up sockjs\n  var sockjs = Npm.require('sockjs');\n  var serverOptions = {\n    prefix: self.prefix,\n    log: function () {},\n    // this is the default, but we code it explicitly because we depend\n    // on it in stream_client:HEARTBEAT_TIMEOUT\n    heartbeat_delay: 45000,\n    // The default disconnect_delay is 5 seconds, but if the server ends up CPU\n    // bound for that much time, SockJS might not notice that the user has\n    // reconnected because the timer (of disconnect_delay ms) can fire before\n    // SockJS processes the new connection. Eventually we'll fix this by not\n    // combining CPU-heavy processing with SockJS termination (eg a proxy which\n    // converts to Unix sockets) but for now, raise the delay.\n    disconnect_delay: 60 * 1000,\n    // Allow disabling of CORS requests to address\n    // https://github.com/meteor/meteor/issues/8317.\n    disable_cors: !!process.env.DISABLE_SOCKJS_CORS,\n    // Set the USE_JSESSIONID environment variable to enable setting the\n    // JSESSIONID cookie. This is useful for setting up proxies with\n    // session affinity.\n    jsessionid: !!process.env.USE_JSESSIONID\n  };\n\n  // If you know your server environment (eg, proxies) will prevent websockets\n  // from ever working, set $DISABLE_WEBSOCKETS and SockJS clients (ie,\n  // browsers) will not waste time attempting to use them.\n  // (Your server will still have a /websocket endpoint.)\n  if (process.env.DISABLE_WEBSOCKETS) {\n    serverOptions.websocket = false;\n  } else {\n    serverOptions.faye_server_options = {\n      extensions: websocketExtensions()\n    };\n  }\n  self.server = sockjs.createServer(serverOptions);\n\n  // Install the sockjs handlers, but we want to keep around our own particular\n  // request handler that adjusts idle timeouts while we have an outstanding\n  // request.  This compensates for the fact that sockjs removes all listeners\n  // for \"request\" to add its own.\n  WebApp.httpServer.removeListener('request', WebApp._timeoutAdjustmentRequestCallback);\n  self.server.installHandlers(WebApp.httpServer);\n  WebApp.httpServer.addListener('request', WebApp._timeoutAdjustmentRequestCallback);\n\n  // Support the /websocket endpoint\n  self._redirectWebsocketEndpoint();\n  self.server.on('connection', function (socket) {\n    // sockjs sometimes passes us null instead of a socket object\n    // so we need to guard against that. see:\n    // https://github.com/sockjs/sockjs-node/issues/121\n    // https://github.com/meteor/meteor/issues/10468\n    if (!socket) return;\n\n    // We want to make sure that if a client connects to us and does the initial\n    // Websocket handshake but never gets to the DDP handshake, that we\n    // eventually kill the socket.  Once the DDP handshake happens, DDP\n    // heartbeating will work. And before the Websocket handshake, the timeouts\n    // we set at the server level in webapp_server.js will work. But\n    // faye-websocket calls setTimeout(0) on any socket it takes over, so there\n    // is an \"in between\" state where this doesn't happen.  We work around this\n    // by explicitly setting the socket timeout to a relatively large time here,\n    // and setting it back to zero when we set up the heartbeat in\n    // livedata_server.js.\n    socket.setWebsocketTimeout = function (timeout) {\n      if ((socket.protocol === 'websocket' || socket.protocol === 'websocket-raw') && socket._session.recv) {\n        socket._session.recv.connection.setTimeout(timeout);\n      }\n    };\n    socket.setWebsocketTimeout(45 * 1000);\n    socket.send = function (data) {\n      socket.write(data);\n    };\n    socket.on('close', function () {\n      self.open_sockets = _.without(self.open_sockets, socket);\n    });\n    self.open_sockets.push(socket);\n\n    // only to send a message after connection on tests, useful for\n    // socket-stream-client/server-tests.js\n    if (process.env.TEST_METADATA && process.env.TEST_METADATA !== \"{}\") {\n      socket.send(JSON.stringify({\n        testMessageOnConnect: true\n      }));\n    }\n\n    // call all our callbacks when we get a new socket. they will do the\n    // work of setting up handlers and such for specific messages.\n    _.each(self.registration_callbacks, function (callback) {\n      callback(socket);\n    });\n  });\n};\nObject.assign(StreamServer.prototype, {\n  // call my callback when a new socket connects.\n  // also call it for all current connections.\n  register: function (callback) {\n    var self = this;\n    self.registration_callbacks.push(callback);\n    _.each(self.all_sockets(), function (socket) {\n      callback(socket);\n    });\n  },\n  // get a list of all sockets\n  all_sockets: function () {\n    var self = this;\n    return _.values(self.open_sockets);\n  },\n  // Redirect /websocket to /sockjs/websocket in order to not expose\n  // sockjs to clients that want to use raw websockets\n  _redirectWebsocketEndpoint: function () {\n    var self = this;\n    // Unfortunately we can't use a connect middleware here since\n    // sockjs installs itself prior to all existing listeners\n    // (meaning prior to any connect middlewares) so we need to take\n    // an approach similar to overshadowListeners in\n    // https://github.com/sockjs/sockjs-node/blob/cf820c55af6a9953e16558555a31decea554f70e/src/utils.coffee\n    ['request', 'upgrade'].forEach(event => {\n      var httpServer = WebApp.httpServer;\n      var oldHttpServerListeners = httpServer.listeners(event).slice(0);\n      httpServer.removeAllListeners(event);\n\n      // request and upgrade have different arguments passed but\n      // we only care about the first one which is always request\n      var newListener = function (request /*, moreArguments */) {\n        // Store arguments for use within the closure below\n        var args = arguments;\n\n        // TODO replace with url package\n        var url = Npm.require('url');\n\n        // Rewrite /websocket and /websocket/ urls to /sockjs/websocket while\n        // preserving query string.\n        var parsedUrl = url.parse(request.url);\n        if (parsedUrl.pathname === pathPrefix + '/websocket' || parsedUrl.pathname === pathPrefix + '/websocket/') {\n          parsedUrl.pathname = self.prefix + '/websocket';\n          request.url = url.format(parsedUrl);\n        }\n        _.each(oldHttpServerListeners, function (oldListener) {\n          oldListener.apply(httpServer, args);\n        });\n      };\n      httpServer.addListener(event, newListener);\n    });\n  }\n});","map":{"version":3,"names":["websocketExtensions","_","once","extensions","websocketCompressionConfig","process","env","SERVER_WEBSOCKET_COMPRESSION","JSON","parse","push","Npm","require","configure","pathPrefix","__meteor_runtime_config__","ROOT_URL_PATH_PREFIX","StreamServer","self","registration_callbacks","open_sockets","prefix","RoutePolicy","declare","sockjs","serverOptions","log","heartbeat_delay","disconnect_delay","disable_cors","DISABLE_SOCKJS_CORS","jsessionid","USE_JSESSIONID","DISABLE_WEBSOCKETS","websocket","faye_server_options","server","createServer","WebApp","httpServer","removeListener","_timeoutAdjustmentRequestCallback","installHandlers","addListener","_redirectWebsocketEndpoint","on","socket","setWebsocketTimeout","timeout","protocol","_session","recv","connection","setTimeout","send","data","write","without","TEST_METADATA","stringify","testMessageOnConnect","each","callback","Object","assign","prototype","register","all_sockets","values","forEach","event","oldHttpServerListeners","listeners","slice","removeAllListeners","newListener","request","args","arguments","url","parsedUrl","pathname","format","oldListener","apply"],"sources":["packages/ddp-server/stream_server.js"],"sourcesContent":["// By default, we use the permessage-deflate extension with default\n// configuration. If $SERVER_WEBSOCKET_COMPRESSION is set, then it must be valid\n// JSON. If it represents a falsey value, then we do not use permessage-deflate\n// at all; otherwise, the JSON value is used as an argument to deflate's\n// configure method; see\n// https://github.com/faye/permessage-deflate-node/blob/master/README.md\n//\n// (We do this in an _.once instead of at startup, because we don't want to\n// crash the tool during isopacket load if your JSON doesn't parse. This is only\n// a problem because the tool has to load the DDP server code just in order to\n// be a DDP client; see https://github.com/meteor/meteor/issues/3452 .)\nvar websocketExtensions = _.once(function () {\n  var extensions = [];\n\n  var websocketCompressionConfig = process.env.SERVER_WEBSOCKET_COMPRESSION\n        ? JSON.parse(process.env.SERVER_WEBSOCKET_COMPRESSION) : {};\n  if (websocketCompressionConfig) {\n    extensions.push(Npm.require('permessage-deflate').configure(\n      websocketCompressionConfig\n    ));\n  }\n\n  return extensions;\n});\n\nvar pathPrefix = __meteor_runtime_config__.ROOT_URL_PATH_PREFIX ||  \"\";\n\nStreamServer = function () {\n  var self = this;\n  self.registration_callbacks = [];\n  self.open_sockets = [];\n\n  // Because we are installing directly onto WebApp.httpServer instead of using\n  // WebApp.app, we have to process the path prefix ourselves.\n  self.prefix = pathPrefix + '/sockjs';\n  RoutePolicy.declare(self.prefix + '/', 'network');\n\n  // set up sockjs\n  var sockjs = Npm.require('sockjs');\n  var serverOptions = {\n    prefix: self.prefix,\n    log: function() {},\n    // this is the default, but we code it explicitly because we depend\n    // on it in stream_client:HEARTBEAT_TIMEOUT\n    heartbeat_delay: 45000,\n    // The default disconnect_delay is 5 seconds, but if the server ends up CPU\n    // bound for that much time, SockJS might not notice that the user has\n    // reconnected because the timer (of disconnect_delay ms) can fire before\n    // SockJS processes the new connection. Eventually we'll fix this by not\n    // combining CPU-heavy processing with SockJS termination (eg a proxy which\n    // converts to Unix sockets) but for now, raise the delay.\n    disconnect_delay: 60 * 1000,\n    // Allow disabling of CORS requests to address\n    // https://github.com/meteor/meteor/issues/8317.\n    disable_cors: !!process.env.DISABLE_SOCKJS_CORS,\n    // Set the USE_JSESSIONID environment variable to enable setting the\n    // JSESSIONID cookie. This is useful for setting up proxies with\n    // session affinity.\n    jsessionid: !!process.env.USE_JSESSIONID\n  };\n\n  // If you know your server environment (eg, proxies) will prevent websockets\n  // from ever working, set $DISABLE_WEBSOCKETS and SockJS clients (ie,\n  // browsers) will not waste time attempting to use them.\n  // (Your server will still have a /websocket endpoint.)\n  if (process.env.DISABLE_WEBSOCKETS) {\n    serverOptions.websocket = false;\n  } else {\n    serverOptions.faye_server_options = {\n      extensions: websocketExtensions()\n    };\n  }\n\n  self.server = sockjs.createServer(serverOptions);\n\n  // Install the sockjs handlers, but we want to keep around our own particular\n  // request handler that adjusts idle timeouts while we have an outstanding\n  // request.  This compensates for the fact that sockjs removes all listeners\n  // for \"request\" to add its own.\n  WebApp.httpServer.removeListener(\n    'request', WebApp._timeoutAdjustmentRequestCallback);\n  self.server.installHandlers(WebApp.httpServer);\n  WebApp.httpServer.addListener(\n    'request', WebApp._timeoutAdjustmentRequestCallback);\n\n  // Support the /websocket endpoint\n  self._redirectWebsocketEndpoint();\n\n  self.server.on('connection', function (socket) {\n    // sockjs sometimes passes us null instead of a socket object\n    // so we need to guard against that. see:\n    // https://github.com/sockjs/sockjs-node/issues/121\n    // https://github.com/meteor/meteor/issues/10468\n    if (!socket) return;\n\n    // We want to make sure that if a client connects to us and does the initial\n    // Websocket handshake but never gets to the DDP handshake, that we\n    // eventually kill the socket.  Once the DDP handshake happens, DDP\n    // heartbeating will work. And before the Websocket handshake, the timeouts\n    // we set at the server level in webapp_server.js will work. But\n    // faye-websocket calls setTimeout(0) on any socket it takes over, so there\n    // is an \"in between\" state where this doesn't happen.  We work around this\n    // by explicitly setting the socket timeout to a relatively large time here,\n    // and setting it back to zero when we set up the heartbeat in\n    // livedata_server.js.\n    socket.setWebsocketTimeout = function (timeout) {\n      if ((socket.protocol === 'websocket' ||\n           socket.protocol === 'websocket-raw')\n          && socket._session.recv) {\n        socket._session.recv.connection.setTimeout(timeout);\n      }\n    };\n    socket.setWebsocketTimeout(45 * 1000);\n\n    socket.send = function (data) {\n      socket.write(data);\n    };\n    socket.on('close', function () {\n      self.open_sockets = _.without(self.open_sockets, socket);\n    });\n    self.open_sockets.push(socket);\n\n    // only to send a message after connection on tests, useful for\n    // socket-stream-client/server-tests.js\n    if (process.env.TEST_METADATA && process.env.TEST_METADATA !== \"{}\") {\n      socket.send(JSON.stringify({ testMessageOnConnect: true }));\n    }\n\n    // call all our callbacks when we get a new socket. they will do the\n    // work of setting up handlers and such for specific messages.\n    _.each(self.registration_callbacks, function (callback) {\n      callback(socket);\n    });\n  });\n\n};\n\nObject.assign(StreamServer.prototype, {\n  // call my callback when a new socket connects.\n  // also call it for all current connections.\n  register: function (callback) {\n    var self = this;\n    self.registration_callbacks.push(callback);\n    _.each(self.all_sockets(), function (socket) {\n      callback(socket);\n    });\n  },\n\n  // get a list of all sockets\n  all_sockets: function () {\n    var self = this;\n    return _.values(self.open_sockets);\n  },\n\n  // Redirect /websocket to /sockjs/websocket in order to not expose\n  // sockjs to clients that want to use raw websockets\n  _redirectWebsocketEndpoint: function() {\n    var self = this;\n    // Unfortunately we can't use a connect middleware here since\n    // sockjs installs itself prior to all existing listeners\n    // (meaning prior to any connect middlewares) so we need to take\n    // an approach similar to overshadowListeners in\n    // https://github.com/sockjs/sockjs-node/blob/cf820c55af6a9953e16558555a31decea554f70e/src/utils.coffee\n    ['request', 'upgrade'].forEach((event) => {\n      var httpServer = WebApp.httpServer;\n      var oldHttpServerListeners = httpServer.listeners(event).slice(0);\n      httpServer.removeAllListeners(event);\n\n      // request and upgrade have different arguments passed but\n      // we only care about the first one which is always request\n      var newListener = function(request /*, moreArguments */) {\n        // Store arguments for use within the closure below\n        var args = arguments;\n\n        // TODO replace with url package\n        var url = Npm.require('url');\n\n        // Rewrite /websocket and /websocket/ urls to /sockjs/websocket while\n        // preserving query string.\n        var parsedUrl = url.parse(request.url);\n        if (parsedUrl.pathname === pathPrefix + '/websocket' ||\n            parsedUrl.pathname === pathPrefix + '/websocket/') {\n          parsedUrl.pathname = self.prefix + '/websocket';\n          request.url = url.format(parsedUrl);\n        }\n        _.each(oldHttpServerListeners, function(oldListener) {\n          oldListener.apply(httpServer, args);\n        });\n      };\n      httpServer.addListener(event, newListener);\n    });\n  }\n});\n"],"mappings":"AAAA;AACA;AACA;AACA;AACA;AACA;AACA;AACA;AACA;AACA;AACA;AACA,IAAIA,mBAAmB,GAAGC,CAAC,CAACC,IAAI,CAAC,YAAY;EAC3C,IAAIC,UAAU,GAAG,EAAE;EAEnB,IAAIC,0BAA0B,GAAGC,OAAO,CAACC,GAAG,CAACC,4BAA4B,GACjEC,IAAI,CAACC,KAAK,CAACJ,OAAO,CAACC,GAAG,CAACC,4BAA4B,CAAC,GAAG,CAAC,CAAC;EACjE,IAAIH,0BAA0B,EAAE;IAC9BD,UAAU,CAACO,IAAI,CAACC,GAAG,CAACC,OAAO,CAAC,oBAAoB,CAAC,CAACC,SAAS,CACzDT,0BACF,CAAC,CAAC;EACJ;EAEA,OAAOD,UAAU;AACnB,CAAC,CAAC;AAEF,IAAIW,UAAU,GAAGC,yBAAyB,CAACC,oBAAoB,IAAK,EAAE;AAEtEC,YAAY,GAAG,SAAAA,CAAA,EAAY;EACzB,IAAIC,IAAI,GAAG,IAAI;EACfA,IAAI,CAACC,sBAAsB,GAAG,EAAE;EAChCD,IAAI,CAACE,YAAY,GAAG,EAAE;;EAEtB;EACA;EACAF,IAAI,CAACG,MAAM,GAAGP,UAAU,GAAG,SAAS;EACpCQ,WAAW,CAACC,OAAO,CAACL,IAAI,CAACG,MAAM,GAAG,GAAG,EAAE,SAAS,CAAC;;EAEjD;EACA,IAAIG,MAAM,GAAGb,GAAG,CAACC,OAAO,CAAC,QAAQ,CAAC;EAClC,IAAIa,aAAa,GAAG;IAClBJ,MAAM,EAAEH,IAAI,CAACG,MAAM;IACnBK,GAAG,EAAE,SAAAA,CAAA,EAAW,CAAC,CAAC;IAClB;IACA;IACAC,eAAe,EAAE,KAAK;IACtB;IACA;IACA;IACA;IACA;IACA;IACAC,gBAAgB,EAAE,EAAE,GAAG,IAAI;IAC3B;IACA;IACAC,YAAY,EAAE,CAAC,CAACxB,OAAO,CAACC,GAAG,CAACwB,mBAAmB;IAC/C;IACA;IACA;IACAC,UAAU,EAAE,CAAC,CAAC1B,OAAO,CAACC,GAAG,CAAC0B;EAC5B,CAAC;;EAED;EACA;EACA;EACA;EACA,IAAI3B,OAAO,CAACC,GAAG,CAAC2B,kBAAkB,EAAE;IAClCR,aAAa,CAACS,SAAS,GAAG,KAAK;EACjC,CAAC,MAAM;IACLT,aAAa,CAACU,mBAAmB,GAAG;MAClChC,UAAU,EAAEH,mBAAmB,CAAC;IAClC,CAAC;EACH;EAEAkB,IAAI,CAACkB,MAAM,GAAGZ,MAAM,CAACa,YAAY,CAACZ,aAAa,CAAC;;EAEhD;EACA;EACA;EACA;EACAa,MAAM,CAACC,UAAU,CAACC,cAAc,CAC9B,SAAS,EAAEF,MAAM,CAACG,iCAAiC,CAAC;EACtDvB,IAAI,CAACkB,MAAM,CAACM,eAAe,CAACJ,MAAM,CAACC,UAAU,CAAC;EAC9CD,MAAM,CAACC,UAAU,CAACI,WAAW,CAC3B,SAAS,EAAEL,MAAM,CAACG,iCAAiC,CAAC;;EAEtD;EACAvB,IAAI,CAAC0B,0BAA0B,CAAC,CAAC;EAEjC1B,IAAI,CAACkB,MAAM,CAACS,EAAE,CAAC,YAAY,EAAE,UAAUC,MAAM,EAAE;IAC7C;IACA;IACA;IACA;IACA,IAAI,CAACA,MAAM,EAAE;;IAEb;IACA;IACA;IACA;IACA;IACA;IACA;IACA;IACA;IACA;IACAA,MAAM,CAACC,mBAAmB,GAAG,UAAUC,OAAO,EAAE;MAC9C,IAAI,CAACF,MAAM,CAACG,QAAQ,KAAK,WAAW,IAC/BH,MAAM,CAACG,QAAQ,KAAK,eAAe,KACjCH,MAAM,CAACI,QAAQ,CAACC,IAAI,EAAE;QAC3BL,MAAM,CAACI,QAAQ,CAACC,IAAI,CAACC,UAAU,CAACC,UAAU,CAACL,OAAO,CAAC;MACrD;IACF,CAAC;IACDF,MAAM,CAACC,mBAAmB,CAAC,EAAE,GAAG,IAAI,CAAC;IAErCD,MAAM,CAACQ,IAAI,GAAG,UAAUC,IAAI,EAAE;MAC5BT,MAAM,CAACU,KAAK,CAACD,IAAI,CAAC;IACpB,CAAC;IACDT,MAAM,CAACD,EAAE,CAAC,OAAO,EAAE,YAAY;MAC7B3B,IAAI,CAACE,YAAY,GAAGnB,CAAC,CAACwD,OAAO,CAACvC,IAAI,CAACE,YAAY,EAAE0B,MAAM,CAAC;IAC1D,CAAC,CAAC;IACF5B,IAAI,CAACE,YAAY,CAACV,IAAI,CAACoC,MAAM,CAAC;;IAE9B;IACA;IACA,IAAIzC,OAAO,CAACC,GAAG,CAACoD,aAAa,IAAIrD,OAAO,CAACC,GAAG,CAACoD,aAAa,KAAK,IAAI,EAAE;MACnEZ,MAAM,CAACQ,IAAI,CAAC9C,IAAI,CAACmD,SAAS,CAAC;QAAEC,oBAAoB,EAAE;MAAK,CAAC,CAAC,CAAC;IAC7D;;IAEA;IACA;IACA3D,CAAC,CAAC4D,IAAI,CAAC3C,IAAI,CAACC,sBAAsB,EAAE,UAAU2C,QAAQ,EAAE;MACtDA,QAAQ,CAAChB,MAAM,CAAC;IAClB,CAAC,CAAC;EACJ,CAAC,CAAC;AAEJ,CAAC;AAEDiB,MAAM,CAACC,MAAM,CAAC/C,YAAY,CAACgD,SAAS,EAAE;EACpC;EACA;EACAC,QAAQ,EAAE,SAAAA,CAAUJ,QAAQ,EAAE;IAC5B,IAAI5C,IAAI,GAAG,IAAI;IACfA,IAAI,CAACC,sBAAsB,CAACT,IAAI,CAACoD,QAAQ,CAAC;IAC1C7D,CAAC,CAAC4D,IAAI,CAAC3C,IAAI,CAACiD,WAAW,CAAC,CAAC,EAAE,UAAUrB,MAAM,EAAE;MAC3CgB,QAAQ,CAAChB,MAAM,CAAC;IAClB,CAAC,CAAC;EACJ,CAAC;EAED;EACAqB,WAAW,EAAE,SAAAA,CAAA,EAAY;IACvB,IAAIjD,IAAI,GAAG,IAAI;IACf,OAAOjB,CAAC,CAACmE,MAAM,CAAClD,IAAI,CAACE,YAAY,CAAC;EACpC,CAAC;EAED;EACA;EACAwB,0BAA0B,EAAE,SAAAA,CAAA,EAAW;IACrC,IAAI1B,IAAI,GAAG,IAAI;IACf;IACA;IACA;IACA;IACA;IACA,CAAC,SAAS,EAAE,SAAS,CAAC,CAACmD,OAAO,CAAEC,KAAK,IAAK;MACxC,IAAI/B,UAAU,GAAGD,MAAM,CAACC,UAAU;MAClC,IAAIgC,sBAAsB,GAAGhC,UAAU,CAACiC,SAAS,CAACF,KAAK,CAAC,CAACG,KAAK,CAAC,CAAC,CAAC;MACjElC,UAAU,CAACmC,kBAAkB,CAACJ,KAAK,CAAC;;MAEpC;MACA;MACA,IAAIK,WAAW,GAAG,SAAAA,CAASC,OAAO,CAAC,sBAAsB;QACvD;QACA,IAAIC,IAAI,GAAGC,SAAS;;QAEpB;QACA,IAAIC,GAAG,GAAGpE,GAAG,CAACC,OAAO,CAAC,KAAK,CAAC;;QAE5B;QACA;QACA,IAAIoE,SAAS,GAAGD,GAAG,CAACtE,KAAK,CAACmE,OAAO,CAACG,GAAG,CAAC;QACtC,IAAIC,SAAS,CAACC,QAAQ,KAAKnE,UAAU,GAAG,YAAY,IAChDkE,SAAS,CAACC,QAAQ,KAAKnE,UAAU,GAAG,aAAa,EAAE;UACrDkE,SAAS,CAACC,QAAQ,GAAG/D,IAAI,CAACG,MAAM,GAAG,YAAY;UAC/CuD,OAAO,CAACG,GAAG,GAAGA,GAAG,CAACG,MAAM,CAACF,SAAS,CAAC;QACrC;QACA/E,CAAC,CAAC4D,IAAI,CAACU,sBAAsB,EAAE,UAASY,WAAW,EAAE;UACnDA,WAAW,CAACC,KAAK,CAAC7C,UAAU,EAAEsC,IAAI,CAAC;QACrC,CAAC,CAAC;MACJ,CAAC;MACDtC,UAAU,CAACI,WAAW,CAAC2B,KAAK,EAAEK,WAAW,CAAC;IAC5C,CAAC,CAAC;EACJ;AACF,CAAC,CAAC"},"sourceType":"module","externalDependencies":{},"hash":"348356f0f7b2e33664e63009774753afa8aa2383"}
