{"metadata":{},"options":{"assumptions":{},"compact":false,"sourceMaps":true,"ast":true,"babelrc":false,"configFile":false,"parserOpts":{"sourceType":"module","sourceFileName":"/home/ani/Mergerware_assignment/Mererware_meteor/Mergerware_loanify/imports/ui/store/actions/users.js","plugins":["*","flow","jsx","asyncGenerators","bigInt","classPrivateMethods","classPrivateProperties","classProperties","doExpressions","dynamicImport","exportDefaultFrom","exportExtensions","exportNamespaceFrom","functionBind","functionSent","importMeta","nullishCoalescingOperator","numericSeparator","objectRestSpread","optionalCatchBinding","optionalChaining",["pipelineOperator",{"proposal":"minimal"}],"throwExpressions","classProperties","classPrivateProperties","jsx","nullishCoalescingOperator","nullishCoalescingOperator","optionalChaining","optionalChaining","optionalCatchBinding","optionalCatchBinding","classProperties","classPrivateProperties","classPrivateMethods","classProperties","classPrivateProperties","asyncGenerators","asyncGenerators","objectRestSpread","objectRestSpread","logicalAssignment"],"allowImportExportEverywhere":true,"allowReturnOutsideFunction":true,"allowUndeclaredExports":true,"strictMode":false},"caller":{"name":"meteor","arch":"web.browser"},"sourceFileName":"imports/ui/store/actions/users.js","filename":"/home/ani/Mergerware_assignment/Mererware_meteor/Mergerware_loanify/imports/ui/store/actions/users.js","inputSourceMap":{"version":3,"names":["actionTypes","axios","setUsers","users","type","SET_USERS","deleteUser","userId","DELETE_USER","initDeleteUser","dispatch","delete","then","response","catch","error","deleteUserFailed","DELETE_USER_FAILED","fetchUsersFailed","FETCH_USERS_FAILED","initUsers","get","data","setSelectedUserId","selectedUserId","SET_SELECTED_USER_ID","createUserStart","CREATE_USER_START","createUserSuccess","message","CREATE_USER_SUCCESS","createUserMessage","createUserFail","errors","CREATE_USER_FAIL","createUserErrors","createUser","user","token","console","log","formData","FormData","append","url","config","headers","post","err","validationMessages","validationObj","combinedErrors","uniqueErrors","Object","keys","forEach","key","val","push","Set","editUserStart","EDIT_USER_START","editUserSuccess","EDIT_USER_SUCCESS","editUserMessage","editUserFail","EDIT_USER_FAIL","editUserErrors","editUser"],"sources":["imports/ui/store/actions/users.js"],"sourcesContent":["import * as actionTypes from './actionTypes';\nimport axios from 'axios';\n\nexport const setUsers = (users) => {\n    return {\n        type: actionTypes.SET_USERS,\n        users: users\n    };\n};\n\nexport const deleteUser = (userId) => {\n    return {\n        type: actionTypes.DELETE_USER,\n        userId: userId\n    };\n};\n\nexport const initDeleteUser = (userId) => {\n    return dispatch => {\n        axios.delete('http://fina.mv/api/users/' + userId)\n            .then(response => {\n                dispatch(deleteUser(userId));\n            })\n            .catch(error => {\n                dispatch(deleteUserFailed());\n            });\n    };\n};\n\nexport const deleteUserFailed = () => {\n    return {\n        type: actionTypes.DELETE_USER_FAILED\n    };\n};\n\nexport const fetchUsersFailed = () => {\n    return {\n        type: actionTypes.FETCH_USERS_FAILED\n    };\n};\n\nexport const initUsers = () => {\n    return dispatch => {\n        axios.get('http://fina.mv/api/users')\n            .then(response => {\n                dispatch(setUsers(response.data.users));\n            })\n            .catch(error => {\n                dispatch(fetchUsersFailed());\n            });\n    };\n};\n\nexport const setSelectedUserId = (selectedUserId) => {\n    return {\n        type: actionTypes.SET_SELECTED_USER_ID,\n        selectedUserId: selectedUserId\n    };\n};\n\nexport const createUserStart = () => {\n    return {\n        type: actionTypes.CREATE_USER_START\n    };\n};\n\nexport const createUserSuccess = (message) => {\n    return {\n        type: actionTypes.CREATE_USER_SUCCESS,\n        createUserMessage: message\n    };\n};\n\nexport const createUserFail = (errors) => {\n    return {\n        type: actionTypes.CREATE_USER_FAIL,\n        createUserErrors: errors\n    };\n};\n\nexport const createUser = (user, token) => {\n    console.log('createUser');\n    return dispatch => {\n        dispatch(createUserStart());\n        let formData = new FormData();\n\n        formData.append('name', user['name']);\n        formData.append('email', user['email']);\n        formData.append('password', user['password']);\n        formData.append('c_password', user['c_password']);\n        formData.append('role_admin', user['role']==0?1:0);\n        formData.append('role_moderator', user['role']==1?1:0);\n        formData.append('role_standard', user['role']==2?1:0);\n\n        let url = 'http://fina.mv/api/users/store';\n\n\n        let config = {\n            headers: {\n                'Content-Type': 'multipart/form-data'\n            }\n        };\n\n        axios.post(url, formData, config)\n            .then(response => {\n                dispatch(createUserSuccess(response.data[\"status\"]));\n            })\n            .catch(err => {\n\n                console.log(\"[actions/users.js>createUser.err]:\", err);\n                if (\n                    err &&\n                    err.response &&\n                    err.response.data &&\n                    err.response.data.validationMessages &&\n                    (typeof err.response.data.validationMessages === 'object')\n                ) {\n                    let validationObj = err.response.data.validationMessages;\n                    let combinedErrors = [];\n                    let uniqueErrors = [];\n                    Object.keys(validationObj).forEach((key) => {\n                        validationObj[key].forEach((val) => {\n                            combinedErrors.push(val);\n                        });\n                    });\n                    uniqueErrors = [...new Set(combinedErrors)];\n                    dispatch(createUserFail(uniqueErrors));\n                }\n                else {\n                    dispatch(createUserFail(\"error\"));\n                }\n            });\n    };\n};\n\n\nexport const editUserStart = () => {\n    return {\n        type: actionTypes.EDIT_USER_START\n    };\n};\n\nexport const editUserSuccess = (message) => {\n    return {\n        type: actionTypes.EDIT_USER_SUCCESS,\n        editUserMessage: message\n    };\n};\n\nexport const editUserFail = (errors) => {\n    console.log('editUserFail:', errors);\n    return {\n        type: actionTypes.EDIT_USER_FAIL,\n        editUserErrors: errors\n    };\n};\n\nexport const editUser = (user, userId, token) => {\n    return dispatch => {\n        dispatch(editUserStart());\n\n        let formData = new FormData();\n\n        formData.append('name', user['name']);\n        formData.append('email', user['email']);\n        if(user['password']){\n            formData.append('password', user['password']);\n        }\n        if(user['c_password']){\n            formData.append('c_password', user['c_password']);\n        }\n        formData.append('role_admin', user['role']==0?1:0);\n        formData.append('role_moderator', user['role']==1?1:0);\n        formData.append('role_standard', user['role']==2?1:0);\n\n        let url = 'http://fina.mv/api/users/update/' + userId;\n\n        let config = {\n            headers: {\n                'Content-Type': 'multipart/form-data'\n            }\n        };\n\n        axios.post(url, formData, config)\n            .then(response => {\n                dispatch(editUserSuccess(response.data[\"status\"]));\n            })\n            .catch(err => {\n\n                if (\n                    err &&\n                    err.response &&\n                    err.response.data &&\n                    err.response.data.validationMessages &&\n                    (typeof err.response.data.validationMessages === 'object')\n                ) {\n                    let validationObj = err.response.data.validationMessages;\n                    let combinedErrors = [];\n                    let uniqueErrors = [];\n                    Object.keys(validationObj).forEach((key) => {\n                        validationObj[key].forEach((val) => {\n                            combinedErrors.push(val);\n                        });\n                    });\n                    uniqueErrors = [...new Set(combinedErrors)];\n                    dispatch(editUserFail(uniqueErrors));\n                }\n                else {\n                    dispatch(editUserFail(\"error\"));\n                }\n            });\n    };\n};\n"],"mappings":";AAAA,OAAO,KAAKA,WAAW,MAAM,eAAe;AAC5C,OAAOC,KAAK,MAAM,OAAO;AAEzB,OAAO,MAAMC,QAAQ,GAAIC,KAAK,IAAK;EAC/B,OAAO;IACHC,IAAI,EAAEJ,WAAW,CAACK,SAAS;IAC3BF,KAAK,EAAEA;EACX,CAAC;AACL,CAAC;AAED,OAAO,MAAMG,UAAU,GAAIC,MAAM,IAAK;EAClC,OAAO;IACHH,IAAI,EAAEJ,WAAW,CAACQ,WAAW;IAC7BD,MAAM,EAAEA;EACZ,CAAC;AACL,CAAC;AAED,OAAO,MAAME,cAAc,GAAIF,MAAM,IAAK;EACtC,OAAOG,QAAQ,IAAI;IACfT,KAAK,CAACU,MAAM,CAAC,2BAA2B,GAAGJ,MAAM,CAAC,CAC7CK,IAAI,CAACC,QAAQ,IAAI;MACdH,QAAQ,CAACJ,UAAU,CAACC,MAAM,CAAC,CAAC;IAChC,CAAC,CAAC,CACDO,KAAK,CAACC,KAAK,IAAI;MACZL,QAAQ,CAACM,gBAAgB,CAAC,CAAC,CAAC;IAChC,CAAC,CAAC;EACV,CAAC;AACL,CAAC;AAED,OAAO,MAAMA,gBAAgB,GAAGA,CAAA,KAAM;EAClC,OAAO;IACHZ,IAAI,EAAEJ,WAAW,CAACiB;EACtB,CAAC;AACL,CAAC;AAED,OAAO,MAAMC,gBAAgB,GAAGA,CAAA,KAAM;EAClC,OAAO;IACHd,IAAI,EAAEJ,WAAW,CAACmB;EACtB,CAAC;AACL,CAAC;AAED,OAAO,MAAMC,SAAS,GAAGA,CAAA,KAAM;EAC3B,OAAOV,QAAQ,IAAI;IACfT,KAAK,CAACoB,GAAG,CAAC,0BAA0B,CAAC,CAChCT,IAAI,CAACC,QAAQ,IAAI;MACdH,QAAQ,CAACR,QAAQ,CAACW,QAAQ,CAACS,IAAI,CAACnB,KAAK,CAAC,CAAC;IAC3C,CAAC,CAAC,CACDW,KAAK,CAACC,KAAK,IAAI;MACZL,QAAQ,CAACQ,gBAAgB,CAAC,CAAC,CAAC;IAChC,CAAC,CAAC;EACV,CAAC;AACL,CAAC;AAED,OAAO,MAAMK,iBAAiB,GAAIC,cAAc,IAAK;EACjD,OAAO;IACHpB,IAAI,EAAEJ,WAAW,CAACyB,oBAAoB;IACtCD,cAAc,EAAEA;EACpB,CAAC;AACL,CAAC;AAED,OAAO,MAAME,eAAe,GAAGA,CAAA,KAAM;EACjC,OAAO;IACHtB,IAAI,EAAEJ,WAAW,CAAC2B;EACtB,CAAC;AACL,CAAC;AAED,OAAO,MAAMC,iBAAiB,GAAIC,OAAO,IAAK;EAC1C,OAAO;IACHzB,IAAI,EAAEJ,WAAW,CAAC8B,mBAAmB;IACrCC,iBAAiB,EAAEF;EACvB,CAAC;AACL,CAAC;AAED,OAAO,MAAMG,cAAc,GAAIC,MAAM,IAAK;EACtC,OAAO;IACH7B,IAAI,EAAEJ,WAAW,CAACkC,gBAAgB;IAClCC,gBAAgB,EAAEF;EACtB,CAAC;AACL,CAAC;AAED,OAAO,MAAMG,UAAU,GAAGA,CAACC,IAAI,EAAEC,KAAK,KAAK;EACvCC,OAAO,CAACC,GAAG,CAAC,YAAY,CAAC;EACzB,OAAO9B,QAAQ,IAAI;IACfA,QAAQ,CAACgB,eAAe,CAAC,CAAC,CAAC;IAC3B,IAAIe,QAAQ,GAAG,IAAIC,QAAQ,CAAC,CAAC;IAE7BD,QAAQ,CAACE,MAAM,CAAC,MAAM,EAAEN,IAAI,CAAC,MAAM,CAAC,CAAC;IACrCI,QAAQ,CAACE,MAAM,CAAC,OAAO,EAAEN,IAAI,CAAC,OAAO,CAAC,CAAC;IACvCI,QAAQ,CAACE,MAAM,CAAC,UAAU,EAAEN,IAAI,CAAC,UAAU,CAAC,CAAC;IAC7CI,QAAQ,CAACE,MAAM,CAAC,YAAY,EAAEN,IAAI,CAAC,YAAY,CAAC,CAAC;IACjDI,QAAQ,CAACE,MAAM,CAAC,YAAY,EAAEN,IAAI,CAAC,MAAM,CAAC,IAAE,CAAC,GAAC,CAAC,GAAC,CAAC,CAAC;IAClDI,QAAQ,CAACE,MAAM,CAAC,gBAAgB,EAAEN,IAAI,CAAC,MAAM,CAAC,IAAE,CAAC,GAAC,CAAC,GAAC,CAAC,CAAC;IACtDI,QAAQ,CAACE,MAAM,CAAC,eAAe,EAAEN,IAAI,CAAC,MAAM,CAAC,IAAE,CAAC,GAAC,CAAC,GAAC,CAAC,CAAC;IAErD,IAAIO,GAAG,GAAG,gCAAgC;IAG1C,IAAIC,MAAM,GAAG;MACTC,OAAO,EAAE;QACL,cAAc,EAAE;MACpB;IACJ,CAAC;IAED7C,KAAK,CAAC8C,IAAI,CAACH,GAAG,EAAEH,QAAQ,EAAEI,MAAM,CAAC,CAC5BjC,IAAI,CAACC,QAAQ,IAAI;MACdH,QAAQ,CAACkB,iBAAiB,CAACf,QAAQ,CAACS,IAAI,CAAC,QAAQ,CAAC,CAAC,CAAC;IACxD,CAAC,CAAC,CACDR,KAAK,CAACkC,GAAG,IAAI;MAEVT,OAAO,CAACC,GAAG,CAAC,oCAAoC,EAAEQ,GAAG,CAAC;MACtD,IACIA,GAAG,IACHA,GAAG,CAACnC,QAAQ,IACZmC,GAAG,CAACnC,QAAQ,CAACS,IAAI,IACjB0B,GAAG,CAACnC,QAAQ,CAACS,IAAI,CAAC2B,kBAAkB,IACnC,OAAOD,GAAG,CAACnC,QAAQ,CAACS,IAAI,CAAC2B,kBAAkB,KAAK,QAAS,EAC5D;QACE,IAAIC,aAAa,GAAGF,GAAG,CAACnC,QAAQ,CAACS,IAAI,CAAC2B,kBAAkB;QACxD,IAAIE,cAAc,GAAG,EAAE;QACvB,IAAIC,YAAY,GAAG,EAAE;QACrBC,MAAM,CAACC,IAAI,CAACJ,aAAa,CAAC,CAACK,OAAO,CAAEC,GAAG,IAAK;UACxCN,aAAa,CAACM,GAAG,CAAC,CAACD,OAAO,CAAEE,GAAG,IAAK;YAChCN,cAAc,CAACO,IAAI,CAACD,GAAG,CAAC;UAC5B,CAAC,CAAC;QACN,CAAC,CAAC;QACFL,YAAY,GAAG,CAAC,GAAG,IAAIO,GAAG,CAACR,cAAc,CAAC,CAAC;QAC3CzC,QAAQ,CAACsB,cAAc,CAACoB,YAAY,CAAC,CAAC;MAC1C,CAAC,MACI;QACD1C,QAAQ,CAACsB,cAAc,CAAC,OAAO,CAAC,CAAC;MACrC;IACJ,CAAC,CAAC;EACV,CAAC;AACL,CAAC;AAGD,OAAO,MAAM4B,aAAa,GAAGA,CAAA,KAAM;EAC/B,OAAO;IACHxD,IAAI,EAAEJ,WAAW,CAAC6D;EACtB,CAAC;AACL,CAAC;AAED,OAAO,MAAMC,eAAe,GAAIjC,OAAO,IAAK;EACxC,OAAO;IACHzB,IAAI,EAAEJ,WAAW,CAAC+D,iBAAiB;IACnCC,eAAe,EAAEnC;EACrB,CAAC;AACL,CAAC;AAED,OAAO,MAAMoC,YAAY,GAAIhC,MAAM,IAAK;EACpCM,OAAO,CAACC,GAAG,CAAC,eAAe,EAAEP,MAAM,CAAC;EACpC,OAAO;IACH7B,IAAI,EAAEJ,WAAW,CAACkE,cAAc;IAChCC,cAAc,EAAElC;EACpB,CAAC;AACL,CAAC;AAED,OAAO,MAAMmC,QAAQ,GAAGA,CAAC/B,IAAI,EAAE9B,MAAM,EAAE+B,KAAK,KAAK;EAC7C,OAAO5B,QAAQ,IAAI;IACfA,QAAQ,CAACkD,aAAa,CAAC,CAAC,CAAC;IAEzB,IAAInB,QAAQ,GAAG,IAAIC,QAAQ,CAAC,CAAC;IAE7BD,QAAQ,CAACE,MAAM,CAAC,MAAM,EAAEN,IAAI,CAAC,MAAM,CAAC,CAAC;IACrCI,QAAQ,CAACE,MAAM,CAAC,OAAO,EAAEN,IAAI,CAAC,OAAO,CAAC,CAAC;IACvC,IAAGA,IAAI,CAAC,UAAU,CAAC,EAAC;MAChBI,QAAQ,CAACE,MAAM,CAAC,UAAU,EAAEN,IAAI,CAAC,UAAU,CAAC,CAAC;IACjD;IACA,IAAGA,IAAI,CAAC,YAAY,CAAC,EAAC;MAClBI,QAAQ,CAACE,MAAM,CAAC,YAAY,EAAEN,IAAI,CAAC,YAAY,CAAC,CAAC;IACrD;IACAI,QAAQ,CAACE,MAAM,CAAC,YAAY,EAAEN,IAAI,CAAC,MAAM,CAAC,IAAE,CAAC,GAAC,CAAC,GAAC,CAAC,CAAC;IAClDI,QAAQ,CAACE,MAAM,CAAC,gBAAgB,EAAEN,IAAI,CAAC,MAAM,CAAC,IAAE,CAAC,GAAC,CAAC,GAAC,CAAC,CAAC;IACtDI,QAAQ,CAACE,MAAM,CAAC,eAAe,EAAEN,IAAI,CAAC,MAAM,CAAC,IAAE,CAAC,GAAC,CAAC,GAAC,CAAC,CAAC;IAErD,IAAIO,GAAG,GAAG,kCAAkC,GAAGrC,MAAM;IAErD,IAAIsC,MAAM,GAAG;MACTC,OAAO,EAAE;QACL,cAAc,EAAE;MACpB;IACJ,CAAC;IAED7C,KAAK,CAAC8C,IAAI,CAACH,GAAG,EAAEH,QAAQ,EAAEI,MAAM,CAAC,CAC5BjC,IAAI,CAACC,QAAQ,IAAI;MACdH,QAAQ,CAACoD,eAAe,CAACjD,QAAQ,CAACS,IAAI,CAAC,QAAQ,CAAC,CAAC,CAAC;IACtD,CAAC,CAAC,CACDR,KAAK,CAACkC,GAAG,IAAI;MAEV,IACIA,GAAG,IACHA,GAAG,CAACnC,QAAQ,IACZmC,GAAG,CAACnC,QAAQ,CAACS,IAAI,IACjB0B,GAAG,CAACnC,QAAQ,CAACS,IAAI,CAAC2B,kBAAkB,IACnC,OAAOD,GAAG,CAACnC,QAAQ,CAACS,IAAI,CAAC2B,kBAAkB,KAAK,QAAS,EAC5D;QACE,IAAIC,aAAa,GAAGF,GAAG,CAACnC,QAAQ,CAACS,IAAI,CAAC2B,kBAAkB;QACxD,IAAIE,cAAc,GAAG,EAAE;QACvB,IAAIC,YAAY,GAAG,EAAE;QACrBC,MAAM,CAACC,IAAI,CAACJ,aAAa,CAAC,CAACK,OAAO,CAAEC,GAAG,IAAK;UACxCN,aAAa,CAACM,GAAG,CAAC,CAACD,OAAO,CAAEE,GAAG,IAAK;YAChCN,cAAc,CAACO,IAAI,CAACD,GAAG,CAAC;UAC5B,CAAC,CAAC;QACN,CAAC,CAAC;QACFL,YAAY,GAAG,CAAC,GAAG,IAAIO,GAAG,CAACR,cAAc,CAAC,CAAC;QAC3CzC,QAAQ,CAACuD,YAAY,CAACb,YAAY,CAAC,CAAC;MACxC,CAAC,MACI;QACD1C,QAAQ,CAACuD,YAAY,CAAC,OAAO,CAAC,CAAC;MACnC;IACJ,CAAC,CAAC;EACV,CAAC;AACL,CAAC"},"targets":{},"cloneInputAst":true,"browserslistConfigFile":false,"passPerPreset":false,"envName":"development","cwd":"/home/ani/Mergerware_assignment/Mererware_meteor/Mergerware_loanify","root":"/home/ani/Mergerware_assignment/Mererware_meteor/Mergerware_loanify","rootMode":"root","plugins":[{"key":"base$0","visitor":{"_exploded":true,"_verified":true},"options":{},"externalDependencies":[]},{"key":"base$0$0","visitor":{"Program":{"enter":[null],"exit":[null]},"_exploded":true,"_verified":true},"options":{"avoidModernSyntax":false,"enforceStrictMode":false,"dynamicImport":true,"generateLetDeclarations":true},"externalDependencies":[]},{"key":"transform-runtime","visitor":{"MemberExpression":{"enter":[null]},"ObjectPattern":{"enter":[null]},"BinaryExpression":{"enter":[null]},"Identifier":{"enter":[null]},"JSXIdentifier":{"enter":[null]},"_exploded":true,"_verified":true},"options":{"version":"7.17.2","helpers":true,"useESModules":false,"corejs":false},"externalDependencies":[]},{"key":"proposal-class-properties","visitor":{"ExportDefaultDeclaration":{"enter":[null]},"_exploded":true,"_verified":true,"ClassExpression":{"enter":[null]},"ClassDeclaration":{"enter":[null]}},"options":{"loose":true},"externalDependencies":[]},{"key":"transform-react-jsx","visitor":{"JSXNamespacedName":{"enter":[null]},"JSXSpreadChild":{"enter":[null]},"Program":{"enter":[null]},"JSXFragment":{"exit":[null]},"JSXElement":{"exit":[null]},"JSXAttribute":{"enter":[null]},"_exploded":true,"_verified":true},"options":{"pragma":"React.createElement","pragmaFrag":"React.Fragment","runtime":"classic","throwIfNamespace":true,"useBuiltIns":false},"externalDependencies":[]},{"key":"transform-react-display-name","visitor":{"ExportDefaultDeclaration":{"enter":[null]},"CallExpression":{"enter":[null]},"_exploded":true,"_verified":true},"options":{},"externalDependencies":[]},{"key":"transform-react-pure-annotations","visitor":{"CallExpression":{"enter":[null]},"_exploded":true,"_verified":true},"options":{},"externalDependencies":[]},{"key":"syntax-nullish-coalescing-operator","visitor":{"_exploded":true,"_verified":true},"options":{},"externalDependencies":[]},{"key":"proposal-nullish-coalescing-operator","visitor":{"LogicalExpression":{"enter":[null]},"_exploded":true,"_verified":true},"options":{},"externalDependencies":[]},{"key":"syntax-optional-chaining","visitor":{"_exploded":true,"_verified":true},"options":{},"externalDependencies":[]},{"key":"proposal-optional-chaining","visitor":{"OptionalCallExpression":{"enter":[null]},"OptionalMemberExpression":{"enter":[null]},"_exploded":true,"_verified":true},"options":{},"externalDependencies":[]},{"key":"syntax-optional-catch-binding","visitor":{"_exploded":true,"_verified":true},"options":{},"externalDependencies":[]},{"key":"proposal-optional-catch-binding","visitor":{"CatchClause":{"enter":[null]},"_exploded":true,"_verified":true},"options":{},"externalDependencies":[]},{"key":"syntax-class-properties","visitor":{"_exploded":true,"_verified":true},"options":{},"externalDependencies":[]},{"key":"proposal-class-properties","visitor":{"ExportDefaultDeclaration":{"enter":[null]},"_exploded":true,"_verified":true,"ClassExpression":{"enter":[null]},"ClassDeclaration":{"enter":[null]}},"options":{},"externalDependencies":[]},{"key":"syntax-async-generators","visitor":{"_exploded":true,"_verified":true},"options":{},"externalDependencies":[]},{"key":"proposal-async-generator-functions","visitor":{"Program":{"enter":[null]},"_exploded":true,"_verified":true},"options":{},"externalDependencies":[]},{"key":"syntax-object-rest-spread","visitor":{"_exploded":true,"_verified":true},"options":{},"externalDependencies":[]},{"key":"proposal-object-rest-spread","visitor":{"VariableDeclarator":{"enter":[null]},"ExportNamedDeclaration":{"enter":[null]},"CatchClause":{"enter":[null]},"AssignmentExpression":{"enter":[null]},"ArrayPattern":{"enter":[null]},"ObjectExpression":{"enter":[null]},"FunctionDeclaration":{"enter":[null]},"FunctionExpression":{"enter":[null]},"ObjectMethod":{"enter":[null]},"ArrowFunctionExpression":{"enter":[null]},"ClassMethod":{"enter":[null]},"ClassPrivateMethod":{"enter":[null]},"ForInStatement":{"enter":[null]},"ForOfStatement":{"enter":[null]},"_exploded":true,"_verified":true},"options":{},"externalDependencies":[]},{"key":"proposal-logical-assignment-operators","visitor":{"AssignmentExpression":{"enter":[null]},"_exploded":true,"_verified":true},"options":{},"externalDependencies":[]},{"key":"transform-literals","visitor":{"NumericLiteral":{"enter":[null]},"StringLiteral":{"enter":[null]},"_exploded":true,"_verified":true},"options":{},"externalDependencies":[]},{"key":"transform-template-literals","visitor":{"TaggedTemplateExpression":{"enter":[null]},"TemplateLiteral":{"enter":[null]},"_exploded":true,"_verified":true},"options":{},"externalDependencies":[]},{"key":"transform-parameters","visitor":{"_exploded":true,"_verified":true,"FunctionDeclaration":{"enter":[null]},"FunctionExpression":{"enter":[null]},"ObjectMethod":{"enter":[null]},"ArrowFunctionExpression":{"enter":[null]},"ClassMethod":{"enter":[null]},"ClassPrivateMethod":{"enter":[null]}},"options":{},"externalDependencies":[]},{"key":"transform-exponentiation-operator","visitor":{"AssignmentExpression":{"enter":[null]},"BinaryExpression":{"enter":[null]},"_exploded":true,"_verified":true},"options":{},"externalDependencies":[]}],"presets":[],"generatorOpts":{"filename":"/home/ani/Mergerware_assignment/Mererware_meteor/Mergerware_loanify/imports/ui/store/actions/users.js","comments":true,"compact":false,"sourceMaps":true,"sourceFileName":"imports/ui/store/actions/users.js","inputSourceMap":{"version":3,"names":["actionTypes","axios","setUsers","users","type","SET_USERS","deleteUser","userId","DELETE_USER","initDeleteUser","dispatch","delete","then","response","catch","error","deleteUserFailed","DELETE_USER_FAILED","fetchUsersFailed","FETCH_USERS_FAILED","initUsers","get","data","setSelectedUserId","selectedUserId","SET_SELECTED_USER_ID","createUserStart","CREATE_USER_START","createUserSuccess","message","CREATE_USER_SUCCESS","createUserMessage","createUserFail","errors","CREATE_USER_FAIL","createUserErrors","createUser","user","token","console","log","formData","FormData","append","url","config","headers","post","err","validationMessages","validationObj","combinedErrors","uniqueErrors","Object","keys","forEach","key","val","push","Set","editUserStart","EDIT_USER_START","editUserSuccess","EDIT_USER_SUCCESS","editUserMessage","editUserFail","EDIT_USER_FAIL","editUserErrors","editUser"],"sources":["imports/ui/store/actions/users.js"],"sourcesContent":["import * as actionTypes from './actionTypes';\nimport axios from 'axios';\n\nexport const setUsers = (users) => {\n    return {\n        type: actionTypes.SET_USERS,\n        users: users\n    };\n};\n\nexport const deleteUser = (userId) => {\n    return {\n        type: actionTypes.DELETE_USER,\n        userId: userId\n    };\n};\n\nexport const initDeleteUser = (userId) => {\n    return dispatch => {\n        axios.delete('http://fina.mv/api/users/' + userId)\n            .then(response => {\n                dispatch(deleteUser(userId));\n            })\n            .catch(error => {\n                dispatch(deleteUserFailed());\n            });\n    };\n};\n\nexport const deleteUserFailed = () => {\n    return {\n        type: actionTypes.DELETE_USER_FAILED\n    };\n};\n\nexport const fetchUsersFailed = () => {\n    return {\n        type: actionTypes.FETCH_USERS_FAILED\n    };\n};\n\nexport const initUsers = () => {\n    return dispatch => {\n        axios.get('http://fina.mv/api/users')\n            .then(response => {\n                dispatch(setUsers(response.data.users));\n            })\n            .catch(error => {\n                dispatch(fetchUsersFailed());\n            });\n    };\n};\n\nexport const setSelectedUserId = (selectedUserId) => {\n    return {\n        type: actionTypes.SET_SELECTED_USER_ID,\n        selectedUserId: selectedUserId\n    };\n};\n\nexport const createUserStart = () => {\n    return {\n        type: actionTypes.CREATE_USER_START\n    };\n};\n\nexport const createUserSuccess = (message) => {\n    return {\n        type: actionTypes.CREATE_USER_SUCCESS,\n        createUserMessage: message\n    };\n};\n\nexport const createUserFail = (errors) => {\n    return {\n        type: actionTypes.CREATE_USER_FAIL,\n        createUserErrors: errors\n    };\n};\n\nexport const createUser = (user, token) => {\n    console.log('createUser');\n    return dispatch => {\n        dispatch(createUserStart());\n        let formData = new FormData();\n\n        formData.append('name', user['name']);\n        formData.append('email', user['email']);\n        formData.append('password', user['password']);\n        formData.append('c_password', user['c_password']);\n        formData.append('role_admin', user['role']==0?1:0);\n        formData.append('role_moderator', user['role']==1?1:0);\n        formData.append('role_standard', user['role']==2?1:0);\n\n        let url = 'http://fina.mv/api/users/store';\n\n\n        let config = {\n            headers: {\n                'Content-Type': 'multipart/form-data'\n            }\n        };\n\n        axios.post(url, formData, config)\n            .then(response => {\n                dispatch(createUserSuccess(response.data[\"status\"]));\n            })\n            .catch(err => {\n\n                console.log(\"[actions/users.js>createUser.err]:\", err);\n                if (\n                    err &&\n                    err.response &&\n                    err.response.data &&\n                    err.response.data.validationMessages &&\n                    (typeof err.response.data.validationMessages === 'object')\n                ) {\n                    let validationObj = err.response.data.validationMessages;\n                    let combinedErrors = [];\n                    let uniqueErrors = [];\n                    Object.keys(validationObj).forEach((key) => {\n                        validationObj[key].forEach((val) => {\n                            combinedErrors.push(val);\n                        });\n                    });\n                    uniqueErrors = [...new Set(combinedErrors)];\n                    dispatch(createUserFail(uniqueErrors));\n                }\n                else {\n                    dispatch(createUserFail(\"error\"));\n                }\n            });\n    };\n};\n\n\nexport const editUserStart = () => {\n    return {\n        type: actionTypes.EDIT_USER_START\n    };\n};\n\nexport const editUserSuccess = (message) => {\n    return {\n        type: actionTypes.EDIT_USER_SUCCESS,\n        editUserMessage: message\n    };\n};\n\nexport const editUserFail = (errors) => {\n    console.log('editUserFail:', errors);\n    return {\n        type: actionTypes.EDIT_USER_FAIL,\n        editUserErrors: errors\n    };\n};\n\nexport const editUser = (user, userId, token) => {\n    return dispatch => {\n        dispatch(editUserStart());\n\n        let formData = new FormData();\n\n        formData.append('name', user['name']);\n        formData.append('email', user['email']);\n        if(user['password']){\n            formData.append('password', user['password']);\n        }\n        if(user['c_password']){\n            formData.append('c_password', user['c_password']);\n        }\n        formData.append('role_admin', user['role']==0?1:0);\n        formData.append('role_moderator', user['role']==1?1:0);\n        formData.append('role_standard', user['role']==2?1:0);\n\n        let url = 'http://fina.mv/api/users/update/' + userId;\n\n        let config = {\n            headers: {\n                'Content-Type': 'multipart/form-data'\n            }\n        };\n\n        axios.post(url, formData, config)\n            .then(response => {\n                dispatch(editUserSuccess(response.data[\"status\"]));\n            })\n            .catch(err => {\n\n                if (\n                    err &&\n                    err.response &&\n                    err.response.data &&\n                    err.response.data.validationMessages &&\n                    (typeof err.response.data.validationMessages === 'object')\n                ) {\n                    let validationObj = err.response.data.validationMessages;\n                    let combinedErrors = [];\n                    let uniqueErrors = [];\n                    Object.keys(validationObj).forEach((key) => {\n                        validationObj[key].forEach((val) => {\n                            combinedErrors.push(val);\n                        });\n                    });\n                    uniqueErrors = [...new Set(combinedErrors)];\n                    dispatch(editUserFail(uniqueErrors));\n                }\n                else {\n                    dispatch(editUserFail(\"error\"));\n                }\n            });\n    };\n};\n"],"mappings":";AAAA,OAAO,KAAKA,WAAW,MAAM,eAAe;AAC5C,OAAOC,KAAK,MAAM,OAAO;AAEzB,OAAO,MAAMC,QAAQ,GAAIC,KAAK,IAAK;EAC/B,OAAO;IACHC,IAAI,EAAEJ,WAAW,CAACK,SAAS;IAC3BF,KAAK,EAAEA;EACX,CAAC;AACL,CAAC;AAED,OAAO,MAAMG,UAAU,GAAIC,MAAM,IAAK;EAClC,OAAO;IACHH,IAAI,EAAEJ,WAAW,CAACQ,WAAW;IAC7BD,MAAM,EAAEA;EACZ,CAAC;AACL,CAAC;AAED,OAAO,MAAME,cAAc,GAAIF,MAAM,IAAK;EACtC,OAAOG,QAAQ,IAAI;IACfT,KAAK,CAACU,MAAM,CAAC,2BAA2B,GAAGJ,MAAM,CAAC,CAC7CK,IAAI,CAACC,QAAQ,IAAI;MACdH,QAAQ,CAACJ,UAAU,CAACC,MAAM,CAAC,CAAC;IAChC,CAAC,CAAC,CACDO,KAAK,CAACC,KAAK,IAAI;MACZL,QAAQ,CAACM,gBAAgB,CAAC,CAAC,CAAC;IAChC,CAAC,CAAC;EACV,CAAC;AACL,CAAC;AAED,OAAO,MAAMA,gBAAgB,GAAGA,CAAA,KAAM;EAClC,OAAO;IACHZ,IAAI,EAAEJ,WAAW,CAACiB;EACtB,CAAC;AACL,CAAC;AAED,OAAO,MAAMC,gBAAgB,GAAGA,CAAA,KAAM;EAClC,OAAO;IACHd,IAAI,EAAEJ,WAAW,CAACmB;EACtB,CAAC;AACL,CAAC;AAED,OAAO,MAAMC,SAAS,GAAGA,CAAA,KAAM;EAC3B,OAAOV,QAAQ,IAAI;IACfT,KAAK,CAACoB,GAAG,CAAC,0BAA0B,CAAC,CAChCT,IAAI,CAACC,QAAQ,IAAI;MACdH,QAAQ,CAACR,QAAQ,CAACW,QAAQ,CAACS,IAAI,CAACnB,KAAK,CAAC,CAAC;IAC3C,CAAC,CAAC,CACDW,KAAK,CAACC,KAAK,IAAI;MACZL,QAAQ,CAACQ,gBAAgB,CAAC,CAAC,CAAC;IAChC,CAAC,CAAC;EACV,CAAC;AACL,CAAC;AAED,OAAO,MAAMK,iBAAiB,GAAIC,cAAc,IAAK;EACjD,OAAO;IACHpB,IAAI,EAAEJ,WAAW,CAACyB,oBAAoB;IACtCD,cAAc,EAAEA;EACpB,CAAC;AACL,CAAC;AAED,OAAO,MAAME,eAAe,GAAGA,CAAA,KAAM;EACjC,OAAO;IACHtB,IAAI,EAAEJ,WAAW,CAAC2B;EACtB,CAAC;AACL,CAAC;AAED,OAAO,MAAMC,iBAAiB,GAAIC,OAAO,IAAK;EAC1C,OAAO;IACHzB,IAAI,EAAEJ,WAAW,CAAC8B,mBAAmB;IACrCC,iBAAiB,EAAEF;EACvB,CAAC;AACL,CAAC;AAED,OAAO,MAAMG,cAAc,GAAIC,MAAM,IAAK;EACtC,OAAO;IACH7B,IAAI,EAAEJ,WAAW,CAACkC,gBAAgB;IAClCC,gBAAgB,EAAEF;EACtB,CAAC;AACL,CAAC;AAED,OAAO,MAAMG,UAAU,GAAGA,CAACC,IAAI,EAAEC,KAAK,KAAK;EACvCC,OAAO,CAACC,GAAG,CAAC,YAAY,CAAC;EACzB,OAAO9B,QAAQ,IAAI;IACfA,QAAQ,CAACgB,eAAe,CAAC,CAAC,CAAC;IAC3B,IAAIe,QAAQ,GAAG,IAAIC,QAAQ,CAAC,CAAC;IAE7BD,QAAQ,CAACE,MAAM,CAAC,MAAM,EAAEN,IAAI,CAAC,MAAM,CAAC,CAAC;IACrCI,QAAQ,CAACE,MAAM,CAAC,OAAO,EAAEN,IAAI,CAAC,OAAO,CAAC,CAAC;IACvCI,QAAQ,CAACE,MAAM,CAAC,UAAU,EAAEN,IAAI,CAAC,UAAU,CAAC,CAAC;IAC7CI,QAAQ,CAACE,MAAM,CAAC,YAAY,EAAEN,IAAI,CAAC,YAAY,CAAC,CAAC;IACjDI,QAAQ,CAACE,MAAM,CAAC,YAAY,EAAEN,IAAI,CAAC,MAAM,CAAC,IAAE,CAAC,GAAC,CAAC,GAAC,CAAC,CAAC;IAClDI,QAAQ,CAACE,MAAM,CAAC,gBAAgB,EAAEN,IAAI,CAAC,MAAM,CAAC,IAAE,CAAC,GAAC,CAAC,GAAC,CAAC,CAAC;IACtDI,QAAQ,CAACE,MAAM,CAAC,eAAe,EAAEN,IAAI,CAAC,MAAM,CAAC,IAAE,CAAC,GAAC,CAAC,GAAC,CAAC,CAAC;IAErD,IAAIO,GAAG,GAAG,gCAAgC;IAG1C,IAAIC,MAAM,GAAG;MACTC,OAAO,EAAE;QACL,cAAc,EAAE;MACpB;IACJ,CAAC;IAED7C,KAAK,CAAC8C,IAAI,CAACH,GAAG,EAAEH,QAAQ,EAAEI,MAAM,CAAC,CAC5BjC,IAAI,CAACC,QAAQ,IAAI;MACdH,QAAQ,CAACkB,iBAAiB,CAACf,QAAQ,CAACS,IAAI,CAAC,QAAQ,CAAC,CAAC,CAAC;IACxD,CAAC,CAAC,CACDR,KAAK,CAACkC,GAAG,IAAI;MAEVT,OAAO,CAACC,GAAG,CAAC,oCAAoC,EAAEQ,GAAG,CAAC;MACtD,IACIA,GAAG,IACHA,GAAG,CAACnC,QAAQ,IACZmC,GAAG,CAACnC,QAAQ,CAACS,IAAI,IACjB0B,GAAG,CAACnC,QAAQ,CAACS,IAAI,CAAC2B,kBAAkB,IACnC,OAAOD,GAAG,CAACnC,QAAQ,CAACS,IAAI,CAAC2B,kBAAkB,KAAK,QAAS,EAC5D;QACE,IAAIC,aAAa,GAAGF,GAAG,CAACnC,QAAQ,CAACS,IAAI,CAAC2B,kBAAkB;QACxD,IAAIE,cAAc,GAAG,EAAE;QACvB,IAAIC,YAAY,GAAG,EAAE;QACrBC,MAAM,CAACC,IAAI,CAACJ,aAAa,CAAC,CAACK,OAAO,CAAEC,GAAG,IAAK;UACxCN,aAAa,CAACM,GAAG,CAAC,CAACD,OAAO,CAAEE,GAAG,IAAK;YAChCN,cAAc,CAACO,IAAI,CAACD,GAAG,CAAC;UAC5B,CAAC,CAAC;QACN,CAAC,CAAC;QACFL,YAAY,GAAG,CAAC,GAAG,IAAIO,GAAG,CAACR,cAAc,CAAC,CAAC;QAC3CzC,QAAQ,CAACsB,cAAc,CAACoB,YAAY,CAAC,CAAC;MAC1C,CAAC,MACI;QACD1C,QAAQ,CAACsB,cAAc,CAAC,OAAO,CAAC,CAAC;MACrC;IACJ,CAAC,CAAC;EACV,CAAC;AACL,CAAC;AAGD,OAAO,MAAM4B,aAAa,GAAGA,CAAA,KAAM;EAC/B,OAAO;IACHxD,IAAI,EAAEJ,WAAW,CAAC6D;EACtB,CAAC;AACL,CAAC;AAED,OAAO,MAAMC,eAAe,GAAIjC,OAAO,IAAK;EACxC,OAAO;IACHzB,IAAI,EAAEJ,WAAW,CAAC+D,iBAAiB;IACnCC,eAAe,EAAEnC;EACrB,CAAC;AACL,CAAC;AAED,OAAO,MAAMoC,YAAY,GAAIhC,MAAM,IAAK;EACpCM,OAAO,CAACC,GAAG,CAAC,eAAe,EAAEP,MAAM,CAAC;EACpC,OAAO;IACH7B,IAAI,EAAEJ,WAAW,CAACkE,cAAc;IAChCC,cAAc,EAAElC;EACpB,CAAC;AACL,CAAC;AAED,OAAO,MAAMmC,QAAQ,GAAGA,CAAC/B,IAAI,EAAE9B,MAAM,EAAE+B,KAAK,KAAK;EAC7C,OAAO5B,QAAQ,IAAI;IACfA,QAAQ,CAACkD,aAAa,CAAC,CAAC,CAAC;IAEzB,IAAInB,QAAQ,GAAG,IAAIC,QAAQ,CAAC,CAAC;IAE7BD,QAAQ,CAACE,MAAM,CAAC,MAAM,EAAEN,IAAI,CAAC,MAAM,CAAC,CAAC;IACrCI,QAAQ,CAACE,MAAM,CAAC,OAAO,EAAEN,IAAI,CAAC,OAAO,CAAC,CAAC;IACvC,IAAGA,IAAI,CAAC,UAAU,CAAC,EAAC;MAChBI,QAAQ,CAACE,MAAM,CAAC,UAAU,EAAEN,IAAI,CAAC,UAAU,CAAC,CAAC;IACjD;IACA,IAAGA,IAAI,CAAC,YAAY,CAAC,EAAC;MAClBI,QAAQ,CAACE,MAAM,CAAC,YAAY,EAAEN,IAAI,CAAC,YAAY,CAAC,CAAC;IACrD;IACAI,QAAQ,CAACE,MAAM,CAAC,YAAY,EAAEN,IAAI,CAAC,MAAM,CAAC,IAAE,CAAC,GAAC,CAAC,GAAC,CAAC,CAAC;IAClDI,QAAQ,CAACE,MAAM,CAAC,gBAAgB,EAAEN,IAAI,CAAC,MAAM,CAAC,IAAE,CAAC,GAAC,CAAC,GAAC,CAAC,CAAC;IACtDI,QAAQ,CAACE,MAAM,CAAC,eAAe,EAAEN,IAAI,CAAC,MAAM,CAAC,IAAE,CAAC,GAAC,CAAC,GAAC,CAAC,CAAC;IAErD,IAAIO,GAAG,GAAG,kCAAkC,GAAGrC,MAAM;IAErD,IAAIsC,MAAM,GAAG;MACTC,OAAO,EAAE;QACL,cAAc,EAAE;MACpB;IACJ,CAAC;IAED7C,KAAK,CAAC8C,IAAI,CAACH,GAAG,EAAEH,QAAQ,EAAEI,MAAM,CAAC,CAC5BjC,IAAI,CAACC,QAAQ,IAAI;MACdH,QAAQ,CAACoD,eAAe,CAACjD,QAAQ,CAACS,IAAI,CAAC,QAAQ,CAAC,CAAC,CAAC;IACtD,CAAC,CAAC,CACDR,KAAK,CAACkC,GAAG,IAAI;MAEV,IACIA,GAAG,IACHA,GAAG,CAACnC,QAAQ,IACZmC,GAAG,CAACnC,QAAQ,CAACS,IAAI,IACjB0B,GAAG,CAACnC,QAAQ,CAACS,IAAI,CAAC2B,kBAAkB,IACnC,OAAOD,GAAG,CAACnC,QAAQ,CAACS,IAAI,CAAC2B,kBAAkB,KAAK,QAAS,EAC5D;QACE,IAAIC,aAAa,GAAGF,GAAG,CAACnC,QAAQ,CAACS,IAAI,CAAC2B,kBAAkB;QACxD,IAAIE,cAAc,GAAG,EAAE;QACvB,IAAIC,YAAY,GAAG,EAAE;QACrBC,MAAM,CAACC,IAAI,CAACJ,aAAa,CAAC,CAACK,OAAO,CAAEC,GAAG,IAAK;UACxCN,aAAa,CAACM,GAAG,CAAC,CAACD,OAAO,CAAEE,GAAG,IAAK;YAChCN,cAAc,CAACO,IAAI,CAACD,GAAG,CAAC;UAC5B,CAAC,CAAC;QACN,CAAC,CAAC;QACFL,YAAY,GAAG,CAAC,GAAG,IAAIO,GAAG,CAACR,cAAc,CAAC,CAAC;QAC3CzC,QAAQ,CAACuD,YAAY,CAACb,YAAY,CAAC,CAAC;MACxC,CAAC,MACI;QACD1C,QAAQ,CAACuD,YAAY,CAAC,OAAO,CAAC,CAAC;MACnC;IACJ,CAAC,CAAC;EACV,CAAC;AACL,CAAC"}}},"code":"!function (module1) {\n  module1.export({\n    setUsers: () => setUsers,\n    deleteUser: () => deleteUser,\n    initDeleteUser: () => initDeleteUser,\n    deleteUserFailed: () => deleteUserFailed,\n    fetchUsersFailed: () => fetchUsersFailed,\n    initUsers: () => initUsers,\n    setSelectedUserId: () => setSelectedUserId,\n    createUserStart: () => createUserStart,\n    createUserSuccess: () => createUserSuccess,\n    createUserFail: () => createUserFail,\n    createUser: () => createUser,\n    editUserStart: () => editUserStart,\n    editUserSuccess: () => editUserSuccess,\n    editUserFail: () => editUserFail,\n    editUser: () => editUser\n  });\n  let actionTypes;\n  module1.link(\"./actionTypes\", {\n    \"*\"(v) {\n      actionTypes = v;\n    }\n  }, 0);\n  let axios;\n  module1.link(\"axios\", {\n    default(v) {\n      axios = v;\n    }\n  }, 1);\n  ___INIT_METEOR_FAST_REFRESH(module);\n  const setUsers = users => {\n    return {\n      type: actionTypes.SET_USERS,\n      users: users\n    };\n  };\n  const deleteUser = userId => {\n    return {\n      type: actionTypes.DELETE_USER,\n      userId: userId\n    };\n  };\n  const initDeleteUser = userId => {\n    return dispatch => {\n      axios.delete('http://fina.mv/api/users/' + userId).then(response => {\n        dispatch(deleteUser(userId));\n      }).catch(error => {\n        dispatch(deleteUserFailed());\n      });\n    };\n  };\n  const deleteUserFailed = () => {\n    return {\n      type: actionTypes.DELETE_USER_FAILED\n    };\n  };\n  const fetchUsersFailed = () => {\n    return {\n      type: actionTypes.FETCH_USERS_FAILED\n    };\n  };\n  const initUsers = () => {\n    return dispatch => {\n      axios.get('http://fina.mv/api/users').then(response => {\n        dispatch(setUsers(response.data.users));\n      }).catch(error => {\n        dispatch(fetchUsersFailed());\n      });\n    };\n  };\n  const setSelectedUserId = selectedUserId => {\n    return {\n      type: actionTypes.SET_SELECTED_USER_ID,\n      selectedUserId: selectedUserId\n    };\n  };\n  const createUserStart = () => {\n    return {\n      type: actionTypes.CREATE_USER_START\n    };\n  };\n  const createUserSuccess = message => {\n    return {\n      type: actionTypes.CREATE_USER_SUCCESS,\n      createUserMessage: message\n    };\n  };\n  const createUserFail = errors => {\n    return {\n      type: actionTypes.CREATE_USER_FAIL,\n      createUserErrors: errors\n    };\n  };\n  const createUser = (user, token) => {\n    console.log('createUser');\n    return dispatch => {\n      dispatch(createUserStart());\n      let formData = new FormData();\n      formData.append('name', user['name']);\n      formData.append('email', user['email']);\n      formData.append('password', user['password']);\n      formData.append('c_password', user['c_password']);\n      formData.append('role_admin', user['role'] == 0 ? 1 : 0);\n      formData.append('role_moderator', user['role'] == 1 ? 1 : 0);\n      formData.append('role_standard', user['role'] == 2 ? 1 : 0);\n      let url = 'http://fina.mv/api/users/store';\n      let config = {\n        headers: {\n          'Content-Type': 'multipart/form-data'\n        }\n      };\n      axios.post(url, formData, config).then(response => {\n        dispatch(createUserSuccess(response.data[\"status\"]));\n      }).catch(err => {\n        console.log(\"[actions/users.js>createUser.err]:\", err);\n        if (err && err.response && err.response.data && err.response.data.validationMessages && typeof err.response.data.validationMessages === 'object') {\n          let validationObj = err.response.data.validationMessages;\n          let combinedErrors = [];\n          let uniqueErrors = [];\n          Object.keys(validationObj).forEach(key => {\n            validationObj[key].forEach(val => {\n              combinedErrors.push(val);\n            });\n          });\n          uniqueErrors = [...new Set(combinedErrors)];\n          dispatch(createUserFail(uniqueErrors));\n        } else {\n          dispatch(createUserFail(\"error\"));\n        }\n      });\n    };\n  };\n  const editUserStart = () => {\n    return {\n      type: actionTypes.EDIT_USER_START\n    };\n  };\n  const editUserSuccess = message => {\n    return {\n      type: actionTypes.EDIT_USER_SUCCESS,\n      editUserMessage: message\n    };\n  };\n  const editUserFail = errors => {\n    console.log('editUserFail:', errors);\n    return {\n      type: actionTypes.EDIT_USER_FAIL,\n      editUserErrors: errors\n    };\n  };\n  const editUser = (user, userId, token) => {\n    return dispatch => {\n      dispatch(editUserStart());\n      let formData = new FormData();\n      formData.append('name', user['name']);\n      formData.append('email', user['email']);\n      if (user['password']) {\n        formData.append('password', user['password']);\n      }\n      if (user['c_password']) {\n        formData.append('c_password', user['c_password']);\n      }\n      formData.append('role_admin', user['role'] == 0 ? 1 : 0);\n      formData.append('role_moderator', user['role'] == 1 ? 1 : 0);\n      formData.append('role_standard', user['role'] == 2 ? 1 : 0);\n      let url = 'http://fina.mv/api/users/update/' + userId;\n      let config = {\n        headers: {\n          'Content-Type': 'multipart/form-data'\n        }\n      };\n      axios.post(url, formData, config).then(response => {\n        dispatch(editUserSuccess(response.data[\"status\"]));\n      }).catch(err => {\n        if (err && err.response && err.response.data && err.response.data.validationMessages && typeof err.response.data.validationMessages === 'object') {\n          let validationObj = err.response.data.validationMessages;\n          let combinedErrors = [];\n          let uniqueErrors = [];\n          Object.keys(validationObj).forEach(key => {\n            validationObj[key].forEach(val => {\n              combinedErrors.push(val);\n            });\n          });\n          uniqueErrors = [...new Set(combinedErrors)];\n          dispatch(editUserFail(uniqueErrors));\n        } else {\n          dispatch(editUserFail(\"error\"));\n        }\n      });\n    };\n  };\n}.call(this, module);","map":{"version":3,"names":["setUsers","users","type","actionTypes","SET_USERS","deleteUser","userId","DELETE_USER","initDeleteUser","dispatch","axios","delete","then","response","catch","error","deleteUserFailed","DELETE_USER_FAILED","fetchUsersFailed","FETCH_USERS_FAILED","initUsers","get","data","setSelectedUserId","selectedUserId","SET_SELECTED_USER_ID","createUserStart","CREATE_USER_START","createUserSuccess","message","CREATE_USER_SUCCESS","createUserMessage","createUserFail","errors","CREATE_USER_FAIL","createUserErrors","createUser","user","token","console","log","formData","FormData","append","url","config","headers","post","err","validationMessages","validationObj","combinedErrors","uniqueErrors","Object","keys","forEach","key","val","push","Set","editUserStart","EDIT_USER_START","editUserSuccess","EDIT_USER_SUCCESS","editUserMessage","editUserFail","EDIT_USER_FAIL","editUserErrors","editUser","call","module"],"sources":["imports/ui/store/actions/users.js"],"sourcesContent":["import * as actionTypes from './actionTypes';\nimport axios from 'axios';\n\nexport const setUsers = (users) => {\n    return {\n        type: actionTypes.SET_USERS,\n        users: users\n    };\n};\n\nexport const deleteUser = (userId) => {\n    return {\n        type: actionTypes.DELETE_USER,\n        userId: userId\n    };\n};\n\nexport const initDeleteUser = (userId) => {\n    return dispatch => {\n        axios.delete('http://fina.mv/api/users/' + userId)\n            .then(response => {\n                dispatch(deleteUser(userId));\n            })\n            .catch(error => {\n                dispatch(deleteUserFailed());\n            });\n    };\n};\n\nexport const deleteUserFailed = () => {\n    return {\n        type: actionTypes.DELETE_USER_FAILED\n    };\n};\n\nexport const fetchUsersFailed = () => {\n    return {\n        type: actionTypes.FETCH_USERS_FAILED\n    };\n};\n\nexport const initUsers = () => {\n    return dispatch => {\n        axios.get('http://fina.mv/api/users')\n            .then(response => {\n                dispatch(setUsers(response.data.users));\n            })\n            .catch(error => {\n                dispatch(fetchUsersFailed());\n            });\n    };\n};\n\nexport const setSelectedUserId = (selectedUserId) => {\n    return {\n        type: actionTypes.SET_SELECTED_USER_ID,\n        selectedUserId: selectedUserId\n    };\n};\n\nexport const createUserStart = () => {\n    return {\n        type: actionTypes.CREATE_USER_START\n    };\n};\n\nexport const createUserSuccess = (message) => {\n    return {\n        type: actionTypes.CREATE_USER_SUCCESS,\n        createUserMessage: message\n    };\n};\n\nexport const createUserFail = (errors) => {\n    return {\n        type: actionTypes.CREATE_USER_FAIL,\n        createUserErrors: errors\n    };\n};\n\nexport const createUser = (user, token) => {\n    console.log('createUser');\n    return dispatch => {\n        dispatch(createUserStart());\n        let formData = new FormData();\n\n        formData.append('name', user['name']);\n        formData.append('email', user['email']);\n        formData.append('password', user['password']);\n        formData.append('c_password', user['c_password']);\n        formData.append('role_admin', user['role']==0?1:0);\n        formData.append('role_moderator', user['role']==1?1:0);\n        formData.append('role_standard', user['role']==2?1:0);\n\n        let url = 'http://fina.mv/api/users/store';\n\n\n        let config = {\n            headers: {\n                'Content-Type': 'multipart/form-data'\n            }\n        };\n\n        axios.post(url, formData, config)\n            .then(response => {\n                dispatch(createUserSuccess(response.data[\"status\"]));\n            })\n            .catch(err => {\n\n                console.log(\"[actions/users.js>createUser.err]:\", err);\n                if (\n                    err &&\n                    err.response &&\n                    err.response.data &&\n                    err.response.data.validationMessages &&\n                    (typeof err.response.data.validationMessages === 'object')\n                ) {\n                    let validationObj = err.response.data.validationMessages;\n                    let combinedErrors = [];\n                    let uniqueErrors = [];\n                    Object.keys(validationObj).forEach((key) => {\n                        validationObj[key].forEach((val) => {\n                            combinedErrors.push(val);\n                        });\n                    });\n                    uniqueErrors = [...new Set(combinedErrors)];\n                    dispatch(createUserFail(uniqueErrors));\n                }\n                else {\n                    dispatch(createUserFail(\"error\"));\n                }\n            });\n    };\n};\n\n\nexport const editUserStart = () => {\n    return {\n        type: actionTypes.EDIT_USER_START\n    };\n};\n\nexport const editUserSuccess = (message) => {\n    return {\n        type: actionTypes.EDIT_USER_SUCCESS,\n        editUserMessage: message\n    };\n};\n\nexport const editUserFail = (errors) => {\n    console.log('editUserFail:', errors);\n    return {\n        type: actionTypes.EDIT_USER_FAIL,\n        editUserErrors: errors\n    };\n};\n\nexport const editUser = (user, userId, token) => {\n    return dispatch => {\n        dispatch(editUserStart());\n\n        let formData = new FormData();\n\n        formData.append('name', user['name']);\n        formData.append('email', user['email']);\n        if(user['password']){\n            formData.append('password', user['password']);\n        }\n        if(user['c_password']){\n            formData.append('c_password', user['c_password']);\n        }\n        formData.append('role_admin', user['role']==0?1:0);\n        formData.append('role_moderator', user['role']==1?1:0);\n        formData.append('role_standard', user['role']==2?1:0);\n\n        let url = 'http://fina.mv/api/users/update/' + userId;\n\n        let config = {\n            headers: {\n                'Content-Type': 'multipart/form-data'\n            }\n        };\n\n        axios.post(url, formData, config)\n            .then(response => {\n                dispatch(editUserSuccess(response.data[\"status\"]));\n            })\n            .catch(err => {\n\n                if (\n                    err &&\n                    err.response &&\n                    err.response.data &&\n                    err.response.data.validationMessages &&\n                    (typeof err.response.data.validationMessages === 'object')\n                ) {\n                    let validationObj = err.response.data.validationMessages;\n                    let combinedErrors = [];\n                    let uniqueErrors = [];\n                    Object.keys(validationObj).forEach((key) => {\n                        validationObj[key].forEach((val) => {\n                            combinedErrors.push(val);\n                        });\n                    });\n                    uniqueErrors = [...new Set(combinedErrors)];\n                    dispatch(editUserFail(uniqueErrors));\n                }\n                else {\n                    dispatch(editUserFail(\"error\"));\n                }\n            });\n    };\n};\n"],"mappings":";;;;;;;;;;;;;;;;;;;;;;;;;;;;;;;EAGO,MAAMA,QAAQ,GAAIC,KAAK,IAAK;IAC/B,OAAO;MACHC,IAAI,EAAEC,WAAW,CAACC,SAAS;MAC3BH,KAAK,EAAEA;IACX,CAAC;EACL,CAAC;EAEM,MAAMI,UAAU,GAAIC,MAAM,IAAK;IAClC,OAAO;MACHJ,IAAI,EAAEC,WAAW,CAACI,WAAW;MAC7BD,MAAM,EAAEA;IACZ,CAAC;EACL,CAAC;EAEM,MAAME,cAAc,GAAIF,MAAM,IAAK;IACtC,OAAOG,QAAQ,IAAI;MACfC,KAAK,CAACC,MAAM,CAAC,2BAA2B,GAAGL,MAAM,CAAC,CAC7CM,IAAI,CAACC,QAAQ,IAAI;QACdJ,QAAQ,CAACJ,UAAU,CAACC,MAAM,CAAC,CAAC;MAChC,CAAC,CAAC,CACDQ,KAAK,CAACC,KAAK,IAAI;QACZN,QAAQ,CAACO,gBAAgB,CAAC,CAAC,CAAC;MAChC,CAAC,CAAC;IACV,CAAC;EACL,CAAC;EAEM,MAAMA,gBAAgB,GAAGA,CAAA,KAAM;IAClC,OAAO;MACHd,IAAI,EAAEC,WAAW,CAACc;IACtB,CAAC;EACL,CAAC;EAEM,MAAMC,gBAAgB,GAAGA,CAAA,KAAM;IAClC,OAAO;MACHhB,IAAI,EAAEC,WAAW,CAACgB;IACtB,CAAC;EACL,CAAC;EAEM,MAAMC,SAAS,GAAGA,CAAA,KAAM;IAC3B,OAAOX,QAAQ,IAAI;MACfC,KAAK,CAACW,GAAG,CAAC,0BAA0B,CAAC,CAChCT,IAAI,CAACC,QAAQ,IAAI;QACdJ,QAAQ,CAACT,QAAQ,CAACa,QAAQ,CAACS,IAAI,CAACrB,KAAK,CAAC,CAAC;MAC3C,CAAC,CAAC,CACDa,KAAK,CAACC,KAAK,IAAI;QACZN,QAAQ,CAACS,gBAAgB,CAAC,CAAC,CAAC;MAChC,CAAC,CAAC;IACV,CAAC;EACL,CAAC;EAEM,MAAMK,iBAAiB,GAAIC,cAAc,IAAK;IACjD,OAAO;MACHtB,IAAI,EAAEC,WAAW,CAACsB,oBAAoB;MACtCD,cAAc,EAAEA;IACpB,CAAC;EACL,CAAC;EAEM,MAAME,eAAe,GAAGA,CAAA,KAAM;IACjC,OAAO;MACHxB,IAAI,EAAEC,WAAW,CAACwB;IACtB,CAAC;EACL,CAAC;EAEM,MAAMC,iBAAiB,GAAIC,OAAO,IAAK;IAC1C,OAAO;MACH3B,IAAI,EAAEC,WAAW,CAAC2B,mBAAmB;MACrCC,iBAAiB,EAAEF;IACvB,CAAC;EACL,CAAC;EAEM,MAAMG,cAAc,GAAIC,MAAM,IAAK;IACtC,OAAO;MACH/B,IAAI,EAAEC,WAAW,CAAC+B,gBAAgB;MAClCC,gBAAgB,EAAEF;IACtB,CAAC;EACL,CAAC;EAEM,MAAMG,UAAU,GAAGA,CAACC,IAAI,EAAEC,KAAK,KAAK;IACvCC,OAAO,CAACC,GAAG,CAAC,YAAY,CAAC;IACzB,OAAO/B,QAAQ,IAAI;MACfA,QAAQ,CAACiB,eAAe,CAAC,CAAC,CAAC;MAC3B,IAAIe,QAAQ,GAAG,IAAIC,QAAQ,CAAC,CAAC;MAE7BD,QAAQ,CAACE,MAAM,CAAC,MAAM,EAAEN,IAAI,CAAC,MAAM,CAAC,CAAC;MACrCI,QAAQ,CAACE,MAAM,CAAC,OAAO,EAAEN,IAAI,CAAC,OAAO,CAAC,CAAC;MACvCI,QAAQ,CAACE,MAAM,CAAC,UAAU,EAAEN,IAAI,CAAC,UAAU,CAAC,CAAC;MAC7CI,QAAQ,CAACE,MAAM,CAAC,YAAY,EAAEN,IAAI,CAAC,YAAY,CAAC,CAAC;MACjDI,QAAQ,CAACE,MAAM,CAAC,YAAY,EAAEN,IAAI,CAAC,MAAM,CAAC,IAAE,CAAC,GAAC,CAAC,GAAC,CAAC,CAAC;MAClDI,QAAQ,CAACE,MAAM,CAAC,gBAAgB,EAAEN,IAAI,CAAC,MAAM,CAAC,IAAE,CAAC,GAAC,CAAC,GAAC,CAAC,CAAC;MACtDI,QAAQ,CAACE,MAAM,CAAC,eAAe,EAAEN,IAAI,CAAC,MAAM,CAAC,IAAE,CAAC,GAAC,CAAC,GAAC,CAAC,CAAC;MAErD,IAAIO,GAAG,GAAG,gCAAgC;MAG1C,IAAIC,MAAM,GAAG;QACTC,OAAO,EAAE;UACL,cAAc,EAAE;QACpB;MACJ,CAAC;MAEDpC,KAAK,CAACqC,IAAI,CAACH,GAAG,EAAEH,QAAQ,EAAEI,MAAM,CAAC,CAC5BjC,IAAI,CAACC,QAAQ,IAAI;QACdJ,QAAQ,CAACmB,iBAAiB,CAACf,QAAQ,CAACS,IAAI,CAAC,QAAQ,CAAC,CAAC,CAAC;MACxD,CAAC,CAAC,CACDR,KAAK,CAACkC,GAAG,IAAI;QAEVT,OAAO,CAACC,GAAG,CAAC,oCAAoC,EAAEQ,GAAG,CAAC;QACtD,IACIA,GAAG,IACHA,GAAG,CAACnC,QAAQ,IACZmC,GAAG,CAACnC,QAAQ,CAACS,IAAI,IACjB0B,GAAG,CAACnC,QAAQ,CAACS,IAAI,CAAC2B,kBAAkB,IACnC,OAAOD,GAAG,CAACnC,QAAQ,CAACS,IAAI,CAAC2B,kBAAkB,KAAK,QAAS,EAC5D;UACE,IAAIC,aAAa,GAAGF,GAAG,CAACnC,QAAQ,CAACS,IAAI,CAAC2B,kBAAkB;UACxD,IAAIE,cAAc,GAAG,EAAE;UACvB,IAAIC,YAAY,GAAG,EAAE;UACrBC,MAAM,CAACC,IAAI,CAACJ,aAAa,CAAC,CAACK,OAAO,CAAEC,GAAG,IAAK;YACxCN,aAAa,CAACM,GAAG,CAAC,CAACD,OAAO,CAAEE,GAAG,IAAK;cAChCN,cAAc,CAACO,IAAI,CAACD,GAAG,CAAC;YAC5B,CAAC,CAAC;UACN,CAAC,CAAC;UACFL,YAAY,GAAG,CAAC,GAAG,IAAIO,GAAG,CAACR,cAAc,CAAC,CAAC;UAC3C1C,QAAQ,CAACuB,cAAc,CAACoB,YAAY,CAAC,CAAC;QAC1C,CAAC,MACI;UACD3C,QAAQ,CAACuB,cAAc,CAAC,OAAO,CAAC,CAAC;QACrC;MACJ,CAAC,CAAC;IACV,CAAC;EACL,CAAC;EAGM,MAAM4B,aAAa,GAAGA,CAAA,KAAM;IAC/B,OAAO;MACH1D,IAAI,EAAEC,WAAW,CAAC0D;IACtB,CAAC;EACL,CAAC;EAEM,MAAMC,eAAe,GAAIjC,OAAO,IAAK;IACxC,OAAO;MACH3B,IAAI,EAAEC,WAAW,CAAC4D,iBAAiB;MACnCC,eAAe,EAAEnC;IACrB,CAAC;EACL,CAAC;EAEM,MAAMoC,YAAY,GAAIhC,MAAM,IAAK;IACpCM,OAAO,CAACC,GAAG,CAAC,eAAe,EAAEP,MAAM,CAAC;IACpC,OAAO;MACH/B,IAAI,EAAEC,WAAW,CAAC+D,cAAc;MAChCC,cAAc,EAAElC;IACpB,CAAC;EACL,CAAC;EAEM,MAAMmC,QAAQ,GAAGA,CAAC/B,IAAI,EAAE/B,MAAM,EAAEgC,KAAK,KAAK;IAC7C,OAAO7B,QAAQ,IAAI;MACfA,QAAQ,CAACmD,aAAa,CAAC,CAAC,CAAC;MAEzB,IAAInB,QAAQ,GAAG,IAAIC,QAAQ,CAAC,CAAC;MAE7BD,QAAQ,CAACE,MAAM,CAAC,MAAM,EAAEN,IAAI,CAAC,MAAM,CAAC,CAAC;MACrCI,QAAQ,CAACE,MAAM,CAAC,OAAO,EAAEN,IAAI,CAAC,OAAO,CAAC,CAAC;MACvC,IAAGA,IAAI,CAAC,UAAU,CAAC,EAAC;QAChBI,QAAQ,CAACE,MAAM,CAAC,UAAU,EAAEN,IAAI,CAAC,UAAU,CAAC,CAAC;MACjD;MACA,IAAGA,IAAI,CAAC,YAAY,CAAC,EAAC;QAClBI,QAAQ,CAACE,MAAM,CAAC,YAAY,EAAEN,IAAI,CAAC,YAAY,CAAC,CAAC;MACrD;MACAI,QAAQ,CAACE,MAAM,CAAC,YAAY,EAAEN,IAAI,CAAC,MAAM,CAAC,IAAE,CAAC,GAAC,CAAC,GAAC,CAAC,CAAC;MAClDI,QAAQ,CAACE,MAAM,CAAC,gBAAgB,EAAEN,IAAI,CAAC,MAAM,CAAC,IAAE,CAAC,GAAC,CAAC,GAAC,CAAC,CAAC;MACtDI,QAAQ,CAACE,MAAM,CAAC,eAAe,EAAEN,IAAI,CAAC,MAAM,CAAC,IAAE,CAAC,GAAC,CAAC,GAAC,CAAC,CAAC;MAErD,IAAIO,GAAG,GAAG,kCAAkC,GAAGtC,MAAM;MAErD,IAAIuC,MAAM,GAAG;QACTC,OAAO,EAAE;UACL,cAAc,EAAE;QACpB;MACJ,CAAC;MAEDpC,KAAK,CAACqC,IAAI,CAACH,GAAG,EAAEH,QAAQ,EAAEI,MAAM,CAAC,CAC5BjC,IAAI,CAACC,QAAQ,IAAI;QACdJ,QAAQ,CAACqD,eAAe,CAACjD,QAAQ,CAACS,IAAI,CAAC,QAAQ,CAAC,CAAC,CAAC;MACtD,CAAC,CAAC,CACDR,KAAK,CAACkC,GAAG,IAAI;QAEV,IACIA,GAAG,IACHA,GAAG,CAACnC,QAAQ,IACZmC,GAAG,CAACnC,QAAQ,CAACS,IAAI,IACjB0B,GAAG,CAACnC,QAAQ,CAACS,IAAI,CAAC2B,kBAAkB,IACnC,OAAOD,GAAG,CAACnC,QAAQ,CAACS,IAAI,CAAC2B,kBAAkB,KAAK,QAAS,EAC5D;UACE,IAAIC,aAAa,GAAGF,GAAG,CAACnC,QAAQ,CAACS,IAAI,CAAC2B,kBAAkB;UACxD,IAAIE,cAAc,GAAG,EAAE;UACvB,IAAIC,YAAY,GAAG,EAAE;UACrBC,MAAM,CAACC,IAAI,CAACJ,aAAa,CAAC,CAACK,OAAO,CAAEC,GAAG,IAAK;YACxCN,aAAa,CAACM,GAAG,CAAC,CAACD,OAAO,CAAEE,GAAG,IAAK;cAChCN,cAAc,CAACO,IAAI,CAACD,GAAG,CAAC;YAC5B,CAAC,CAAC;UACN,CAAC,CAAC;UACFL,YAAY,GAAG,CAAC,GAAG,IAAIO,GAAG,CAACR,cAAc,CAAC,CAAC;UAC3C1C,QAAQ,CAACwD,YAAY,CAACb,YAAY,CAAC,CAAC;QACxC,CAAC,MACI;UACD3C,QAAQ,CAACwD,YAAY,CAAC,OAAO,CAAC,CAAC;QACnC;MACJ,CAAC,CAAC;IACV,CAAC;EACL,CAAC;AAAA,EAAAI,IAAA,OAAAC,MAAA"},"sourceType":"module","externalDependencies":{},"hash":"4995ad5f2a1ea499bc8eb72b29a01068525844b8"}
