{"metadata":{},"options":{"assumptions":{},"compact":false,"sourceMaps":true,"ast":true,"babelrc":false,"configFile":false,"parserOpts":{"sourceType":"module","sourceFileName":"/home/ani/Mergerware_assignment/Mererware_meteor/Mergerware_loanify/imports/ui/store/actions/generalSettings.js","plugins":["*","flow","jsx","asyncGenerators","bigInt","classPrivateMethods","classPrivateProperties","classProperties","doExpressions","dynamicImport","exportDefaultFrom","exportExtensions","exportNamespaceFrom","functionBind","functionSent","importMeta","nullishCoalescingOperator","numericSeparator","objectRestSpread","optionalCatchBinding","optionalChaining",["pipelineOperator",{"proposal":"minimal"}],"throwExpressions","classProperties","classPrivateProperties","jsx","nullishCoalescingOperator","nullishCoalescingOperator","optionalChaining","optionalChaining","optionalCatchBinding","optionalCatchBinding","classProperties","classPrivateProperties","classPrivateMethods","classProperties","classPrivateProperties","asyncGenerators","asyncGenerators","objectRestSpread","objectRestSpread","logicalAssignment"],"allowImportExportEverywhere":true,"allowReturnOutsideFunction":true,"allowUndeclaredExports":true,"strictMode":false},"caller":{"name":"meteor","arch":"web.browser.legacy"},"sourceFileName":"imports/ui/store/actions/generalSettings.js","filename":"/home/ani/Mergerware_assignment/Mererware_meteor/Mergerware_loanify/imports/ui/store/actions/generalSettings.js","inputSourceMap":{"version":3,"names":["actionTypes","axios","setGeneralSettings","generalSettings","console","log","type","SET_GENERAL_SETTINGS","fetchGeneralSettingsFailed","FETCH_GENERAL_SETTINGS_FAILED","initGeneralSettings","dispatch","get","then","response","data","catch","error","editGeneralSettingsStart","EDIT_GENERAL_SETTINGS_START","editGeneralSettingsSuccess","message","EDIT_GENERAL_SETTINGS_SUCCESS","editGeneralSettingsMessage","editGeneralSettingsFail","errors","EDIT_GENERAL_SETTINGS_FAILED","editGeneralSettingsErrors","editGeneralSettings","token","formData","FormData","_logoAttachment","file","append","url","config","headers","post","err","validationMessages","validationObj","combinedErrors","uniqueErrors","Object","keys","forEach","key","val","push","Set"],"sources":["imports/ui/store/actions/generalSettings.js"],"sourcesContent":["import * as actionTypes from './actionTypes';\nimport axios from 'axios';\n\nexport const setGeneralSettings = (generalSettings) => {\n    console.log(\"setgeneralsettings\");\n    return {\n        type: actionTypes.SET_GENERAL_SETTINGS,\n        generalSettings: generalSettings,\n    };\n};\n\nexport const fetchGeneralSettingsFailed = () => {\n    return {\n        type: actionTypes.FETCH_GENERAL_SETTINGS_FAILED\n    };\n};\n\nexport const initGeneralSettings = () => {\n    return dispatch => {\n        axios.get('http://fina.mv/api/general-settings')\n            .then(response => {\n                dispatch(setGeneralSettings(response.data.generalSettings));\n            })\n            .catch(error => {\n                dispatch(fetchGeneralSettingsFailed());\n            });\n    };\n};\n\nexport const editGeneralSettingsStart = () => {\n    return {\n        type: actionTypes.EDIT_GENERAL_SETTINGS_START\n    };\n};\n\nexport const editGeneralSettingsSuccess = (message) => {\n    return {\n        type: actionTypes.EDIT_GENERAL_SETTINGS_SUCCESS,\n        editGeneralSettingsMessage: message\n    };\n};\n\nexport const editGeneralSettingsFail = (errors) => {\n    console.log('editGeneralSettingsFail:', errors);\n    return {\n        type: actionTypes.EDIT_GENERAL_SETTINGS_FAILED,\n        editGeneralSettingsErrors: errors\n    };\n};\n\nexport const editGeneralSettings = (generalSettings, token) => {\n    return dispatch => {\n        dispatch(editGeneralSettingsStart());\n\n        let formData = new FormData();\n        console.log(\"wwwww\",generalSettings);\n\n        let _logoAttachment = (generalSettings['logo_attachment']) ? generalSettings['logo_attachment'].file : '';\n        formData.append('title', generalSettings['title']);\n        formData.append('logo_attachment', generalSettings['logo_attachment']);\n        formData.append('company_name', generalSettings['company_name']);\n        formData.append('company_address', generalSettings['company_address']);\n        formData.append('company_phone_no', generalSettings['company_phone_no']);\n        formData.append('company_hotline_no', generalSettings['company_hotline_no']);\n        formData.append('company_fax_no', generalSettings['company_fax_no']);\n        formData.append('company_email', generalSettings['company_email']);\n\n        let url = 'http://fina.mv/api/general-settings/update';\n\n        let config = {\n            headers: {\n                'Content-Type': 'multipart/form-data'\n            }\n        };\n\n        axios.post(url, formData, config)\n            .then(response => {\n                dispatch(editGeneralSettingsSuccess(response.data[\"status\"]));\n            })\n            .catch(err => {\n\n                console.log(\"error:\",err);\n                if (\n                    err &&\n                    err.response &&\n                    err.response.data &&\n                    err.response.data.validationMessages &&\n                    (typeof err.response.data.validationMessages === 'object')\n                ) {\n                    let validationObj = err.response.data.validationMessages;\n                    let combinedErrors = [];\n                    let uniqueErrors = [];\n                    Object.keys(validationObj).forEach((key) => {\n                        validationObj[key].forEach((val) => {\n                            combinedErrors.push(val);\n                        });\n                    });\n                    uniqueErrors = [...new Set(combinedErrors)];\n                    dispatch(editGeneralSettingsFail(uniqueErrors));\n                }\n                else {\n                    console.log(\"error:\",err);\n                    dispatch(editGeneralSettingsFail({error:\"err\"}));\n                }\n            });\n    };\n};\n"],"mappings":";AAAA,OAAO,KAAKA,WAAW,MAAM,eAAe;AAC5C,OAAOC,KAAK,MAAM,OAAO;AAEzB,OAAO,MAAMC,kBAAkB,GAAIC,eAAe,IAAK;EACnDC,OAAO,CAACC,GAAG,CAAC,oBAAoB,CAAC;EACjC,OAAO;IACHC,IAAI,EAAEN,WAAW,CAACO,oBAAoB;IACtCJ,eAAe,EAAEA;EACrB,CAAC;AACL,CAAC;AAED,OAAO,MAAMK,0BAA0B,GAAGA,CAAA,KAAM;EAC5C,OAAO;IACHF,IAAI,EAAEN,WAAW,CAACS;EACtB,CAAC;AACL,CAAC;AAED,OAAO,MAAMC,mBAAmB,GAAGA,CAAA,KAAM;EACrC,OAAOC,QAAQ,IAAI;IACfV,KAAK,CAACW,GAAG,CAAC,qCAAqC,CAAC,CAC3CC,IAAI,CAACC,QAAQ,IAAI;MACdH,QAAQ,CAACT,kBAAkB,CAACY,QAAQ,CAACC,IAAI,CAACZ,eAAe,CAAC,CAAC;IAC/D,CAAC,CAAC,CACDa,KAAK,CAACC,KAAK,IAAI;MACZN,QAAQ,CAACH,0BAA0B,CAAC,CAAC,CAAC;IAC1C,CAAC,CAAC;EACV,CAAC;AACL,CAAC;AAED,OAAO,MAAMU,wBAAwB,GAAGA,CAAA,KAAM;EAC1C,OAAO;IACHZ,IAAI,EAAEN,WAAW,CAACmB;EACtB,CAAC;AACL,CAAC;AAED,OAAO,MAAMC,0BAA0B,GAAIC,OAAO,IAAK;EACnD,OAAO;IACHf,IAAI,EAAEN,WAAW,CAACsB,6BAA6B;IAC/CC,0BAA0B,EAAEF;EAChC,CAAC;AACL,CAAC;AAED,OAAO,MAAMG,uBAAuB,GAAIC,MAAM,IAAK;EAC/CrB,OAAO,CAACC,GAAG,CAAC,0BAA0B,EAAEoB,MAAM,CAAC;EAC/C,OAAO;IACHnB,IAAI,EAAEN,WAAW,CAAC0B,4BAA4B;IAC9CC,yBAAyB,EAAEF;EAC/B,CAAC;AACL,CAAC;AAED,OAAO,MAAMG,mBAAmB,GAAGA,CAACzB,eAAe,EAAE0B,KAAK,KAAK;EAC3D,OAAOlB,QAAQ,IAAI;IACfA,QAAQ,CAACO,wBAAwB,CAAC,CAAC,CAAC;IAEpC,IAAIY,QAAQ,GAAG,IAAIC,QAAQ,CAAC,CAAC;IAC7B3B,OAAO,CAACC,GAAG,CAAC,OAAO,EAACF,eAAe,CAAC;IAEpC,IAAI6B,eAAe,GAAI7B,eAAe,CAAC,iBAAiB,CAAC,GAAIA,eAAe,CAAC,iBAAiB,CAAC,CAAC8B,IAAI,GAAG,EAAE;IACzGH,QAAQ,CAACI,MAAM,CAAC,OAAO,EAAE/B,eAAe,CAAC,OAAO,CAAC,CAAC;IAClD2B,QAAQ,CAACI,MAAM,CAAC,iBAAiB,EAAE/B,eAAe,CAAC,iBAAiB,CAAC,CAAC;IACtE2B,QAAQ,CAACI,MAAM,CAAC,cAAc,EAAE/B,eAAe,CAAC,cAAc,CAAC,CAAC;IAChE2B,QAAQ,CAACI,MAAM,CAAC,iBAAiB,EAAE/B,eAAe,CAAC,iBAAiB,CAAC,CAAC;IACtE2B,QAAQ,CAACI,MAAM,CAAC,kBAAkB,EAAE/B,eAAe,CAAC,kBAAkB,CAAC,CAAC;IACxE2B,QAAQ,CAACI,MAAM,CAAC,oBAAoB,EAAE/B,eAAe,CAAC,oBAAoB,CAAC,CAAC;IAC5E2B,QAAQ,CAACI,MAAM,CAAC,gBAAgB,EAAE/B,eAAe,CAAC,gBAAgB,CAAC,CAAC;IACpE2B,QAAQ,CAACI,MAAM,CAAC,eAAe,EAAE/B,eAAe,CAAC,eAAe,CAAC,CAAC;IAElE,IAAIgC,GAAG,GAAG,4CAA4C;IAEtD,IAAIC,MAAM,GAAG;MACTC,OAAO,EAAE;QACL,cAAc,EAAE;MACpB;IACJ,CAAC;IAEDpC,KAAK,CAACqC,IAAI,CAACH,GAAG,EAAEL,QAAQ,EAAEM,MAAM,CAAC,CAC5BvB,IAAI,CAACC,QAAQ,IAAI;MACdH,QAAQ,CAACS,0BAA0B,CAACN,QAAQ,CAACC,IAAI,CAAC,QAAQ,CAAC,CAAC,CAAC;IACjE,CAAC,CAAC,CACDC,KAAK,CAACuB,GAAG,IAAI;MAEVnC,OAAO,CAACC,GAAG,CAAC,QAAQ,EAACkC,GAAG,CAAC;MACzB,IACIA,GAAG,IACHA,GAAG,CAACzB,QAAQ,IACZyB,GAAG,CAACzB,QAAQ,CAACC,IAAI,IACjBwB,GAAG,CAACzB,QAAQ,CAACC,IAAI,CAACyB,kBAAkB,IACnC,OAAOD,GAAG,CAACzB,QAAQ,CAACC,IAAI,CAACyB,kBAAkB,KAAK,QAAS,EAC5D;QACE,IAAIC,aAAa,GAAGF,GAAG,CAACzB,QAAQ,CAACC,IAAI,CAACyB,kBAAkB;QACxD,IAAIE,cAAc,GAAG,EAAE;QACvB,IAAIC,YAAY,GAAG,EAAE;QACrBC,MAAM,CAACC,IAAI,CAACJ,aAAa,CAAC,CAACK,OAAO,CAAEC,GAAG,IAAK;UACxCN,aAAa,CAACM,GAAG,CAAC,CAACD,OAAO,CAAEE,GAAG,IAAK;YAChCN,cAAc,CAACO,IAAI,CAACD,GAAG,CAAC;UAC5B,CAAC,CAAC;QACN,CAAC,CAAC;QACFL,YAAY,GAAG,CAAC,GAAG,IAAIO,GAAG,CAACR,cAAc,CAAC,CAAC;QAC3C/B,QAAQ,CAACa,uBAAuB,CAACmB,YAAY,CAAC,CAAC;MACnD,CAAC,MACI;QACDvC,OAAO,CAACC,GAAG,CAAC,QAAQ,EAACkC,GAAG,CAAC;QACzB5B,QAAQ,CAACa,uBAAuB,CAAC;UAACP,KAAK,EAAC;QAAK,CAAC,CAAC,CAAC;MACpD;IACJ,CAAC,CAAC;EACV,CAAC;AACL,CAAC"},"targets":{},"cloneInputAst":true,"browserslistConfigFile":false,"passPerPreset":false,"envName":"development","cwd":"/home/ani/Mergerware_assignment/Mererware_meteor/Mergerware_loanify","root":"/home/ani/Mergerware_assignment/Mererware_meteor/Mergerware_loanify","rootMode":"root","plugins":[{"key":"base$0","visitor":{"_exploded":true,"_verified":true},"options":{},"externalDependencies":[]},{"key":"base$0$0","visitor":{"Program":{"enter":[null],"exit":[null]},"_exploded":true,"_verified":true},"options":{"avoidModernSyntax":true,"enforceStrictMode":false,"dynamicImport":true},"externalDependencies":[]},{"key":"transform-runtime","visitor":{"MemberExpression":{"enter":[null]},"ObjectPattern":{"enter":[null]},"BinaryExpression":{"enter":[null]},"Identifier":{"enter":[null]},"JSXIdentifier":{"enter":[null]},"_exploded":true,"_verified":true},"options":{"version":"7.17.2","helpers":true,"useESModules":false,"corejs":false},"externalDependencies":[]},{"key":"proposal-class-properties","visitor":{"ExportDefaultDeclaration":{"enter":[null]},"_exploded":true,"_verified":true,"ClassExpression":{"enter":[null]},"ClassDeclaration":{"enter":[null]}},"options":{"loose":true},"externalDependencies":[]},{"key":"base$0$3","visitor":{"FunctionExpression":{"exit":[null]},"_exploded":true,"_verified":true},"options":{},"externalDependencies":[]},{"key":"base$0$4","visitor":{"ForInStatement":{"enter":[null]},"_exploded":true,"_verified":true},"options":{},"externalDependencies":[]},{"key":"transform-react-jsx","visitor":{"JSXNamespacedName":{"enter":[null]},"JSXSpreadChild":{"enter":[null]},"Program":{"enter":[null]},"JSXFragment":{"exit":[null]},"JSXElement":{"exit":[null]},"JSXAttribute":{"enter":[null]},"_exploded":true,"_verified":true},"options":{"pragma":"React.createElement","pragmaFrag":"React.Fragment","runtime":"classic","throwIfNamespace":true,"useBuiltIns":false},"externalDependencies":[]},{"key":"transform-react-display-name","visitor":{"ExportDefaultDeclaration":{"enter":[null]},"CallExpression":{"enter":[null]},"_exploded":true,"_verified":true},"options":{},"externalDependencies":[]},{"key":"transform-react-pure-annotations","visitor":{"CallExpression":{"enter":[null]},"_exploded":true,"_verified":true},"options":{},"externalDependencies":[]},{"key":"syntax-nullish-coalescing-operator","visitor":{"_exploded":true,"_verified":true},"options":{},"externalDependencies":[]},{"key":"proposal-nullish-coalescing-operator","visitor":{"LogicalExpression":{"enter":[null]},"_exploded":true,"_verified":true},"options":{},"externalDependencies":[]},{"key":"syntax-optional-chaining","visitor":{"_exploded":true,"_verified":true},"options":{},"externalDependencies":[]},{"key":"proposal-optional-chaining","visitor":{"OptionalCallExpression":{"enter":[null]},"OptionalMemberExpression":{"enter":[null]},"_exploded":true,"_verified":true},"options":{},"externalDependencies":[]},{"key":"syntax-optional-catch-binding","visitor":{"_exploded":true,"_verified":true},"options":{},"externalDependencies":[]},{"key":"proposal-optional-catch-binding","visitor":{"CatchClause":{"enter":[null]},"_exploded":true,"_verified":true},"options":{},"externalDependencies":[]},{"key":"syntax-class-properties","visitor":{"_exploded":true,"_verified":true},"options":{},"externalDependencies":[]},{"key":"proposal-class-properties","visitor":{"ExportDefaultDeclaration":{"enter":[null]},"_exploded":true,"_verified":true,"ClassExpression":{"enter":[null]},"ClassDeclaration":{"enter":[null]}},"options":{},"externalDependencies":[]},{"key":"syntax-async-generators","visitor":{"_exploded":true,"_verified":true},"options":{},"externalDependencies":[]},{"key":"proposal-async-generator-functions","visitor":{"Program":{"enter":[null]},"_exploded":true,"_verified":true},"options":{},"externalDependencies":[]},{"key":"syntax-object-rest-spread","visitor":{"_exploded":true,"_verified":true},"options":{},"externalDependencies":[]},{"key":"proposal-object-rest-spread","visitor":{"VariableDeclarator":{"enter":[null]},"ExportNamedDeclaration":{"enter":[null]},"CatchClause":{"enter":[null]},"AssignmentExpression":{"enter":[null]},"ArrayPattern":{"enter":[null]},"ObjectExpression":{"enter":[null]},"FunctionDeclaration":{"enter":[null]},"FunctionExpression":{"enter":[null]},"ObjectMethod":{"enter":[null]},"ArrowFunctionExpression":{"enter":[null]},"ClassMethod":{"enter":[null]},"ClassPrivateMethod":{"enter":[null]},"ForInStatement":{"enter":[null]},"ForOfStatement":{"enter":[null]},"_exploded":true,"_verified":true},"options":{},"externalDependencies":[]},{"key":"proposal-logical-assignment-operators","visitor":{"AssignmentExpression":{"enter":[null]},"_exploded":true,"_verified":true},"options":{},"externalDependencies":[]},{"key":"transform-arrow-functions","visitor":{"ArrowFunctionExpression":{"enter":[null]},"_exploded":true,"_verified":true},"options":{},"externalDependencies":[]},{"key":"transform-block-scoped-functions","visitor":{"BlockStatement":{"enter":[null]},"SwitchCase":{"enter":[null]},"_exploded":true,"_verified":true},"options":{},"externalDependencies":[]},{"key":"transform-block-scoping","visitor":{"VariableDeclaration":{"enter":[null,null]},"BlockStatement":{"enter":[null]},"SwitchCase":{"enter":[null]},"ClassDeclaration":{"enter":[null]},"DoWhileStatement":{"enter":[null]},"ForInStatement":{"enter":[null]},"ForStatement":{"enter":[null]},"WhileStatement":{"enter":[null]},"ForOfStatement":{"enter":[null]},"_exploded":true,"_verified":true},"options":{},"externalDependencies":[]},{"key":"transform-classes","visitor":{"ExportDefaultDeclaration":{"enter":[null]},"ClassDeclaration":{"enter":[null]},"ClassExpression":{"enter":[null]},"_exploded":true,"_verified":true},"options":{"loose":true},"externalDependencies":[]},{"key":"transform-computed-properties","visitor":{"ObjectExpression":{"exit":[null]},"_exploded":true,"_verified":true},"options":{"loose":true},"externalDependencies":[]},{"key":"transform-destructuring","visitor":{"ExportNamedDeclaration":{"enter":[null]},"CatchClause":{"enter":[null]},"AssignmentExpression":{"enter":[null]},"VariableDeclaration":{"enter":[null]},"_exploded":true,"_verified":true,"ForInStatement":{"enter":[null]},"ForOfStatement":{"enter":[null]}},"options":{},"externalDependencies":[]},{"key":"transform-for-of","visitor":{"ForOfStatement":{"enter":[null]},"_exploded":true,"_verified":true},"options":{"loose":true},"externalDependencies":[]},{"key":"transform-literals","visitor":{"NumericLiteral":{"enter":[null]},"StringLiteral":{"enter":[null]},"_exploded":true,"_verified":true},"options":{},"externalDependencies":[]},{"key":"transform-object-super","visitor":{"ObjectExpression":{"enter":[null]},"_exploded":true,"_verified":true,"DoWhileStatement":{"exit":[null]},"ForInStatement":{"exit":[null]},"ForStatement":{"exit":[null]},"WhileStatement":{"exit":[null]},"ForOfStatement":{"exit":[null]}},"options":{},"externalDependencies":[]},{"key":"transform-parameters","visitor":{"_exploded":true,"_verified":true,"FunctionDeclaration":{"enter":[null]},"FunctionExpression":{"enter":[null]},"ObjectMethod":{"enter":[null]},"ArrowFunctionExpression":{"enter":[null]},"ClassMethod":{"enter":[null]},"ClassPrivateMethod":{"enter":[null]}},"options":{},"externalDependencies":[]},{"key":"transform-shorthand-properties","visitor":{"ObjectMethod":{"enter":[null]},"ObjectProperty":{"enter":[null]},"_exploded":true,"_verified":true},"options":{},"externalDependencies":[]},{"key":"transform-spread","visitor":{"ArrayExpression":{"enter":[null]},"CallExpression":{"enter":[null]},"NewExpression":{"enter":[null]},"_exploded":true,"_verified":true},"options":{},"externalDependencies":[]},{"key":"transform-sticky-regex","visitor":{"RegExpLiteral":{"enter":[null]},"_exploded":true,"_verified":true},"options":{},"externalDependencies":[]},{"key":"transform-template-literals","visitor":{"TaggedTemplateExpression":{"enter":[null]},"TemplateLiteral":{"enter":[null]},"_exploded":true,"_verified":true},"options":{"loose":true},"externalDependencies":[]},{"key":"transform-typeof-symbol","visitor":{"UnaryExpression":{"enter":[null]},"_exploded":true,"_verified":true,"BlockStatement":{"enter":[null]},"CatchClause":{"enter":[null]},"DoWhileStatement":{"enter":[null]},"ForInStatement":{"enter":[null]},"ForStatement":{"enter":[null]},"FunctionDeclaration":{"enter":[null]},"FunctionExpression":{"enter":[null]},"Program":{"enter":[null]},"ObjectMethod":{"enter":[null]},"SwitchStatement":{"enter":[null]},"WhileStatement":{"enter":[null]},"ArrowFunctionExpression":{"enter":[null]},"ClassExpression":{"enter":[null]},"ClassDeclaration":{"enter":[null]},"ForOfStatement":{"enter":[null]},"ClassMethod":{"enter":[null]},"ClassPrivateMethod":{"enter":[null]},"StaticBlock":{"enter":[null]},"TSModuleBlock":{"enter":[null]},"AssignmentPattern":{"enter":[null]},"ArrayPattern":{"enter":[null]},"ObjectPattern":{"enter":[null]}},"options":{},"externalDependencies":[]},{"key":"transform-unicode-regex","visitor":{"RegExpLiteral":{"enter":[null]},"_exploded":true,"_verified":true},"options":{},"externalDependencies":[]},{"key":"transform-property-literals","visitor":{"ObjectProperty":{"exit":[null]},"_exploded":true,"_verified":true},"options":{},"externalDependencies":[]},{"key":"transform-exponentiation-operator","visitor":{"AssignmentExpression":{"enter":[null]},"BinaryExpression":{"enter":[null]},"_exploded":true,"_verified":true},"options":{},"externalDependencies":[]},{"key":"transform-regenerator","visitor":{"ObjectMethod":{"enter":[null],"exit":[null]},"ClassMethod":{"enter":[null],"exit":[null]},"ClassPrivateMethod":{"enter":[null],"exit":[null]},"FunctionDeclaration":{"exit":[null]},"FunctionExpression":{"exit":[null]},"ArrowFunctionExpression":{"exit":[null]},"MemberExpression":{"enter":[null]},"_exploded":true,"_verified":true},"options":{},"externalDependencies":[]}],"presets":[],"generatorOpts":{"filename":"/home/ani/Mergerware_assignment/Mererware_meteor/Mergerware_loanify/imports/ui/store/actions/generalSettings.js","comments":true,"compact":false,"sourceMaps":true,"sourceFileName":"imports/ui/store/actions/generalSettings.js","inputSourceMap":{"version":3,"names":["actionTypes","axios","setGeneralSettings","generalSettings","console","log","type","SET_GENERAL_SETTINGS","fetchGeneralSettingsFailed","FETCH_GENERAL_SETTINGS_FAILED","initGeneralSettings","dispatch","get","then","response","data","catch","error","editGeneralSettingsStart","EDIT_GENERAL_SETTINGS_START","editGeneralSettingsSuccess","message","EDIT_GENERAL_SETTINGS_SUCCESS","editGeneralSettingsMessage","editGeneralSettingsFail","errors","EDIT_GENERAL_SETTINGS_FAILED","editGeneralSettingsErrors","editGeneralSettings","token","formData","FormData","_logoAttachment","file","append","url","config","headers","post","err","validationMessages","validationObj","combinedErrors","uniqueErrors","Object","keys","forEach","key","val","push","Set"],"sources":["imports/ui/store/actions/generalSettings.js"],"sourcesContent":["import * as actionTypes from './actionTypes';\nimport axios from 'axios';\n\nexport const setGeneralSettings = (generalSettings) => {\n    console.log(\"setgeneralsettings\");\n    return {\n        type: actionTypes.SET_GENERAL_SETTINGS,\n        generalSettings: generalSettings,\n    };\n};\n\nexport const fetchGeneralSettingsFailed = () => {\n    return {\n        type: actionTypes.FETCH_GENERAL_SETTINGS_FAILED\n    };\n};\n\nexport const initGeneralSettings = () => {\n    return dispatch => {\n        axios.get('http://fina.mv/api/general-settings')\n            .then(response => {\n                dispatch(setGeneralSettings(response.data.generalSettings));\n            })\n            .catch(error => {\n                dispatch(fetchGeneralSettingsFailed());\n            });\n    };\n};\n\nexport const editGeneralSettingsStart = () => {\n    return {\n        type: actionTypes.EDIT_GENERAL_SETTINGS_START\n    };\n};\n\nexport const editGeneralSettingsSuccess = (message) => {\n    return {\n        type: actionTypes.EDIT_GENERAL_SETTINGS_SUCCESS,\n        editGeneralSettingsMessage: message\n    };\n};\n\nexport const editGeneralSettingsFail = (errors) => {\n    console.log('editGeneralSettingsFail:', errors);\n    return {\n        type: actionTypes.EDIT_GENERAL_SETTINGS_FAILED,\n        editGeneralSettingsErrors: errors\n    };\n};\n\nexport const editGeneralSettings = (generalSettings, token) => {\n    return dispatch => {\n        dispatch(editGeneralSettingsStart());\n\n        let formData = new FormData();\n        console.log(\"wwwww\",generalSettings);\n\n        let _logoAttachment = (generalSettings['logo_attachment']) ? generalSettings['logo_attachment'].file : '';\n        formData.append('title', generalSettings['title']);\n        formData.append('logo_attachment', generalSettings['logo_attachment']);\n        formData.append('company_name', generalSettings['company_name']);\n        formData.append('company_address', generalSettings['company_address']);\n        formData.append('company_phone_no', generalSettings['company_phone_no']);\n        formData.append('company_hotline_no', generalSettings['company_hotline_no']);\n        formData.append('company_fax_no', generalSettings['company_fax_no']);\n        formData.append('company_email', generalSettings['company_email']);\n\n        let url = 'http://fina.mv/api/general-settings/update';\n\n        let config = {\n            headers: {\n                'Content-Type': 'multipart/form-data'\n            }\n        };\n\n        axios.post(url, formData, config)\n            .then(response => {\n                dispatch(editGeneralSettingsSuccess(response.data[\"status\"]));\n            })\n            .catch(err => {\n\n                console.log(\"error:\",err);\n                if (\n                    err &&\n                    err.response &&\n                    err.response.data &&\n                    err.response.data.validationMessages &&\n                    (typeof err.response.data.validationMessages === 'object')\n                ) {\n                    let validationObj = err.response.data.validationMessages;\n                    let combinedErrors = [];\n                    let uniqueErrors = [];\n                    Object.keys(validationObj).forEach((key) => {\n                        validationObj[key].forEach((val) => {\n                            combinedErrors.push(val);\n                        });\n                    });\n                    uniqueErrors = [...new Set(combinedErrors)];\n                    dispatch(editGeneralSettingsFail(uniqueErrors));\n                }\n                else {\n                    console.log(\"error:\",err);\n                    dispatch(editGeneralSettingsFail({error:\"err\"}));\n                }\n            });\n    };\n};\n"],"mappings":";AAAA,OAAO,KAAKA,WAAW,MAAM,eAAe;AAC5C,OAAOC,KAAK,MAAM,OAAO;AAEzB,OAAO,MAAMC,kBAAkB,GAAIC,eAAe,IAAK;EACnDC,OAAO,CAACC,GAAG,CAAC,oBAAoB,CAAC;EACjC,OAAO;IACHC,IAAI,EAAEN,WAAW,CAACO,oBAAoB;IACtCJ,eAAe,EAAEA;EACrB,CAAC;AACL,CAAC;AAED,OAAO,MAAMK,0BAA0B,GAAGA,CAAA,KAAM;EAC5C,OAAO;IACHF,IAAI,EAAEN,WAAW,CAACS;EACtB,CAAC;AACL,CAAC;AAED,OAAO,MAAMC,mBAAmB,GAAGA,CAAA,KAAM;EACrC,OAAOC,QAAQ,IAAI;IACfV,KAAK,CAACW,GAAG,CAAC,qCAAqC,CAAC,CAC3CC,IAAI,CAACC,QAAQ,IAAI;MACdH,QAAQ,CAACT,kBAAkB,CAACY,QAAQ,CAACC,IAAI,CAACZ,eAAe,CAAC,CAAC;IAC/D,CAAC,CAAC,CACDa,KAAK,CAACC,KAAK,IAAI;MACZN,QAAQ,CAACH,0BAA0B,CAAC,CAAC,CAAC;IAC1C,CAAC,CAAC;EACV,CAAC;AACL,CAAC;AAED,OAAO,MAAMU,wBAAwB,GAAGA,CAAA,KAAM;EAC1C,OAAO;IACHZ,IAAI,EAAEN,WAAW,CAACmB;EACtB,CAAC;AACL,CAAC;AAED,OAAO,MAAMC,0BAA0B,GAAIC,OAAO,IAAK;EACnD,OAAO;IACHf,IAAI,EAAEN,WAAW,CAACsB,6BAA6B;IAC/CC,0BAA0B,EAAEF;EAChC,CAAC;AACL,CAAC;AAED,OAAO,MAAMG,uBAAuB,GAAIC,MAAM,IAAK;EAC/CrB,OAAO,CAACC,GAAG,CAAC,0BAA0B,EAAEoB,MAAM,CAAC;EAC/C,OAAO;IACHnB,IAAI,EAAEN,WAAW,CAAC0B,4BAA4B;IAC9CC,yBAAyB,EAAEF;EAC/B,CAAC;AACL,CAAC;AAED,OAAO,MAAMG,mBAAmB,GAAGA,CAACzB,eAAe,EAAE0B,KAAK,KAAK;EAC3D,OAAOlB,QAAQ,IAAI;IACfA,QAAQ,CAACO,wBAAwB,CAAC,CAAC,CAAC;IAEpC,IAAIY,QAAQ,GAAG,IAAIC,QAAQ,CAAC,CAAC;IAC7B3B,OAAO,CAACC,GAAG,CAAC,OAAO,EAACF,eAAe,CAAC;IAEpC,IAAI6B,eAAe,GAAI7B,eAAe,CAAC,iBAAiB,CAAC,GAAIA,eAAe,CAAC,iBAAiB,CAAC,CAAC8B,IAAI,GAAG,EAAE;IACzGH,QAAQ,CAACI,MAAM,CAAC,OAAO,EAAE/B,eAAe,CAAC,OAAO,CAAC,CAAC;IAClD2B,QAAQ,CAACI,MAAM,CAAC,iBAAiB,EAAE/B,eAAe,CAAC,iBAAiB,CAAC,CAAC;IACtE2B,QAAQ,CAACI,MAAM,CAAC,cAAc,EAAE/B,eAAe,CAAC,cAAc,CAAC,CAAC;IAChE2B,QAAQ,CAACI,MAAM,CAAC,iBAAiB,EAAE/B,eAAe,CAAC,iBAAiB,CAAC,CAAC;IACtE2B,QAAQ,CAACI,MAAM,CAAC,kBAAkB,EAAE/B,eAAe,CAAC,kBAAkB,CAAC,CAAC;IACxE2B,QAAQ,CAACI,MAAM,CAAC,oBAAoB,EAAE/B,eAAe,CAAC,oBAAoB,CAAC,CAAC;IAC5E2B,QAAQ,CAACI,MAAM,CAAC,gBAAgB,EAAE/B,eAAe,CAAC,gBAAgB,CAAC,CAAC;IACpE2B,QAAQ,CAACI,MAAM,CAAC,eAAe,EAAE/B,eAAe,CAAC,eAAe,CAAC,CAAC;IAElE,IAAIgC,GAAG,GAAG,4CAA4C;IAEtD,IAAIC,MAAM,GAAG;MACTC,OAAO,EAAE;QACL,cAAc,EAAE;MACpB;IACJ,CAAC;IAEDpC,KAAK,CAACqC,IAAI,CAACH,GAAG,EAAEL,QAAQ,EAAEM,MAAM,CAAC,CAC5BvB,IAAI,CAACC,QAAQ,IAAI;MACdH,QAAQ,CAACS,0BAA0B,CAACN,QAAQ,CAACC,IAAI,CAAC,QAAQ,CAAC,CAAC,CAAC;IACjE,CAAC,CAAC,CACDC,KAAK,CAACuB,GAAG,IAAI;MAEVnC,OAAO,CAACC,GAAG,CAAC,QAAQ,EAACkC,GAAG,CAAC;MACzB,IACIA,GAAG,IACHA,GAAG,CAACzB,QAAQ,IACZyB,GAAG,CAACzB,QAAQ,CAACC,IAAI,IACjBwB,GAAG,CAACzB,QAAQ,CAACC,IAAI,CAACyB,kBAAkB,IACnC,OAAOD,GAAG,CAACzB,QAAQ,CAACC,IAAI,CAACyB,kBAAkB,KAAK,QAAS,EAC5D;QACE,IAAIC,aAAa,GAAGF,GAAG,CAACzB,QAAQ,CAACC,IAAI,CAACyB,kBAAkB;QACxD,IAAIE,cAAc,GAAG,EAAE;QACvB,IAAIC,YAAY,GAAG,EAAE;QACrBC,MAAM,CAACC,IAAI,CAACJ,aAAa,CAAC,CAACK,OAAO,CAAEC,GAAG,IAAK;UACxCN,aAAa,CAACM,GAAG,CAAC,CAACD,OAAO,CAAEE,GAAG,IAAK;YAChCN,cAAc,CAACO,IAAI,CAACD,GAAG,CAAC;UAC5B,CAAC,CAAC;QACN,CAAC,CAAC;QACFL,YAAY,GAAG,CAAC,GAAG,IAAIO,GAAG,CAACR,cAAc,CAAC,CAAC;QAC3C/B,QAAQ,CAACa,uBAAuB,CAACmB,YAAY,CAAC,CAAC;MACnD,CAAC,MACI;QACDvC,OAAO,CAACC,GAAG,CAAC,QAAQ,EAACkC,GAAG,CAAC;QACzB5B,QAAQ,CAACa,uBAAuB,CAAC;UAACP,KAAK,EAAC;QAAK,CAAC,CAAC,CAAC;MACpD;IACJ,CAAC,CAAC;EACV,CAAC;AACL,CAAC"}}},"code":"!function (module1) {\n  var _toConsumableArray;\n  module1.link(\"@babel/runtime/helpers/toConsumableArray\", {\n    default: function (v) {\n      _toConsumableArray = v;\n    }\n  }, 0);\n  var _typeof;\n  module1.link(\"@babel/runtime/helpers/typeof\", {\n    default: function (v) {\n      _typeof = v;\n    }\n  }, 1);\n  module1.export({\n    setGeneralSettings: function () {\n      return setGeneralSettings;\n    },\n    fetchGeneralSettingsFailed: function () {\n      return fetchGeneralSettingsFailed;\n    },\n    initGeneralSettings: function () {\n      return initGeneralSettings;\n    },\n    editGeneralSettingsStart: function () {\n      return editGeneralSettingsStart;\n    },\n    editGeneralSettingsSuccess: function () {\n      return editGeneralSettingsSuccess;\n    },\n    editGeneralSettingsFail: function () {\n      return editGeneralSettingsFail;\n    },\n    editGeneralSettings: function () {\n      return editGeneralSettings;\n    }\n  });\n  var actionTypes;\n  module1.link(\"./actionTypes\", {\n    \"*\": function (v) {\n      actionTypes = v;\n    }\n  }, 0);\n  var axios;\n  module1.link(\"axios\", {\n    \"default\": function (v) {\n      axios = v;\n    }\n  }, 1);\n  ___INIT_METEOR_FAST_REFRESH(module);\n  var setGeneralSettings = function (generalSettings) {\n    console.log(\"setgeneralsettings\");\n    return {\n      type: actionTypes.SET_GENERAL_SETTINGS,\n      generalSettings: generalSettings\n    };\n  };\n  var fetchGeneralSettingsFailed = function () {\n    return {\n      type: actionTypes.FETCH_GENERAL_SETTINGS_FAILED\n    };\n  };\n  var initGeneralSettings = function () {\n    return function (dispatch) {\n      axios.get('http://fina.mv/api/general-settings').then(function (response) {\n        dispatch(setGeneralSettings(response.data.generalSettings));\n      }).catch(function (error) {\n        dispatch(fetchGeneralSettingsFailed());\n      });\n    };\n  };\n  var editGeneralSettingsStart = function () {\n    return {\n      type: actionTypes.EDIT_GENERAL_SETTINGS_START\n    };\n  };\n  var editGeneralSettingsSuccess = function (message) {\n    return {\n      type: actionTypes.EDIT_GENERAL_SETTINGS_SUCCESS,\n      editGeneralSettingsMessage: message\n    };\n  };\n  var editGeneralSettingsFail = function (errors) {\n    console.log('editGeneralSettingsFail:', errors);\n    return {\n      type: actionTypes.EDIT_GENERAL_SETTINGS_FAILED,\n      editGeneralSettingsErrors: errors\n    };\n  };\n  var editGeneralSettings = function (generalSettings, token) {\n    return function (dispatch) {\n      dispatch(editGeneralSettingsStart());\n      var formData = new FormData();\n      console.log(\"wwwww\", generalSettings);\n      var _logoAttachment = generalSettings['logo_attachment'] ? generalSettings['logo_attachment'].file : '';\n      formData.append('title', generalSettings['title']);\n      formData.append('logo_attachment', generalSettings['logo_attachment']);\n      formData.append('company_name', generalSettings['company_name']);\n      formData.append('company_address', generalSettings['company_address']);\n      formData.append('company_phone_no', generalSettings['company_phone_no']);\n      formData.append('company_hotline_no', generalSettings['company_hotline_no']);\n      formData.append('company_fax_no', generalSettings['company_fax_no']);\n      formData.append('company_email', generalSettings['company_email']);\n      var url = 'http://fina.mv/api/general-settings/update';\n      var config = {\n        headers: {\n          'Content-Type': 'multipart/form-data'\n        }\n      };\n      axios.post(url, formData, config).then(function (response) {\n        dispatch(editGeneralSettingsSuccess(response.data[\"status\"]));\n      }).catch(function (err) {\n        console.log(\"error:\", err);\n        if (err && err.response && err.response.data && err.response.data.validationMessages && _typeof(err.response.data.validationMessages) === 'object') {\n          var validationObj = err.response.data.validationMessages;\n          var combinedErrors = [];\n          var uniqueErrors = [];\n          Object.keys(validationObj).forEach(function (key) {\n            validationObj[key].forEach(function (val) {\n              combinedErrors.push(val);\n            });\n          });\n          uniqueErrors = _toConsumableArray(new Set(combinedErrors));\n          dispatch(editGeneralSettingsFail(uniqueErrors));\n        } else {\n          console.log(\"error:\", err);\n          dispatch(editGeneralSettingsFail({\n            error: \"err\"\n          }));\n        }\n      });\n    };\n  };\n}.call(this, module);","map":{"version":3,"names":["setGeneralSettings","generalSettings","console","log","type","actionTypes","SET_GENERAL_SETTINGS","fetchGeneralSettingsFailed","FETCH_GENERAL_SETTINGS_FAILED","initGeneralSettings","dispatch","axios","get","then","response","data","catch","error","editGeneralSettingsStart","EDIT_GENERAL_SETTINGS_START","editGeneralSettingsSuccess","message","EDIT_GENERAL_SETTINGS_SUCCESS","editGeneralSettingsMessage","editGeneralSettingsFail","errors","EDIT_GENERAL_SETTINGS_FAILED","editGeneralSettingsErrors","editGeneralSettings","token","formData","FormData","_logoAttachment","file","append","url","config","headers","post","err","validationMessages","_typeof","validationObj","combinedErrors","uniqueErrors","Object","keys","forEach","key","val","push","_toConsumableArray","Set","call","module"],"sources":["imports/ui/store/actions/generalSettings.js"],"sourcesContent":["import * as actionTypes from './actionTypes';\nimport axios from 'axios';\n\nexport const setGeneralSettings = (generalSettings) => {\n    console.log(\"setgeneralsettings\");\n    return {\n        type: actionTypes.SET_GENERAL_SETTINGS,\n        generalSettings: generalSettings,\n    };\n};\n\nexport const fetchGeneralSettingsFailed = () => {\n    return {\n        type: actionTypes.FETCH_GENERAL_SETTINGS_FAILED\n    };\n};\n\nexport const initGeneralSettings = () => {\n    return dispatch => {\n        axios.get('http://fina.mv/api/general-settings')\n            .then(response => {\n                dispatch(setGeneralSettings(response.data.generalSettings));\n            })\n            .catch(error => {\n                dispatch(fetchGeneralSettingsFailed());\n            });\n    };\n};\n\nexport const editGeneralSettingsStart = () => {\n    return {\n        type: actionTypes.EDIT_GENERAL_SETTINGS_START\n    };\n};\n\nexport const editGeneralSettingsSuccess = (message) => {\n    return {\n        type: actionTypes.EDIT_GENERAL_SETTINGS_SUCCESS,\n        editGeneralSettingsMessage: message\n    };\n};\n\nexport const editGeneralSettingsFail = (errors) => {\n    console.log('editGeneralSettingsFail:', errors);\n    return {\n        type: actionTypes.EDIT_GENERAL_SETTINGS_FAILED,\n        editGeneralSettingsErrors: errors\n    };\n};\n\nexport const editGeneralSettings = (generalSettings, token) => {\n    return dispatch => {\n        dispatch(editGeneralSettingsStart());\n\n        let formData = new FormData();\n        console.log(\"wwwww\",generalSettings);\n\n        let _logoAttachment = (generalSettings['logo_attachment']) ? generalSettings['logo_attachment'].file : '';\n        formData.append('title', generalSettings['title']);\n        formData.append('logo_attachment', generalSettings['logo_attachment']);\n        formData.append('company_name', generalSettings['company_name']);\n        formData.append('company_address', generalSettings['company_address']);\n        formData.append('company_phone_no', generalSettings['company_phone_no']);\n        formData.append('company_hotline_no', generalSettings['company_hotline_no']);\n        formData.append('company_fax_no', generalSettings['company_fax_no']);\n        formData.append('company_email', generalSettings['company_email']);\n\n        let url = 'http://fina.mv/api/general-settings/update';\n\n        let config = {\n            headers: {\n                'Content-Type': 'multipart/form-data'\n            }\n        };\n\n        axios.post(url, formData, config)\n            .then(response => {\n                dispatch(editGeneralSettingsSuccess(response.data[\"status\"]));\n            })\n            .catch(err => {\n\n                console.log(\"error:\",err);\n                if (\n                    err &&\n                    err.response &&\n                    err.response.data &&\n                    err.response.data.validationMessages &&\n                    (typeof err.response.data.validationMessages === 'object')\n                ) {\n                    let validationObj = err.response.data.validationMessages;\n                    let combinedErrors = [];\n                    let uniqueErrors = [];\n                    Object.keys(validationObj).forEach((key) => {\n                        validationObj[key].forEach((val) => {\n                            combinedErrors.push(val);\n                        });\n                    });\n                    uniqueErrors = [...new Set(combinedErrors)];\n                    dispatch(editGeneralSettingsFail(uniqueErrors));\n                }\n                else {\n                    console.log(\"error:\",err);\n                    dispatch(editGeneralSettingsFail({error:\"err\"}));\n                }\n            });\n    };\n};\n"],"mappings":";;;;;;;;;;;;;;;;;;;;;;;;;;;;;;;;;;;;;;;;;;;;;;;;;EAGO,IAAMA,kBAAkB,GAAI,SAAAA,CAAAC,eAAe,EAAK;IACnDC,OAAO,CAACC,GAAG,CAAC,oBAAoB,CAAC;IACjC,OAAO;MACHC,IAAI,EAAEC,WAAW,CAACC,oBAAoB;MACtCL,eAAe,EAAEA;IACrB,CAAC;EACL,CAAC;EAEM,IAAMM,0BAA0B,GAAG,SAAAA,CAAA,EAAM;IAC5C,OAAO;MACHH,IAAI,EAAEC,WAAW,CAACG;IACtB,CAAC;EACL,CAAC;EAEM,IAAMC,mBAAmB,GAAG,SAAAA,CAAA,EAAM;IACrC,OAAO,UAAAC,QAAQ,EAAI;MACfC,KAAK,CAACC,GAAG,CAAC,qCAAqC,CAAC,CAC3CC,IAAI,CAAC,UAAAC,QAAQ,EAAI;QACdJ,QAAQ,CAACV,kBAAkB,CAACc,QAAQ,CAACC,IAAI,CAACd,eAAe,CAAC,CAAC;MAC/D,CAAC,CAAC,CACDe,KAAK,CAAC,UAAAC,KAAK,EAAI;QACZP,QAAQ,CAACH,0BAA0B,CAAC,CAAC,CAAC;MAC1C,CAAC,CAAC;IACV,CAAC;EACL,CAAC;EAEM,IAAMW,wBAAwB,GAAG,SAAAA,CAAA,EAAM;IAC1C,OAAO;MACHd,IAAI,EAAEC,WAAW,CAACc;IACtB,CAAC;EACL,CAAC;EAEM,IAAMC,0BAA0B,GAAI,SAAAA,CAAAC,OAAO,EAAK;IACnD,OAAO;MACHjB,IAAI,EAAEC,WAAW,CAACiB,6BAA6B;MAC/CC,0BAA0B,EAAEF;IAChC,CAAC;EACL,CAAC;EAEM,IAAMG,uBAAuB,GAAI,SAAAA,CAAAC,MAAM,EAAK;IAC/CvB,OAAO,CAACC,GAAG,CAAC,0BAA0B,EAAEsB,MAAM,CAAC;IAC/C,OAAO;MACHrB,IAAI,EAAEC,WAAW,CAACqB,4BAA4B;MAC9CC,yBAAyB,EAAEF;IAC/B,CAAC;EACL,CAAC;EAEM,IAAMG,mBAAmB,GAAG,SAAAA,CAAC3B,eAAe,EAAE4B,KAAK,EAAK;IAC3D,OAAO,UAAAnB,QAAQ,EAAI;MACfA,QAAQ,CAACQ,wBAAwB,CAAC,CAAC,CAAC;MAEpC,IAAIY,QAAQ,GAAG,IAAIC,QAAQ,CAAC,CAAC;MAC7B7B,OAAO,CAACC,GAAG,CAAC,OAAO,EAACF,eAAe,CAAC;MAEpC,IAAI+B,eAAe,GAAI/B,eAAe,CAAC,iBAAiB,CAAC,GAAIA,eAAe,CAAC,iBAAiB,CAAC,CAACgC,IAAI,GAAG,EAAE;MACzGH,QAAQ,CAACI,MAAM,CAAC,OAAO,EAAEjC,eAAe,CAAC,OAAO,CAAC,CAAC;MAClD6B,QAAQ,CAACI,MAAM,CAAC,iBAAiB,EAAEjC,eAAe,CAAC,iBAAiB,CAAC,CAAC;MACtE6B,QAAQ,CAACI,MAAM,CAAC,cAAc,EAAEjC,eAAe,CAAC,cAAc,CAAC,CAAC;MAChE6B,QAAQ,CAACI,MAAM,CAAC,iBAAiB,EAAEjC,eAAe,CAAC,iBAAiB,CAAC,CAAC;MACtE6B,QAAQ,CAACI,MAAM,CAAC,kBAAkB,EAAEjC,eAAe,CAAC,kBAAkB,CAAC,CAAC;MACxE6B,QAAQ,CAACI,MAAM,CAAC,oBAAoB,EAAEjC,eAAe,CAAC,oBAAoB,CAAC,CAAC;MAC5E6B,QAAQ,CAACI,MAAM,CAAC,gBAAgB,EAAEjC,eAAe,CAAC,gBAAgB,CAAC,CAAC;MACpE6B,QAAQ,CAACI,MAAM,CAAC,eAAe,EAAEjC,eAAe,CAAC,eAAe,CAAC,CAAC;MAElE,IAAIkC,GAAG,GAAG,4CAA4C;MAEtD,IAAIC,MAAM,GAAG;QACTC,OAAO,EAAE;UACL,cAAc,EAAE;QACpB;MACJ,CAAC;MAED1B,KAAK,CAAC2B,IAAI,CAACH,GAAG,EAAEL,QAAQ,EAAEM,MAAM,CAAC,CAC5BvB,IAAI,CAAC,UAAAC,QAAQ,EAAI;QACdJ,QAAQ,CAACU,0BAA0B,CAACN,QAAQ,CAACC,IAAI,CAAC,QAAQ,CAAC,CAAC,CAAC;MACjE,CAAC,CAAC,CACDC,KAAK,CAAC,UAAAuB,GAAG,EAAI;QAEVrC,OAAO,CAACC,GAAG,CAAC,QAAQ,EAACoC,GAAG,CAAC;QACzB,IACIA,GAAG,IACHA,GAAG,CAACzB,QAAQ,IACZyB,GAAG,CAACzB,QAAQ,CAACC,IAAI,IACjBwB,GAAG,CAACzB,QAAQ,CAACC,IAAI,CAACyB,kBAAkB,IACnCC,OAAA,CAAOF,GAAG,CAACzB,QAAQ,CAACC,IAAI,CAACyB,kBAAkB,MAAK,QAAS,EAC5D;UACE,IAAIE,aAAa,GAAGH,GAAG,CAACzB,QAAQ,CAACC,IAAI,CAACyB,kBAAkB;UACxD,IAAIG,cAAc,GAAG,EAAE;UACvB,IAAIC,YAAY,GAAG,EAAE;UACrBC,MAAM,CAACC,IAAI,CAACJ,aAAa,CAAC,CAACK,OAAO,CAAE,UAAAC,GAAG,EAAK;YACxCN,aAAa,CAACM,GAAG,CAAC,CAACD,OAAO,CAAE,UAAAE,GAAG,EAAK;cAChCN,cAAc,CAACO,IAAI,CAACD,GAAG,CAAC;YAC5B,CAAC,CAAC;UACN,CAAC,CAAC;UACFL,YAAY,GAAAO,kBAAA,CAAO,IAAIC,GAAG,CAACT,cAAc,CAAC,CAAC;UAC3CjC,QAAQ,CAACc,uBAAuB,CAACoB,YAAY,CAAC,CAAC;QACnD,CAAC,MACI;UACD1C,OAAO,CAACC,GAAG,CAAC,QAAQ,EAACoC,GAAG,CAAC;UACzB7B,QAAQ,CAACc,uBAAuB,CAAC;YAACP,KAAK,EAAC;UAAK,CAAC,CAAC,CAAC;QACpD;MACJ,CAAC,CAAC;IACV,CAAC;EACL,CAAC;AAAA,EAAAoC,IAAA,OAAAC,MAAA"},"sourceType":"module","externalDependencies":{},"hash":"51757da0865ba6aa71de2b3e382f50f5569f8796"}
