{"metadata":{},"options":{"assumptions":{},"compact":false,"sourceMaps":true,"ast":true,"babelrc":false,"configFile":false,"parserOpts":{"sourceType":"module","sourceFileName":"/home/ani/Mergerware_assignment/Mererware_meteor/Mergerware_loanify/imports/ui/components/LoansEditLoan/LoansEditLoan.js","plugins":["*","flow","jsx","asyncGenerators","bigInt","classPrivateMethods","classPrivateProperties","classProperties","doExpressions","dynamicImport","exportDefaultFrom","exportExtensions","exportNamespaceFrom","functionBind","functionSent","importMeta","nullishCoalescingOperator","numericSeparator","objectRestSpread","optionalCatchBinding","optionalChaining",["pipelineOperator",{"proposal":"minimal"}],"throwExpressions","classProperties","classPrivateProperties","jsx","nullishCoalescingOperator","nullishCoalescingOperator","optionalChaining","optionalChaining","optionalCatchBinding","optionalCatchBinding","classProperties","classPrivateProperties","classPrivateMethods","classProperties","classPrivateProperties","asyncGenerators","asyncGenerators","objectRestSpread","objectRestSpread","logicalAssignment"],"allowImportExportEverywhere":true,"allowReturnOutsideFunction":true,"allowUndeclaredExports":true,"strictMode":false},"caller":{"name":"meteor","arch":"web.browser.legacy"},"sourceFileName":"imports/ui/components/LoansEditLoan/LoansEditLoan.js","filename":"/home/ani/Mergerware_assignment/Mererware_meteor/Mergerware_loanify/imports/ui/components/LoansEditLoan/LoansEditLoan.js","inputSourceMap":{"version":3,"names":["React","Component","connect","actions","CreateLoanForm","Redirect","AccountsCreateLoan","state","render","authRedirect","props","isAuthenticated","mapStateToProps","selectedAccountId","accounts","selectedAccount","selectedLoanId","loans","selectedLoan","loading","auth","error","token","access_token","authRedirectPath","mapDispatchToProps","dispatch","login","email","password","setAuthRedirectPath","initAccounts","setSelectedAccountId","unsetSelectedLoanId"],"sources":["imports/ui/components/LoansEditLoan/LoansEditLoan.js"],"sourcesContent":["import React, { Component } from 'react';\nimport { connect } from 'react-redux';\nimport * as actions from '../../store/actions/index';\nimport CreateLoanForm from './Forms/EditLoanForm';\nimport { Redirect } from 'react-router';\n\nclass AccountsCreateLoan extends Component {\n    state = {}\n    render() {\n        let authRedirect = null;\n        if (!this.props.isAuthenticated) {\n            authRedirect = <Redirect to=\"/login\" />\n        }\n\n        return (\n            <div>\n                {authRedirect}\n                <CreateLoanForm />\n            </div>\n        );\n    }\n}\n\nconst mapStateToProps = state => {\n    return {\n        selectedAccountId: state.accounts.selectedAccountId,\n        selectedAccount: state.accounts.selectedAccount,\n        selectedLoanId: state.loans.selectedLoanId,\n        selectedLoan: state.loans.selectedLoan,\n        loading: state.auth.loading,\n        error: state.auth.error,\n        token: state.auth.access_token,\n        isAuthenticated: state.auth.access_token !== null,\n        authRedirectPath: state.auth.authRedirectPath\n    }\n}\n\n\nconst mapDispatchToProps = dispatch => {\n    return {\n        login: (email, password) => dispatch(actions.login(email, password)),\n        setAuthRedirectPath: () => dispatch(actions.setAuthRedirectPath('/ ')),\n        initAccounts: () => dispatch(actions.initAccounts()),\n        setSelectedAccountId: (selectedAccountId) => dispatch(actions.setSelectedAccountId(selectedAccountId)),\n        unsetSelectedLoanId: () => dispatch(actions.unsetSelectedLoanId())\n    }\n}\nexport default connect(mapStateToProps, mapDispatchToProps)(AccountsCreateLoan);\n"],"mappings":";AAAA,OAAOA,KAAK,IAAIC,SAAS,QAAQ,OAAO;AACxC,SAASC,OAAO,QAAQ,aAAa;AACrC,OAAO,KAAKC,OAAO,MAAM,2BAA2B;AACpD,OAAOC,cAAc,MAAM,sBAAsB;AACjD,SAASC,QAAQ,QAAQ,cAAc;AAEvC,MAAMC,kBAAkB,SAASL,SAAS,CAAC;EACvCM,KAAK,GAAG,CAAC,CAAC;EACVC,MAAMA,CAAA,EAAG;IACL,IAAIC,YAAY,GAAG,IAAI;IACvB,IAAI,CAAC,IAAI,CAACC,KAAK,CAACC,eAAe,EAAE;MAC7BF,YAAY,GAAG,CAAC,QAAQ,CAAC,EAAE,CAAC,QAAQ,GAAG;IAC3C;IAEA,OACI,CAAC,GAAG;AAChB,gBAAgB,CAACA,YAAY;AAC7B,gBAAgB,CAAC,cAAc;AAC/B,YAAY,EAAE,GAAG,CAAC;EAEd;AACJ;AAEA,MAAMG,eAAe,GAAGL,KAAK,IAAI;EAC7B,OAAO;IACHM,iBAAiB,EAAEN,KAAK,CAACO,QAAQ,CAACD,iBAAiB;IACnDE,eAAe,EAAER,KAAK,CAACO,QAAQ,CAACC,eAAe;IAC/CC,cAAc,EAAET,KAAK,CAACU,KAAK,CAACD,cAAc;IAC1CE,YAAY,EAAEX,KAAK,CAACU,KAAK,CAACC,YAAY;IACtCC,OAAO,EAAEZ,KAAK,CAACa,IAAI,CAACD,OAAO;IAC3BE,KAAK,EAAEd,KAAK,CAACa,IAAI,CAACC,KAAK;IACvBC,KAAK,EAAEf,KAAK,CAACa,IAAI,CAACG,YAAY;IAC9BZ,eAAe,EAAEJ,KAAK,CAACa,IAAI,CAACG,YAAY,KAAK,IAAI;IACjDC,gBAAgB,EAAEjB,KAAK,CAACa,IAAI,CAACI;EACjC,CAAC;AACL,CAAC;AAGD,MAAMC,kBAAkB,GAAGC,QAAQ,IAAI;EACnC,OAAO;IACHC,KAAK,EAAEA,CAACC,KAAK,EAAEC,QAAQ,KAAKH,QAAQ,CAACvB,OAAO,CAACwB,KAAK,CAACC,KAAK,EAAEC,QAAQ,CAAC,CAAC;IACpEC,mBAAmB,EAAEA,CAAA,KAAMJ,QAAQ,CAACvB,OAAO,CAAC2B,mBAAmB,CAAC,IAAI,CAAC,CAAC;IACtEC,YAAY,EAAEA,CAAA,KAAML,QAAQ,CAACvB,OAAO,CAAC4B,YAAY,CAAC,CAAC,CAAC;IACpDC,oBAAoB,EAAGnB,iBAAiB,IAAKa,QAAQ,CAACvB,OAAO,CAAC6B,oBAAoB,CAACnB,iBAAiB,CAAC,CAAC;IACtGoB,mBAAmB,EAAEA,CAAA,KAAMP,QAAQ,CAACvB,OAAO,CAAC8B,mBAAmB,CAAC,CAAC;EACrE,CAAC;AACL,CAAC;AACD,eAAe/B,OAAO,CAACU,eAAe,EAAEa,kBAAkB,CAAC,CAACnB,kBAAkB,CAAC"},"targets":{},"cloneInputAst":true,"browserslistConfigFile":false,"passPerPreset":false,"envName":"development","cwd":"/home/ani/Mergerware_assignment/Mererware_meteor/Mergerware_loanify","root":"/home/ani/Mergerware_assignment/Mererware_meteor/Mergerware_loanify","rootMode":"root","plugins":[{"key":"base$0","visitor":{"_exploded":true,"_verified":true},"options":{},"externalDependencies":[]},{"key":"base$0$0","visitor":{"Program":{"enter":[null],"exit":[null]},"_exploded":true,"_verified":true},"options":{"avoidModernSyntax":true,"enforceStrictMode":false,"dynamicImport":true},"externalDependencies":[]},{"key":"transform-runtime","visitor":{"MemberExpression":{"enter":[null]},"ObjectPattern":{"enter":[null]},"BinaryExpression":{"enter":[null]},"Identifier":{"enter":[null]},"JSXIdentifier":{"enter":[null]},"_exploded":true,"_verified":true},"options":{"version":"7.17.2","helpers":true,"useESModules":false,"corejs":false},"externalDependencies":[]},{"key":"proposal-class-properties","visitor":{"ExportDefaultDeclaration":{"enter":[null]},"_exploded":true,"_verified":true,"ClassExpression":{"enter":[null]},"ClassDeclaration":{"enter":[null]}},"options":{"loose":true},"externalDependencies":[]},{"key":"base$0$3","visitor":{"FunctionExpression":{"exit":[null]},"_exploded":true,"_verified":true},"options":{},"externalDependencies":[]},{"key":"base$0$4","visitor":{"ForInStatement":{"enter":[null]},"_exploded":true,"_verified":true},"options":{},"externalDependencies":[]},{"key":"transform-react-jsx","visitor":{"JSXNamespacedName":{"enter":[null]},"JSXSpreadChild":{"enter":[null]},"Program":{"enter":[null]},"JSXFragment":{"exit":[null]},"JSXElement":{"exit":[null]},"JSXAttribute":{"enter":[null]},"_exploded":true,"_verified":true},"options":{"pragma":"React.createElement","pragmaFrag":"React.Fragment","runtime":"classic","throwIfNamespace":true,"useBuiltIns":false},"externalDependencies":[]},{"key":"transform-react-display-name","visitor":{"ExportDefaultDeclaration":{"enter":[null]},"CallExpression":{"enter":[null]},"_exploded":true,"_verified":true},"options":{},"externalDependencies":[]},{"key":"transform-react-pure-annotations","visitor":{"CallExpression":{"enter":[null]},"_exploded":true,"_verified":true},"options":{},"externalDependencies":[]},{"key":"syntax-nullish-coalescing-operator","visitor":{"_exploded":true,"_verified":true},"options":{},"externalDependencies":[]},{"key":"proposal-nullish-coalescing-operator","visitor":{"LogicalExpression":{"enter":[null]},"_exploded":true,"_verified":true},"options":{},"externalDependencies":[]},{"key":"syntax-optional-chaining","visitor":{"_exploded":true,"_verified":true},"options":{},"externalDependencies":[]},{"key":"proposal-optional-chaining","visitor":{"OptionalCallExpression":{"enter":[null]},"OptionalMemberExpression":{"enter":[null]},"_exploded":true,"_verified":true},"options":{},"externalDependencies":[]},{"key":"syntax-optional-catch-binding","visitor":{"_exploded":true,"_verified":true},"options":{},"externalDependencies":[]},{"key":"proposal-optional-catch-binding","visitor":{"CatchClause":{"enter":[null]},"_exploded":true,"_verified":true},"options":{},"externalDependencies":[]},{"key":"syntax-class-properties","visitor":{"_exploded":true,"_verified":true},"options":{},"externalDependencies":[]},{"key":"proposal-class-properties","visitor":{"ExportDefaultDeclaration":{"enter":[null]},"_exploded":true,"_verified":true,"ClassExpression":{"enter":[null]},"ClassDeclaration":{"enter":[null]}},"options":{},"externalDependencies":[]},{"key":"syntax-async-generators","visitor":{"_exploded":true,"_verified":true},"options":{},"externalDependencies":[]},{"key":"proposal-async-generator-functions","visitor":{"Program":{"enter":[null]},"_exploded":true,"_verified":true},"options":{},"externalDependencies":[]},{"key":"syntax-object-rest-spread","visitor":{"_exploded":true,"_verified":true},"options":{},"externalDependencies":[]},{"key":"proposal-object-rest-spread","visitor":{"VariableDeclarator":{"enter":[null]},"ExportNamedDeclaration":{"enter":[null]},"CatchClause":{"enter":[null]},"AssignmentExpression":{"enter":[null]},"ArrayPattern":{"enter":[null]},"ObjectExpression":{"enter":[null]},"FunctionDeclaration":{"enter":[null]},"FunctionExpression":{"enter":[null]},"ObjectMethod":{"enter":[null]},"ArrowFunctionExpression":{"enter":[null]},"ClassMethod":{"enter":[null]},"ClassPrivateMethod":{"enter":[null]},"ForInStatement":{"enter":[null]},"ForOfStatement":{"enter":[null]},"_exploded":true,"_verified":true},"options":{},"externalDependencies":[]},{"key":"proposal-logical-assignment-operators","visitor":{"AssignmentExpression":{"enter":[null]},"_exploded":true,"_verified":true},"options":{},"externalDependencies":[]},{"key":"transform-arrow-functions","visitor":{"ArrowFunctionExpression":{"enter":[null]},"_exploded":true,"_verified":true},"options":{},"externalDependencies":[]},{"key":"transform-block-scoped-functions","visitor":{"BlockStatement":{"enter":[null]},"SwitchCase":{"enter":[null]},"_exploded":true,"_verified":true},"options":{},"externalDependencies":[]},{"key":"transform-block-scoping","visitor":{"VariableDeclaration":{"enter":[null,null]},"BlockStatement":{"enter":[null]},"SwitchCase":{"enter":[null]},"ClassDeclaration":{"enter":[null]},"DoWhileStatement":{"enter":[null]},"ForInStatement":{"enter":[null]},"ForStatement":{"enter":[null]},"WhileStatement":{"enter":[null]},"ForOfStatement":{"enter":[null]},"_exploded":true,"_verified":true},"options":{},"externalDependencies":[]},{"key":"transform-classes","visitor":{"ExportDefaultDeclaration":{"enter":[null]},"ClassDeclaration":{"enter":[null]},"ClassExpression":{"enter":[null]},"_exploded":true,"_verified":true},"options":{"loose":true},"externalDependencies":[]},{"key":"transform-computed-properties","visitor":{"ObjectExpression":{"exit":[null]},"_exploded":true,"_verified":true},"options":{"loose":true},"externalDependencies":[]},{"key":"transform-destructuring","visitor":{"ExportNamedDeclaration":{"enter":[null]},"CatchClause":{"enter":[null]},"AssignmentExpression":{"enter":[null]},"VariableDeclaration":{"enter":[null]},"_exploded":true,"_verified":true,"ForInStatement":{"enter":[null]},"ForOfStatement":{"enter":[null]}},"options":{},"externalDependencies":[]},{"key":"transform-for-of","visitor":{"ForOfStatement":{"enter":[null]},"_exploded":true,"_verified":true},"options":{"loose":true},"externalDependencies":[]},{"key":"transform-literals","visitor":{"NumericLiteral":{"enter":[null]},"StringLiteral":{"enter":[null]},"_exploded":true,"_verified":true},"options":{},"externalDependencies":[]},{"key":"transform-object-super","visitor":{"ObjectExpression":{"enter":[null]},"_exploded":true,"_verified":true,"DoWhileStatement":{"exit":[null]},"ForInStatement":{"exit":[null]},"ForStatement":{"exit":[null]},"WhileStatement":{"exit":[null]},"ForOfStatement":{"exit":[null]}},"options":{},"externalDependencies":[]},{"key":"transform-parameters","visitor":{"_exploded":true,"_verified":true,"FunctionDeclaration":{"enter":[null]},"FunctionExpression":{"enter":[null]},"ObjectMethod":{"enter":[null]},"ArrowFunctionExpression":{"enter":[null]},"ClassMethod":{"enter":[null]},"ClassPrivateMethod":{"enter":[null]}},"options":{},"externalDependencies":[]},{"key":"transform-shorthand-properties","visitor":{"ObjectMethod":{"enter":[null]},"ObjectProperty":{"enter":[null]},"_exploded":true,"_verified":true},"options":{},"externalDependencies":[]},{"key":"transform-spread","visitor":{"ArrayExpression":{"enter":[null]},"CallExpression":{"enter":[null]},"NewExpression":{"enter":[null]},"_exploded":true,"_verified":true},"options":{},"externalDependencies":[]},{"key":"transform-sticky-regex","visitor":{"RegExpLiteral":{"enter":[null]},"_exploded":true,"_verified":true},"options":{},"externalDependencies":[]},{"key":"transform-template-literals","visitor":{"TaggedTemplateExpression":{"enter":[null]},"TemplateLiteral":{"enter":[null]},"_exploded":true,"_verified":true},"options":{"loose":true},"externalDependencies":[]},{"key":"transform-typeof-symbol","visitor":{"UnaryExpression":{"enter":[null]},"_exploded":true,"_verified":true,"BlockStatement":{"enter":[null]},"CatchClause":{"enter":[null]},"DoWhileStatement":{"enter":[null]},"ForInStatement":{"enter":[null]},"ForStatement":{"enter":[null]},"FunctionDeclaration":{"enter":[null]},"FunctionExpression":{"enter":[null]},"Program":{"enter":[null]},"ObjectMethod":{"enter":[null]},"SwitchStatement":{"enter":[null]},"WhileStatement":{"enter":[null]},"ArrowFunctionExpression":{"enter":[null]},"ClassExpression":{"enter":[null]},"ClassDeclaration":{"enter":[null]},"ForOfStatement":{"enter":[null]},"ClassMethod":{"enter":[null]},"ClassPrivateMethod":{"enter":[null]},"StaticBlock":{"enter":[null]},"TSModuleBlock":{"enter":[null]},"AssignmentPattern":{"enter":[null]},"ArrayPattern":{"enter":[null]},"ObjectPattern":{"enter":[null]}},"options":{},"externalDependencies":[]},{"key":"transform-unicode-regex","visitor":{"RegExpLiteral":{"enter":[null]},"_exploded":true,"_verified":true},"options":{},"externalDependencies":[]},{"key":"transform-property-literals","visitor":{"ObjectProperty":{"exit":[null]},"_exploded":true,"_verified":true},"options":{},"externalDependencies":[]},{"key":"transform-exponentiation-operator","visitor":{"AssignmentExpression":{"enter":[null]},"BinaryExpression":{"enter":[null]},"_exploded":true,"_verified":true},"options":{},"externalDependencies":[]},{"key":"transform-regenerator","visitor":{"ObjectMethod":{"enter":[null],"exit":[null]},"ClassMethod":{"enter":[null],"exit":[null]},"ClassPrivateMethod":{"enter":[null],"exit":[null]},"FunctionDeclaration":{"exit":[null]},"FunctionExpression":{"exit":[null]},"ArrowFunctionExpression":{"exit":[null]},"MemberExpression":{"enter":[null]},"_exploded":true,"_verified":true},"options":{},"externalDependencies":[]}],"presets":[],"generatorOpts":{"filename":"/home/ani/Mergerware_assignment/Mererware_meteor/Mergerware_loanify/imports/ui/components/LoansEditLoan/LoansEditLoan.js","comments":true,"compact":false,"sourceMaps":true,"sourceFileName":"imports/ui/components/LoansEditLoan/LoansEditLoan.js","inputSourceMap":{"version":3,"names":["React","Component","connect","actions","CreateLoanForm","Redirect","AccountsCreateLoan","state","render","authRedirect","props","isAuthenticated","mapStateToProps","selectedAccountId","accounts","selectedAccount","selectedLoanId","loans","selectedLoan","loading","auth","error","token","access_token","authRedirectPath","mapDispatchToProps","dispatch","login","email","password","setAuthRedirectPath","initAccounts","setSelectedAccountId","unsetSelectedLoanId"],"sources":["imports/ui/components/LoansEditLoan/LoansEditLoan.js"],"sourcesContent":["import React, { Component } from 'react';\nimport { connect } from 'react-redux';\nimport * as actions from '../../store/actions/index';\nimport CreateLoanForm from './Forms/EditLoanForm';\nimport { Redirect } from 'react-router';\n\nclass AccountsCreateLoan extends Component {\n    state = {}\n    render() {\n        let authRedirect = null;\n        if (!this.props.isAuthenticated) {\n            authRedirect = <Redirect to=\"/login\" />\n        }\n\n        return (\n            <div>\n                {authRedirect}\n                <CreateLoanForm />\n            </div>\n        );\n    }\n}\n\nconst mapStateToProps = state => {\n    return {\n        selectedAccountId: state.accounts.selectedAccountId,\n        selectedAccount: state.accounts.selectedAccount,\n        selectedLoanId: state.loans.selectedLoanId,\n        selectedLoan: state.loans.selectedLoan,\n        loading: state.auth.loading,\n        error: state.auth.error,\n        token: state.auth.access_token,\n        isAuthenticated: state.auth.access_token !== null,\n        authRedirectPath: state.auth.authRedirectPath\n    }\n}\n\n\nconst mapDispatchToProps = dispatch => {\n    return {\n        login: (email, password) => dispatch(actions.login(email, password)),\n        setAuthRedirectPath: () => dispatch(actions.setAuthRedirectPath('/ ')),\n        initAccounts: () => dispatch(actions.initAccounts()),\n        setSelectedAccountId: (selectedAccountId) => dispatch(actions.setSelectedAccountId(selectedAccountId)),\n        unsetSelectedLoanId: () => dispatch(actions.unsetSelectedLoanId())\n    }\n}\nexport default connect(mapStateToProps, mapDispatchToProps)(AccountsCreateLoan);\n"],"mappings":";AAAA,OAAOA,KAAK,IAAIC,SAAS,QAAQ,OAAO;AACxC,SAASC,OAAO,QAAQ,aAAa;AACrC,OAAO,KAAKC,OAAO,MAAM,2BAA2B;AACpD,OAAOC,cAAc,MAAM,sBAAsB;AACjD,SAASC,QAAQ,QAAQ,cAAc;AAEvC,MAAMC,kBAAkB,SAASL,SAAS,CAAC;EACvCM,KAAK,GAAG,CAAC,CAAC;EACVC,MAAMA,CAAA,EAAG;IACL,IAAIC,YAAY,GAAG,IAAI;IACvB,IAAI,CAAC,IAAI,CAACC,KAAK,CAACC,eAAe,EAAE;MAC7BF,YAAY,GAAG,CAAC,QAAQ,CAAC,EAAE,CAAC,QAAQ,GAAG;IAC3C;IAEA,OACI,CAAC,GAAG;AAChB,gBAAgB,CAACA,YAAY;AAC7B,gBAAgB,CAAC,cAAc;AAC/B,YAAY,EAAE,GAAG,CAAC;EAEd;AACJ;AAEA,MAAMG,eAAe,GAAGL,KAAK,IAAI;EAC7B,OAAO;IACHM,iBAAiB,EAAEN,KAAK,CAACO,QAAQ,CAACD,iBAAiB;IACnDE,eAAe,EAAER,KAAK,CAACO,QAAQ,CAACC,eAAe;IAC/CC,cAAc,EAAET,KAAK,CAACU,KAAK,CAACD,cAAc;IAC1CE,YAAY,EAAEX,KAAK,CAACU,KAAK,CAACC,YAAY;IACtCC,OAAO,EAAEZ,KAAK,CAACa,IAAI,CAACD,OAAO;IAC3BE,KAAK,EAAEd,KAAK,CAACa,IAAI,CAACC,KAAK;IACvBC,KAAK,EAAEf,KAAK,CAACa,IAAI,CAACG,YAAY;IAC9BZ,eAAe,EAAEJ,KAAK,CAACa,IAAI,CAACG,YAAY,KAAK,IAAI;IACjDC,gBAAgB,EAAEjB,KAAK,CAACa,IAAI,CAACI;EACjC,CAAC;AACL,CAAC;AAGD,MAAMC,kBAAkB,GAAGC,QAAQ,IAAI;EACnC,OAAO;IACHC,KAAK,EAAEA,CAACC,KAAK,EAAEC,QAAQ,KAAKH,QAAQ,CAACvB,OAAO,CAACwB,KAAK,CAACC,KAAK,EAAEC,QAAQ,CAAC,CAAC;IACpEC,mBAAmB,EAAEA,CAAA,KAAMJ,QAAQ,CAACvB,OAAO,CAAC2B,mBAAmB,CAAC,IAAI,CAAC,CAAC;IACtEC,YAAY,EAAEA,CAAA,KAAML,QAAQ,CAACvB,OAAO,CAAC4B,YAAY,CAAC,CAAC,CAAC;IACpDC,oBAAoB,EAAGnB,iBAAiB,IAAKa,QAAQ,CAACvB,OAAO,CAAC6B,oBAAoB,CAACnB,iBAAiB,CAAC,CAAC;IACtGoB,mBAAmB,EAAEA,CAAA,KAAMP,QAAQ,CAACvB,OAAO,CAAC8B,mBAAmB,CAAC,CAAC;EACrE,CAAC;AACL,CAAC;AACD,eAAe/B,OAAO,CAACU,eAAe,EAAEa,kBAAkB,CAAC,CAACnB,kBAAkB,CAAC"}}},"code":"!function (module1) {\n  var _inheritsLoose;\n  module1.link(\"@babel/runtime/helpers/inheritsLoose\", {\n    default: function (v) {\n      _inheritsLoose = v;\n    }\n  }, 0);\n  var React, Component;\n  module1.link(\"react\", {\n    \"default\": function (v) {\n      React = v;\n    },\n    Component: function (v) {\n      Component = v;\n    }\n  }, 0);\n  var connect;\n  module1.link(\"react-redux\", {\n    connect: function (v) {\n      connect = v;\n    }\n  }, 1);\n  var actions;\n  module1.link(\"../../store/actions/index\", {\n    \"*\": function (v) {\n      actions = v;\n    }\n  }, 2);\n  var CreateLoanForm;\n  module1.link(\"./Forms/EditLoanForm\", {\n    \"default\": function (v) {\n      CreateLoanForm = v;\n    }\n  }, 3);\n  var Redirect;\n  module1.link(\"react-router\", {\n    Redirect: function (v) {\n      Redirect = v;\n    }\n  }, 4);\n  ___INIT_METEOR_FAST_REFRESH(module);\n  var AccountsCreateLoan = /*#__PURE__*/function (_Component) {\n    _inheritsLoose(AccountsCreateLoan, _Component);\n    function AccountsCreateLoan() {\n      var _this;\n      for (var _len = arguments.length, args = new Array(_len), _key = 0; _key < _len; _key++) {\n        args[_key] = arguments[_key];\n      }\n      _this = _Component.call.apply(_Component, [this].concat(args)) || this;\n      _this.state = {};\n      return _this;\n    }\n    var _proto = AccountsCreateLoan.prototype;\n    _proto.render = function () {\n      function render() {\n        var authRedirect = null;\n        if (!this.props.isAuthenticated) {\n          authRedirect = /*#__PURE__*/React.createElement(Redirect, {\n            to: \"/login\"\n          });\n        }\n        return /*#__PURE__*/React.createElement(\"div\", null, authRedirect, /*#__PURE__*/React.createElement(CreateLoanForm, null));\n      }\n      return render;\n    }();\n    return AccountsCreateLoan;\n  }(Component);\n  var mapStateToProps = function (state) {\n    return {\n      selectedAccountId: state.accounts.selectedAccountId,\n      selectedAccount: state.accounts.selectedAccount,\n      selectedLoanId: state.loans.selectedLoanId,\n      selectedLoan: state.loans.selectedLoan,\n      loading: state.auth.loading,\n      error: state.auth.error,\n      token: state.auth.access_token,\n      isAuthenticated: state.auth.access_token !== null,\n      authRedirectPath: state.auth.authRedirectPath\n    };\n  };\n  var mapDispatchToProps = function (dispatch) {\n    return {\n      login: function (email, password) {\n        return dispatch(actions.login(email, password));\n      },\n      setAuthRedirectPath: function () {\n        return dispatch(actions.setAuthRedirectPath('/ '));\n      },\n      initAccounts: function () {\n        return dispatch(actions.initAccounts());\n      },\n      setSelectedAccountId: function (selectedAccountId) {\n        return dispatch(actions.setSelectedAccountId(selectedAccountId));\n      },\n      unsetSelectedLoanId: function () {\n        return dispatch(actions.unsetSelectedLoanId());\n      }\n    };\n  };\n  module1.exportDefault(connect(mapStateToProps, mapDispatchToProps)(AccountsCreateLoan));\n}.call(this, module);","map":{"version":3,"names":["AccountsCreateLoan","_Component","_inheritsLoose","_this","_len","arguments","length","args","Array","_key","call","apply","concat","state","_proto","prototype","render","authRedirect","props","isAuthenticated","React","createElement","Redirect","to","CreateLoanForm","Component","mapStateToProps","selectedAccountId","accounts","selectedAccount","selectedLoanId","loans","selectedLoan","loading","auth","error","token","access_token","authRedirectPath","mapDispatchToProps","dispatch","login","email","password","actions","setAuthRedirectPath","initAccounts","setSelectedAccountId","unsetSelectedLoanId","connect"],"sources":["imports/ui/components/LoansEditLoan/LoansEditLoan.js"],"sourcesContent":["import React, { Component } from 'react';\nimport { connect } from 'react-redux';\nimport * as actions from '../../store/actions/index';\nimport CreateLoanForm from './Forms/EditLoanForm';\nimport { Redirect } from 'react-router';\n\nclass AccountsCreateLoan extends Component {\n    state = {}\n    render() {\n        let authRedirect = null;\n        if (!this.props.isAuthenticated) {\n            authRedirect = <Redirect to=\"/login\" />\n        }\n\n        return (\n            <div>\n                {authRedirect}\n                <CreateLoanForm />\n            </div>\n        );\n    }\n}\n\nconst mapStateToProps = state => {\n    return {\n        selectedAccountId: state.accounts.selectedAccountId,\n        selectedAccount: state.accounts.selectedAccount,\n        selectedLoanId: state.loans.selectedLoanId,\n        selectedLoan: state.loans.selectedLoan,\n        loading: state.auth.loading,\n        error: state.auth.error,\n        token: state.auth.access_token,\n        isAuthenticated: state.auth.access_token !== null,\n        authRedirectPath: state.auth.authRedirectPath\n    }\n}\n\n\nconst mapDispatchToProps = dispatch => {\n    return {\n        login: (email, password) => dispatch(actions.login(email, password)),\n        setAuthRedirectPath: () => dispatch(actions.setAuthRedirectPath('/ ')),\n        initAccounts: () => dispatch(actions.initAccounts()),\n        setSelectedAccountId: (selectedAccountId) => dispatch(actions.setSelectedAccountId(selectedAccountId)),\n        unsetSelectedLoanId: () => dispatch(actions.unsetSelectedLoanId())\n    }\n}\nexport default connect(mapStateToProps, mapDispatchToProps)(AccountsCreateLoan);\n"],"mappings":";;;;;;;;;;;;;;;;;;;;;;;;;;;;;;;;;;;;;;;;;MAMMA,kBAAkB,0BAAAC,UAAA;IAAAC,cAAA,CAAAF,kBAAA,EAAAC,UAAA;IAAA,SAAAD,mBAAA;MAAA,IAAAG,KAAA;MAAA,SAAAC,IAAA,GAAAC,SAAA,CAAAC,MAAA,EAAAC,IAAA,OAAAC,KAAA,CAAAJ,IAAA,GAAAK,IAAA,MAAAA,IAAA,GAAAL,IAAA,EAAAK,IAAA;QAAAF,IAAA,CAAAE,IAAA,IAAAJ,SAAA,CAAAI,IAAA;MAAA;MAAAN,KAAA,GAAAF,UAAA,CAAAS,IAAA,CAAAC,KAAA,CAAAV,UAAA,SAAAW,MAAA,CAAAL,IAAA;MAAAJ,KAAA,CACpBU,KAAK,GAAG,CAAC,CAAC;MAAA,OAAAV,KAAA;IAAA;IAAA,IAAAW,MAAA,GAAAd,kBAAA,CAAAe,SAAA;IAAAD,MAAA,CACVE,MAAM;MAAN,SAAAA,OAAA,EAAS;QACL,IAAIC,YAAY,GAAG,IAAI;QACvB,IAAI,CAAC,IAAI,CAACC,KAAK,CAACC,eAAe,EAAE;UAC7BF,YAAY,gBAAGG,KAAA,CAAAC,aAAA,CAACC,QAAQ;YAACC,EAAE,EAAC;UAAQ,EAAG;QAC3C;QAEA,oBACIH,KAAA,CAAAC,aAAA,cACKJ,YAAY,eACbG,KAAA,CAAAC,aAAA,CAACG,cAAc,OACd,CAAC;MAEd;MAAA,OAAAR,MAAA;IAAA;IAAA,OAAAhB,kBAAA;EAAA,EAd6ByB,SAAS;EAiB1C,IAAMC,eAAe,GAAG,SAAAA,CAAAb,KAAK,EAAI;IAC7B,OAAO;MACHc,iBAAiB,EAAEd,KAAK,CAACe,QAAQ,CAACD,iBAAiB;MACnDE,eAAe,EAAEhB,KAAK,CAACe,QAAQ,CAACC,eAAe;MAC/CC,cAAc,EAAEjB,KAAK,CAACkB,KAAK,CAACD,cAAc;MAC1CE,YAAY,EAAEnB,KAAK,CAACkB,KAAK,CAACC,YAAY;MACtCC,OAAO,EAAEpB,KAAK,CAACqB,IAAI,CAACD,OAAO;MAC3BE,KAAK,EAAEtB,KAAK,CAACqB,IAAI,CAACC,KAAK;MACvBC,KAAK,EAAEvB,KAAK,CAACqB,IAAI,CAACG,YAAY;MAC9BlB,eAAe,EAAEN,KAAK,CAACqB,IAAI,CAACG,YAAY,KAAK,IAAI;MACjDC,gBAAgB,EAAEzB,KAAK,CAACqB,IAAI,CAACI;IACjC,CAAC;EACL,CAAC;EAGD,IAAMC,kBAAkB,GAAG,SAAAA,CAAAC,QAAQ,EAAI;IACnC,OAAO;MACHC,KAAK,EAAE,SAAAA,CAACC,KAAK,EAAEC,QAAQ;QAAA,OAAKH,QAAQ,CAACI,OAAO,CAACH,KAAK,CAACC,KAAK,EAAEC,QAAQ,CAAC,CAAC;MAAA;MACpEE,mBAAmB,EAAE,SAAAA,CAAA;QAAA,OAAML,QAAQ,CAACI,OAAO,CAACC,mBAAmB,CAAC,IAAI,CAAC,CAAC;MAAA;MACtEC,YAAY,EAAE,SAAAA,CAAA;QAAA,OAAMN,QAAQ,CAACI,OAAO,CAACE,YAAY,CAAC,CAAC,CAAC;MAAA;MACpDC,oBAAoB,EAAG,SAAAA,CAAApB,iBAAiB;QAAA,OAAKa,QAAQ,CAACI,OAAO,CAACG,oBAAoB,CAACpB,iBAAiB,CAAC,CAAC;MAAA;MACtGqB,mBAAmB,EAAE,SAAAA,CAAA;QAAA,OAAMR,QAAQ,CAACI,OAAO,CAACI,mBAAmB,CAAC,CAAC;MAAA;IACrE,CAAC;EACL,CAAC;wBACcC,OAAO,CAACvB,eAAe,EAAEa,kBAAkB,CAAC,CAACvC,kBAAkB,C"},"sourceType":"module","externalDependencies":{},"hash":"57e14bf3287cad290cefbbd613e0db7ea14e069e"}
