{"metadata":{},"options":{"assumptions":{},"compact":false,"sourceMaps":true,"ast":true,"babelrc":false,"configFile":false,"parserOpts":{"sourceType":"module","sourceFileName":"/home/ani/Mergerware_assignment/Mererware_meteor/Mergerware_loanify/imports/ui/components/Auth/Logout/Logout.js","plugins":["*","flow","jsx","asyncGenerators","bigInt","classPrivateMethods","classPrivateProperties","classProperties","doExpressions","dynamicImport","exportDefaultFrom","exportExtensions","exportNamespaceFrom","functionBind","functionSent","importMeta","nullishCoalescingOperator","numericSeparator","objectRestSpread","optionalCatchBinding","optionalChaining",["pipelineOperator",{"proposal":"minimal"}],"throwExpressions","classProperties","classPrivateProperties","jsx","nullishCoalescingOperator","nullishCoalescingOperator","optionalChaining","optionalChaining","optionalCatchBinding","optionalCatchBinding","classProperties","classPrivateProperties","classPrivateMethods","classProperties","classPrivateProperties","asyncGenerators","asyncGenerators","objectRestSpread","objectRestSpread","logicalAssignment"],"allowImportExportEverywhere":true,"allowReturnOutsideFunction":true,"allowUndeclaredExports":true,"strictMode":false},"caller":{"name":"meteor","arch":"web.browser"},"sourceFileName":"imports/ui/components/Auth/Logout/Logout.js","filename":"/home/ani/Mergerware_assignment/Mererware_meteor/Mergerware_loanify/imports/ui/components/Auth/Logout/Logout.js","inputSourceMap":{"version":3,"names":["React","Component","connect","Redirect","actions","Logout","componentDidMount","props","onLogout","render","mapDispatchToProps","dispatch","logout"],"sources":["imports/ui/components/Auth/Logout/Logout.js"],"sourcesContent":["import React, { Component } from 'react';\nimport { connect } from 'react-redux';\nimport { Redirect } from 'react-router-dom';\n\nimport * as actions from '../../../store/actions/index';\n\nclass Logout extends Component {\n    componentDidMount = () => {\n        this.props.onLogout();\n    }\n    render() {\n        return (\n            <Redirect to=\"/\" />\n        );\n    }\n}\nconst mapDispatchToProps = (dispatch) => {\n    return {\n        onLogout: () => dispatch(actions.logout())\n    }\n}\nexport default connect(null, mapDispatchToProps)(Logout);\n"],"mappings":";AAAA,OAAOA,KAAK,IAAIC,SAAS,QAAQ,OAAO;AACxC,SAASC,OAAO,QAAQ,aAAa;AACrC,SAASC,QAAQ,QAAQ,kBAAkB;AAE3C,OAAO,KAAKC,OAAO,MAAM,8BAA8B;AAEvD,MAAMC,MAAM,SAASJ,SAAS,CAAC;EAC3BK,iBAAiB,GAAGA,CAAA,KAAM;IACtB,IAAI,CAACC,KAAK,CAACC,QAAQ,CAAC,CAAC;EACzB,CAAC;EACDC,MAAMA,CAAA,EAAG;IACL,OACI,CAAC,QAAQ,CAAC,EAAE,CAAC,GAAG,GAAG;EAE3B;AACJ;AACA,MAAMC,kBAAkB,GAAIC,QAAQ,IAAK;EACrC,OAAO;IACHH,QAAQ,EAAEA,CAAA,KAAMG,QAAQ,CAACP,OAAO,CAACQ,MAAM,CAAC,CAAC;EAC7C,CAAC;AACL,CAAC;AACD,eAAeV,OAAO,CAAC,IAAI,EAAEQ,kBAAkB,CAAC,CAACL,MAAM,CAAC"},"targets":{},"cloneInputAst":true,"browserslistConfigFile":false,"passPerPreset":false,"envName":"development","cwd":"/home/ani/Mergerware_assignment/Mererware_meteor/Mergerware_loanify","root":"/home/ani/Mergerware_assignment/Mererware_meteor/Mergerware_loanify","rootMode":"root","plugins":[{"key":"base$0","visitor":{"_exploded":true,"_verified":true},"options":{},"externalDependencies":[]},{"key":"base$0$0","visitor":{"Program":{"enter":[null],"exit":[null]},"_exploded":true,"_verified":true},"options":{"avoidModernSyntax":false,"enforceStrictMode":false,"dynamicImport":true,"generateLetDeclarations":true},"externalDependencies":[]},{"key":"transform-runtime","visitor":{"MemberExpression":{"enter":[null]},"ObjectPattern":{"enter":[null]},"BinaryExpression":{"enter":[null]},"Identifier":{"enter":[null]},"JSXIdentifier":{"enter":[null]},"_exploded":true,"_verified":true},"options":{"version":"7.17.2","helpers":true,"useESModules":false,"corejs":false},"externalDependencies":[]},{"key":"proposal-class-properties","visitor":{"ExportDefaultDeclaration":{"enter":[null]},"_exploded":true,"_verified":true,"ClassExpression":{"enter":[null]},"ClassDeclaration":{"enter":[null]}},"options":{"loose":true},"externalDependencies":[]},{"key":"transform-react-jsx","visitor":{"JSXNamespacedName":{"enter":[null]},"JSXSpreadChild":{"enter":[null]},"Program":{"enter":[null]},"JSXFragment":{"exit":[null]},"JSXElement":{"exit":[null]},"JSXAttribute":{"enter":[null]},"_exploded":true,"_verified":true},"options":{"pragma":"React.createElement","pragmaFrag":"React.Fragment","runtime":"classic","throwIfNamespace":true,"useBuiltIns":false},"externalDependencies":[]},{"key":"transform-react-display-name","visitor":{"ExportDefaultDeclaration":{"enter":[null]},"CallExpression":{"enter":[null]},"_exploded":true,"_verified":true},"options":{},"externalDependencies":[]},{"key":"transform-react-pure-annotations","visitor":{"CallExpression":{"enter":[null]},"_exploded":true,"_verified":true},"options":{},"externalDependencies":[]},{"key":"syntax-nullish-coalescing-operator","visitor":{"_exploded":true,"_verified":true},"options":{},"externalDependencies":[]},{"key":"proposal-nullish-coalescing-operator","visitor":{"LogicalExpression":{"enter":[null]},"_exploded":true,"_verified":true},"options":{},"externalDependencies":[]},{"key":"syntax-optional-chaining","visitor":{"_exploded":true,"_verified":true},"options":{},"externalDependencies":[]},{"key":"proposal-optional-chaining","visitor":{"OptionalCallExpression":{"enter":[null]},"OptionalMemberExpression":{"enter":[null]},"_exploded":true,"_verified":true},"options":{},"externalDependencies":[]},{"key":"syntax-optional-catch-binding","visitor":{"_exploded":true,"_verified":true},"options":{},"externalDependencies":[]},{"key":"proposal-optional-catch-binding","visitor":{"CatchClause":{"enter":[null]},"_exploded":true,"_verified":true},"options":{},"externalDependencies":[]},{"key":"syntax-class-properties","visitor":{"_exploded":true,"_verified":true},"options":{},"externalDependencies":[]},{"key":"proposal-class-properties","visitor":{"ExportDefaultDeclaration":{"enter":[null]},"_exploded":true,"_verified":true,"ClassExpression":{"enter":[null]},"ClassDeclaration":{"enter":[null]}},"options":{},"externalDependencies":[]},{"key":"syntax-async-generators","visitor":{"_exploded":true,"_verified":true},"options":{},"externalDependencies":[]},{"key":"proposal-async-generator-functions","visitor":{"Program":{"enter":[null]},"_exploded":true,"_verified":true},"options":{},"externalDependencies":[]},{"key":"syntax-object-rest-spread","visitor":{"_exploded":true,"_verified":true},"options":{},"externalDependencies":[]},{"key":"proposal-object-rest-spread","visitor":{"VariableDeclarator":{"enter":[null]},"ExportNamedDeclaration":{"enter":[null]},"CatchClause":{"enter":[null]},"AssignmentExpression":{"enter":[null]},"ArrayPattern":{"enter":[null]},"ObjectExpression":{"enter":[null]},"FunctionDeclaration":{"enter":[null]},"FunctionExpression":{"enter":[null]},"ObjectMethod":{"enter":[null]},"ArrowFunctionExpression":{"enter":[null]},"ClassMethod":{"enter":[null]},"ClassPrivateMethod":{"enter":[null]},"ForInStatement":{"enter":[null]},"ForOfStatement":{"enter":[null]},"_exploded":true,"_verified":true},"options":{},"externalDependencies":[]},{"key":"proposal-logical-assignment-operators","visitor":{"AssignmentExpression":{"enter":[null]},"_exploded":true,"_verified":true},"options":{},"externalDependencies":[]},{"key":"transform-literals","visitor":{"NumericLiteral":{"enter":[null]},"StringLiteral":{"enter":[null]},"_exploded":true,"_verified":true},"options":{},"externalDependencies":[]},{"key":"transform-template-literals","visitor":{"TaggedTemplateExpression":{"enter":[null]},"TemplateLiteral":{"enter":[null]},"_exploded":true,"_verified":true},"options":{},"externalDependencies":[]},{"key":"transform-parameters","visitor":{"_exploded":true,"_verified":true,"FunctionDeclaration":{"enter":[null]},"FunctionExpression":{"enter":[null]},"ObjectMethod":{"enter":[null]},"ArrowFunctionExpression":{"enter":[null]},"ClassMethod":{"enter":[null]},"ClassPrivateMethod":{"enter":[null]}},"options":{},"externalDependencies":[]},{"key":"transform-exponentiation-operator","visitor":{"AssignmentExpression":{"enter":[null]},"BinaryExpression":{"enter":[null]},"_exploded":true,"_verified":true},"options":{},"externalDependencies":[]}],"presets":[],"generatorOpts":{"filename":"/home/ani/Mergerware_assignment/Mererware_meteor/Mergerware_loanify/imports/ui/components/Auth/Logout/Logout.js","comments":true,"compact":false,"sourceMaps":true,"sourceFileName":"imports/ui/components/Auth/Logout/Logout.js","inputSourceMap":{"version":3,"names":["React","Component","connect","Redirect","actions","Logout","componentDidMount","props","onLogout","render","mapDispatchToProps","dispatch","logout"],"sources":["imports/ui/components/Auth/Logout/Logout.js"],"sourcesContent":["import React, { Component } from 'react';\nimport { connect } from 'react-redux';\nimport { Redirect } from 'react-router-dom';\n\nimport * as actions from '../../../store/actions/index';\n\nclass Logout extends Component {\n    componentDidMount = () => {\n        this.props.onLogout();\n    }\n    render() {\n        return (\n            <Redirect to=\"/\" />\n        );\n    }\n}\nconst mapDispatchToProps = (dispatch) => {\n    return {\n        onLogout: () => dispatch(actions.logout())\n    }\n}\nexport default connect(null, mapDispatchToProps)(Logout);\n"],"mappings":";AAAA,OAAOA,KAAK,IAAIC,SAAS,QAAQ,OAAO;AACxC,SAASC,OAAO,QAAQ,aAAa;AACrC,SAASC,QAAQ,QAAQ,kBAAkB;AAE3C,OAAO,KAAKC,OAAO,MAAM,8BAA8B;AAEvD,MAAMC,MAAM,SAASJ,SAAS,CAAC;EAC3BK,iBAAiB,GAAGA,CAAA,KAAM;IACtB,IAAI,CAACC,KAAK,CAACC,QAAQ,CAAC,CAAC;EACzB,CAAC;EACDC,MAAMA,CAAA,EAAG;IACL,OACI,CAAC,QAAQ,CAAC,EAAE,CAAC,GAAG,GAAG;EAE3B;AACJ;AACA,MAAMC,kBAAkB,GAAIC,QAAQ,IAAK;EACrC,OAAO;IACHH,QAAQ,EAAEA,CAAA,KAAMG,QAAQ,CAACP,OAAO,CAACQ,MAAM,CAAC,CAAC;EAC7C,CAAC;AACL,CAAC;AACD,eAAeV,OAAO,CAAC,IAAI,EAAEQ,kBAAkB,CAAC,CAACL,MAAM,CAAC"}}},"code":"!function (module1) {\n  let React, Component;\n  module1.link(\"react\", {\n    default(v) {\n      React = v;\n    },\n    Component(v) {\n      Component = v;\n    }\n  }, 0);\n  let connect;\n  module1.link(\"react-redux\", {\n    connect(v) {\n      connect = v;\n    }\n  }, 1);\n  let Redirect;\n  module1.link(\"react-router-dom\", {\n    Redirect(v) {\n      Redirect = v;\n    }\n  }, 2);\n  let actions;\n  module1.link(\"../../../store/actions/index\", {\n    \"*\"(v) {\n      actions = v;\n    }\n  }, 3);\n  ___INIT_METEOR_FAST_REFRESH(module);\n  class Logout extends Component {\n    constructor() {\n      super(...arguments);\n      this.componentDidMount = () => {\n        this.props.onLogout();\n      };\n    }\n    render() {\n      return /*#__PURE__*/React.createElement(Redirect, {\n        to: \"/\"\n      });\n    }\n  }\n  const mapDispatchToProps = dispatch => {\n    return {\n      onLogout: () => dispatch(actions.logout())\n    };\n  };\n  module1.exportDefault(connect(null, mapDispatchToProps)(Logout));\n}.call(this, module);","map":{"version":3,"names":["Logout","Component","constructor","arguments","componentDidMount","props","onLogout","render","React","createElement","Redirect","to","mapDispatchToProps","dispatch","actions","logout","connect"],"sources":["imports/ui/components/Auth/Logout/Logout.js"],"sourcesContent":["import React, { Component } from 'react';\nimport { connect } from 'react-redux';\nimport { Redirect } from 'react-router-dom';\n\nimport * as actions from '../../../store/actions/index';\n\nclass Logout extends Component {\n    componentDidMount = () => {\n        this.props.onLogout();\n    }\n    render() {\n        return (\n            <Redirect to=\"/\" />\n        );\n    }\n}\nconst mapDispatchToProps = (dispatch) => {\n    return {\n        onLogout: () => dispatch(actions.logout())\n    }\n}\nexport default connect(null, mapDispatchToProps)(Logout);\n"],"mappings":";;;;;;;;;;;;;;;;;;;;;;;;;;;;;EAMA,MAAMA,MAAM,SAASC,SAAS,CAAC;IAAAC,YAAA;MAAA,SAAAC,SAAA;MAAA,KAC3BC,iBAAiB,GAAG,MAAM;QACtB,IAAI,CAACC,KAAK,CAACC,QAAQ,CAAC,CAAC;MACzB,CAAC;IAAA;IACDC,MAAMA,CAAA,EAAG;MACL,oBACIC,KAAA,CAAAC,aAAA,CAACC,QAAQ;QAACC,EAAE,EAAC;MAAG,EAAG;IAE3B;EACJ;EACA,MAAMC,kBAAkB,GAAIC,QAAQ,IAAK;IACrC,OAAO;MACHP,QAAQ,EAAEA,CAAA,KAAMO,QAAQ,CAACC,OAAO,CAACC,MAAM,CAAC,CAAC;IAC7C,CAAC;EACL,CAAC;wBACcC,OAAO,CAAC,IAAI,EAAEJ,kBAAkB,CAAC,CAACZ,MAAM,C"},"sourceType":"module","externalDependencies":{},"hash":"59f9ef4dade59c65f1cfc21b44909cefeebc7878"}
