{"metadata":{},"options":{"assumptions":{},"compact":false,"sourceMaps":true,"ast":true,"babelrc":false,"configFile":false,"parserOpts":{"sourceType":"module","sourceFileName":"/home/ani/Mergerware_assignment/Mererware_meteor/Mergerware_loanify/packages/check/match.js","plugins":["*","flow","jsx","asyncGenerators","bigInt","classPrivateMethods","classPrivateProperties","classProperties","doExpressions","dynamicImport","exportDefaultFrom","exportExtensions","exportNamespaceFrom","functionBind","functionSent","importMeta","nullishCoalescingOperator","numericSeparator","objectRestSpread","optionalCatchBinding","optionalChaining",["pipelineOperator",{"proposal":"minimal"}],"throwExpressions","classProperties","classPrivateProperties","jsx","nullishCoalescingOperator","nullishCoalescingOperator","optionalChaining","optionalChaining","optionalCatchBinding","optionalCatchBinding","classProperties","classPrivateProperties","classPrivateMethods","classProperties","classPrivateProperties","asyncGenerators","asyncGenerators","objectRestSpread","objectRestSpread","logicalAssignment"],"allowImportExportEverywhere":true,"allowReturnOutsideFunction":true,"allowUndeclaredExports":true,"strictMode":false},"caller":{"name":"meteor","arch":"web.browser.legacy"},"sourceFileName":"packages/check/match.js","filename":"/home/ani/Mergerware_assignment/Mererware_meteor/Mergerware_loanify/packages/check/match.js","targets":{},"cloneInputAst":true,"browserslistConfigFile":false,"passPerPreset":false,"envName":"development","cwd":"/home/ani/Mergerware_assignment/Mererware_meteor/Mergerware_loanify","root":"/home/ani/Mergerware_assignment/Mererware_meteor/Mergerware_loanify","rootMode":"root","plugins":[{"key":"base$0","visitor":{"_exploded":true,"_verified":true},"options":{},"externalDependencies":[]},{"key":"base$0$0","visitor":{"Program":{"enter":[null],"exit":[null]},"_exploded":true,"_verified":true},"options":{"avoidModernSyntax":true,"enforceStrictMode":false,"dynamicImport":true},"externalDependencies":[]},{"key":"transform-runtime","visitor":{"MemberExpression":{"enter":[null]},"ObjectPattern":{"enter":[null]},"BinaryExpression":{"enter":[null]},"Identifier":{"enter":[null]},"JSXIdentifier":{"enter":[null]},"_exploded":true,"_verified":true},"options":{"version":"7.17.2","helpers":true,"useESModules":false,"corejs":false},"externalDependencies":[]},{"key":"proposal-class-properties","visitor":{"ExportDefaultDeclaration":{"enter":[null]},"_exploded":true,"_verified":true,"ClassExpression":{"enter":[null]},"ClassDeclaration":{"enter":[null]}},"options":{"loose":true},"externalDependencies":[]},{"key":"base$0$3","visitor":{"FunctionExpression":{"exit":[null]},"_exploded":true,"_verified":true},"options":{},"externalDependencies":[]},{"key":"base$0$4","visitor":{"ForInStatement":{"enter":[null]},"_exploded":true,"_verified":true},"options":{},"externalDependencies":[]},{"key":"transform-react-jsx","visitor":{"JSXNamespacedName":{"enter":[null]},"JSXSpreadChild":{"enter":[null]},"Program":{"enter":[null]},"JSXFragment":{"exit":[null]},"JSXElement":{"exit":[null]},"JSXAttribute":{"enter":[null]},"_exploded":true,"_verified":true},"options":{"pragma":"React.createElement","pragmaFrag":"React.Fragment","runtime":"classic","throwIfNamespace":true,"useBuiltIns":false},"externalDependencies":[]},{"key":"transform-react-display-name","visitor":{"ExportDefaultDeclaration":{"enter":[null]},"CallExpression":{"enter":[null]},"_exploded":true,"_verified":true},"options":{},"externalDependencies":[]},{"key":"transform-react-pure-annotations","visitor":{"CallExpression":{"enter":[null]},"_exploded":true,"_verified":true},"options":{},"externalDependencies":[]},{"key":"syntax-nullish-coalescing-operator","visitor":{"_exploded":true,"_verified":true},"options":{},"externalDependencies":[]},{"key":"proposal-nullish-coalescing-operator","visitor":{"LogicalExpression":{"enter":[null]},"_exploded":true,"_verified":true},"options":{},"externalDependencies":[]},{"key":"syntax-optional-chaining","visitor":{"_exploded":true,"_verified":true},"options":{},"externalDependencies":[]},{"key":"proposal-optional-chaining","visitor":{"OptionalCallExpression":{"enter":[null]},"OptionalMemberExpression":{"enter":[null]},"_exploded":true,"_verified":true},"options":{},"externalDependencies":[]},{"key":"syntax-optional-catch-binding","visitor":{"_exploded":true,"_verified":true},"options":{},"externalDependencies":[]},{"key":"proposal-optional-catch-binding","visitor":{"CatchClause":{"enter":[null]},"_exploded":true,"_verified":true},"options":{},"externalDependencies":[]},{"key":"syntax-class-properties","visitor":{"_exploded":true,"_verified":true},"options":{},"externalDependencies":[]},{"key":"proposal-class-properties","visitor":{"ExportDefaultDeclaration":{"enter":[null]},"_exploded":true,"_verified":true,"ClassExpression":{"enter":[null]},"ClassDeclaration":{"enter":[null]}},"options":{},"externalDependencies":[]},{"key":"syntax-async-generators","visitor":{"_exploded":true,"_verified":true},"options":{},"externalDependencies":[]},{"key":"proposal-async-generator-functions","visitor":{"Program":{"enter":[null]},"_exploded":true,"_verified":true},"options":{},"externalDependencies":[]},{"key":"syntax-object-rest-spread","visitor":{"_exploded":true,"_verified":true},"options":{},"externalDependencies":[]},{"key":"proposal-object-rest-spread","visitor":{"VariableDeclarator":{"enter":[null]},"ExportNamedDeclaration":{"enter":[null]},"CatchClause":{"enter":[null]},"AssignmentExpression":{"enter":[null]},"ArrayPattern":{"enter":[null]},"ObjectExpression":{"enter":[null]},"FunctionDeclaration":{"enter":[null]},"FunctionExpression":{"enter":[null]},"ObjectMethod":{"enter":[null]},"ArrowFunctionExpression":{"enter":[null]},"ClassMethod":{"enter":[null]},"ClassPrivateMethod":{"enter":[null]},"ForInStatement":{"enter":[null]},"ForOfStatement":{"enter":[null]},"_exploded":true,"_verified":true},"options":{},"externalDependencies":[]},{"key":"proposal-logical-assignment-operators","visitor":{"AssignmentExpression":{"enter":[null]},"_exploded":true,"_verified":true},"options":{},"externalDependencies":[]},{"key":"transform-arrow-functions","visitor":{"ArrowFunctionExpression":{"enter":[null]},"_exploded":true,"_verified":true},"options":{},"externalDependencies":[]},{"key":"transform-block-scoped-functions","visitor":{"BlockStatement":{"enter":[null]},"SwitchCase":{"enter":[null]},"_exploded":true,"_verified":true},"options":{},"externalDependencies":[]},{"key":"transform-block-scoping","visitor":{"VariableDeclaration":{"enter":[null,null]},"BlockStatement":{"enter":[null]},"SwitchCase":{"enter":[null]},"ClassDeclaration":{"enter":[null]},"DoWhileStatement":{"enter":[null]},"ForInStatement":{"enter":[null]},"ForStatement":{"enter":[null]},"WhileStatement":{"enter":[null]},"ForOfStatement":{"enter":[null]},"_exploded":true,"_verified":true},"options":{},"externalDependencies":[]},{"key":"transform-classes","visitor":{"ExportDefaultDeclaration":{"enter":[null]},"ClassDeclaration":{"enter":[null]},"ClassExpression":{"enter":[null]},"_exploded":true,"_verified":true},"options":{"loose":true},"externalDependencies":[]},{"key":"transform-computed-properties","visitor":{"ObjectExpression":{"exit":[null]},"_exploded":true,"_verified":true},"options":{"loose":true},"externalDependencies":[]},{"key":"transform-destructuring","visitor":{"ExportNamedDeclaration":{"enter":[null]},"CatchClause":{"enter":[null]},"AssignmentExpression":{"enter":[null]},"VariableDeclaration":{"enter":[null]},"_exploded":true,"_verified":true,"ForInStatement":{"enter":[null]},"ForOfStatement":{"enter":[null]}},"options":{},"externalDependencies":[]},{"key":"transform-for-of","visitor":{"ForOfStatement":{"enter":[null]},"_exploded":true,"_verified":true},"options":{"loose":true},"externalDependencies":[]},{"key":"transform-literals","visitor":{"NumericLiteral":{"enter":[null]},"StringLiteral":{"enter":[null]},"_exploded":true,"_verified":true},"options":{},"externalDependencies":[]},{"key":"transform-object-super","visitor":{"ObjectExpression":{"enter":[null]},"_exploded":true,"_verified":true,"DoWhileStatement":{"exit":[null]},"ForInStatement":{"exit":[null]},"ForStatement":{"exit":[null]},"WhileStatement":{"exit":[null]},"ForOfStatement":{"exit":[null]}},"options":{},"externalDependencies":[]},{"key":"transform-parameters","visitor":{"_exploded":true,"_verified":true,"FunctionDeclaration":{"enter":[null]},"FunctionExpression":{"enter":[null]},"ObjectMethod":{"enter":[null]},"ArrowFunctionExpression":{"enter":[null]},"ClassMethod":{"enter":[null]},"ClassPrivateMethod":{"enter":[null]}},"options":{},"externalDependencies":[]},{"key":"transform-shorthand-properties","visitor":{"ObjectMethod":{"enter":[null]},"ObjectProperty":{"enter":[null]},"_exploded":true,"_verified":true},"options":{},"externalDependencies":[]},{"key":"transform-spread","visitor":{"ArrayExpression":{"enter":[null]},"CallExpression":{"enter":[null]},"NewExpression":{"enter":[null]},"_exploded":true,"_verified":true},"options":{},"externalDependencies":[]},{"key":"transform-sticky-regex","visitor":{"RegExpLiteral":{"enter":[null]},"_exploded":true,"_verified":true},"options":{},"externalDependencies":[]},{"key":"transform-template-literals","visitor":{"TaggedTemplateExpression":{"enter":[null]},"TemplateLiteral":{"enter":[null]},"_exploded":true,"_verified":true},"options":{"loose":true},"externalDependencies":[]},{"key":"transform-typeof-symbol","visitor":{"UnaryExpression":{"enter":[null]},"_exploded":true,"_verified":true,"BlockStatement":{"enter":[null]},"CatchClause":{"enter":[null]},"DoWhileStatement":{"enter":[null]},"ForInStatement":{"enter":[null]},"ForStatement":{"enter":[null]},"FunctionDeclaration":{"enter":[null]},"FunctionExpression":{"enter":[null]},"Program":{"enter":[null]},"ObjectMethod":{"enter":[null]},"SwitchStatement":{"enter":[null]},"WhileStatement":{"enter":[null]},"ArrowFunctionExpression":{"enter":[null]},"ClassExpression":{"enter":[null]},"ClassDeclaration":{"enter":[null]},"ForOfStatement":{"enter":[null]},"ClassMethod":{"enter":[null]},"ClassPrivateMethod":{"enter":[null]},"StaticBlock":{"enter":[null]},"TSModuleBlock":{"enter":[null]},"AssignmentPattern":{"enter":[null]},"ArrayPattern":{"enter":[null]},"ObjectPattern":{"enter":[null]}},"options":{},"externalDependencies":[]},{"key":"transform-unicode-regex","visitor":{"RegExpLiteral":{"enter":[null]},"_exploded":true,"_verified":true},"options":{},"externalDependencies":[]},{"key":"transform-property-literals","visitor":{"ObjectProperty":{"exit":[null]},"_exploded":true,"_verified":true},"options":{},"externalDependencies":[]},{"key":"transform-exponentiation-operator","visitor":{"AssignmentExpression":{"enter":[null]},"BinaryExpression":{"enter":[null]},"_exploded":true,"_verified":true},"options":{},"externalDependencies":[]},{"key":"transform-regenerator","visitor":{"ObjectMethod":{"enter":[null],"exit":[null]},"ClassMethod":{"enter":[null],"exit":[null]},"ClassPrivateMethod":{"enter":[null],"exit":[null]},"FunctionDeclaration":{"exit":[null]},"FunctionExpression":{"exit":[null]},"ArrowFunctionExpression":{"exit":[null]},"MemberExpression":{"enter":[null]},"_exploded":true,"_verified":true},"options":{},"externalDependencies":[]}],"presets":[],"generatorOpts":{"filename":"/home/ani/Mergerware_assignment/Mererware_meteor/Mergerware_loanify/packages/check/match.js","comments":true,"compact":false,"sourceMaps":true,"sourceFileName":"packages/check/match.js"}},"code":"var _toConsumableArray;\nmodule.link(\"@babel/runtime/helpers/toConsumableArray\", {\n  default: function (v) {\n    _toConsumableArray = v;\n  }\n}, 0);\nvar _typeof;\nmodule.link(\"@babel/runtime/helpers/typeof\", {\n  default: function (v) {\n    _typeof = v;\n  }\n}, 1);\nmodule.export({\n  check: function () {\n    return check;\n  },\n  Match: function () {\n    return Match;\n  }\n});\nvar isPlainObject;\nmodule.link(\"./isPlainObject\", {\n  isPlainObject: function (v) {\n    isPlainObject = v;\n  }\n}, 0);\n// Things we explicitly do NOT support:\n//    - heterogenous arrays\n\nvar currentArgumentChecker = new Meteor.EnvironmentVariable();\nvar hasOwn = Object.prototype.hasOwnProperty;\n\n/**\n * @summary Check that a value matches a [pattern](#matchpatterns).\n * If the value does not match the pattern, throw a `Match.Error`.\n *\n * Particularly useful to assert that arguments to a function have the right\n * types and structure.\n * @locus Anywhere\n * @param {Any} value The value to check\n * @param {MatchPattern} pattern The pattern to match `value` against\n */\nfunction check(value, pattern) {\n  // Record that check got called, if somebody cared.\n  //\n  // We use getOrNullIfOutsideFiber so that it's OK to call check()\n  // from non-Fiber server contexts; the downside is that if you forget to\n  // bindEnvironment on some random callback in your method/publisher,\n  // it might not find the argumentChecker and you'll get an error about\n  // not checking an argument that it looks like you're checking (instead\n  // of just getting a \"Node code must run in a Fiber\" error).\n  var argChecker = currentArgumentChecker.getOrNullIfOutsideFiber();\n  if (argChecker) {\n    argChecker.checking(value);\n  }\n  var result = testSubtree(value, pattern);\n  if (result) {\n    var err = new Match.Error(result.message);\n    if (result.path) {\n      err.message += \" in field \" + result.path;\n      err.path = result.path;\n    }\n    throw err;\n  }\n}\n;\n\n/**\n * @namespace Match\n * @summary The namespace for all Match types and methods.\n */\nvar Match = {\n  Optional: function (pattern) {\n    return new Optional(pattern);\n  },\n  Maybe: function (pattern) {\n    return new Maybe(pattern);\n  },\n  OneOf: function () {\n    for (var _len = arguments.length, args = new Array(_len), _key = 0; _key < _len; _key++) {\n      args[_key] = arguments[_key];\n    }\n    return new OneOf(args);\n  },\n  Any: ['__any__'],\n  Where: function (condition) {\n    return new Where(condition);\n  },\n  ObjectIncluding: function (pattern) {\n    return new ObjectIncluding(pattern);\n  },\n  ObjectWithValues: function (pattern) {\n    return new ObjectWithValues(pattern);\n  },\n  // Matches only signed 32-bit integers\n  Integer: ['__integer__'],\n  // XXX matchers should know how to describe themselves for errors\n  Error: Meteor.makeErrorType('Match.Error', function (msg) {\n    this.message = \"Match error: \" + msg;\n\n    // The path of the value that failed to match. Initially empty, this gets\n    // populated by catching and rethrowing the exception as it goes back up the\n    // stack.\n    // E.g.: \"vals[3].entity.created\"\n    this.path = '';\n\n    // If this gets sent over DDP, don't give full internal details but at least\n    // provide something better than 500 Internal server error.\n    this.sanitizedError = new Meteor.Error(400, 'Match failed');\n  }),\n  // Tests to see if value matches pattern. Unlike check, it merely returns true\n  // or false (unless an error other than Match.Error was thrown). It does not\n  // interact with _failIfArgumentsAreNotAllChecked.\n  // XXX maybe also implement a Match.match which returns more information about\n  //     failures but without using exception handling or doing what check()\n  //     does with _failIfArgumentsAreNotAllChecked and Meteor.Error conversion\n  /**\n   * @summary Returns true if the value matches the pattern.\n   * @locus Anywhere\n   * @param {Any} value The value to check\n   * @param {MatchPattern} pattern The pattern to match `value` against\n   */\n  test: function (value, pattern) {\n    return !testSubtree(value, pattern);\n  },\n  // Runs `f.apply(context, args)`. If check() is not called on every element of\n  // `args` (either directly or in the first level of an array), throws an error\n  // (using `description` in the message).\n  _failIfArgumentsAreNotAllChecked: function (f, context, args, description) {\n    var argChecker = new ArgumentChecker(args, description);\n    var result = currentArgumentChecker.withValue(argChecker, function () {\n      return f.apply(context, args);\n    });\n\n    // If f didn't itself throw, make sure it checked all of its arguments.\n    argChecker.throwUnlessAllArgumentsHaveBeenChecked();\n    return result;\n  }\n};\nvar Optional = function () {\n  function Optional(pattern) {\n    this.pattern = pattern;\n  }\n  return Optional;\n}();\nvar Maybe = function () {\n  function Maybe(pattern) {\n    this.pattern = pattern;\n  }\n  return Maybe;\n}();\nvar OneOf = function () {\n  function OneOf(choices) {\n    if (!choices || choices.length === 0) {\n      throw new Error('Must provide at least one choice to Match.OneOf');\n    }\n    this.choices = choices;\n  }\n  return OneOf;\n}();\nvar Where = function () {\n  function Where(condition) {\n    this.condition = condition;\n  }\n  return Where;\n}();\nvar ObjectIncluding = function () {\n  function ObjectIncluding(pattern) {\n    this.pattern = pattern;\n  }\n  return ObjectIncluding;\n}();\nvar ObjectWithValues = function () {\n  function ObjectWithValues(pattern) {\n    this.pattern = pattern;\n  }\n  return ObjectWithValues;\n}();\nvar stringForErrorMessage = function (value) {\n  var options = arguments.length > 1 && arguments[1] !== undefined ? arguments[1] : {};\n  if (value === null) {\n    return 'null';\n  }\n  if (options.onlyShowType) {\n    return _typeof(value);\n  }\n\n  // Your average non-object things.  Saves from doing the try/catch below for.\n  if (_typeof(value) !== 'object') {\n    return EJSON.stringify(value);\n  }\n  try {\n    // Find objects with circular references since EJSON doesn't support them yet (Issue #4778 + Unaccepted PR)\n    // If the native stringify is going to choke, EJSON.stringify is going to choke too.\n    JSON.stringify(value);\n  } catch (stringifyError) {\n    if (stringifyError.name === 'TypeError') {\n      return _typeof(value);\n    }\n  }\n  return EJSON.stringify(value);\n};\nvar typeofChecks = [[String, 'string'], [Number, 'number'], [Boolean, 'boolean'],\n// While we don't allow undefined/function in EJSON, this is good for optional\n// arguments with OneOf.\n[Function, 'function'], [undefined, 'undefined']];\n\n// Return `false` if it matches. Otherwise, return an object with a `message` and a `path` field.\nvar testSubtree = function (value, pattern) {\n  // Match anything!\n  if (pattern === Match.Any) {\n    return false;\n  }\n\n  // Basic atomic types.\n  // Do not match boxed objects (e.g. String, Boolean)\n  for (var i = 0; i < typeofChecks.length; ++i) {\n    if (pattern === typeofChecks[i][0]) {\n      if (_typeof(value) === typeofChecks[i][1]) {\n        return false;\n      }\n      return {\n        message: \"Expected \" + typeofChecks[i][1] + \", got \" + stringForErrorMessage(value, {\n          onlyShowType: true\n        }),\n        path: ''\n      };\n    }\n  }\n  if (pattern === null) {\n    if (value === null) {\n      return false;\n    }\n    return {\n      message: \"Expected null, got \" + stringForErrorMessage(value),\n      path: ''\n    };\n  }\n\n  // Strings, numbers, and booleans match literally. Goes well with Match.OneOf.\n  if (typeof pattern === 'string' || typeof pattern === 'number' || typeof pattern === 'boolean') {\n    if (value === pattern) {\n      return false;\n    }\n    return {\n      message: \"Expected \" + pattern + \", got \" + stringForErrorMessage(value),\n      path: ''\n    };\n  }\n\n  // Match.Integer is special type encoded with array\n  if (pattern === Match.Integer) {\n    // There is no consistent and reliable way to check if variable is a 64-bit\n    // integer. One of the popular solutions is to get reminder of division by 1\n    // but this method fails on really large floats with big precision.\n    // E.g.: 1.348192308491824e+23 % 1 === 0 in V8\n    // Bitwise operators work consistantly but always cast variable to 32-bit\n    // signed integer according to JavaScript specs.\n    if (typeof value === 'number' && (value | 0) === value) {\n      return false;\n    }\n    return {\n      message: \"Expected Integer, got \" + stringForErrorMessage(value),\n      path: ''\n    };\n  }\n\n  // 'Object' is shorthand for Match.ObjectIncluding({});\n  if (pattern === Object) {\n    pattern = Match.ObjectIncluding({});\n  }\n\n  // Array (checked AFTER Any, which is implemented as an Array).\n  if (pattern instanceof Array) {\n    if (pattern.length !== 1) {\n      return {\n        message: \"Bad pattern: arrays must have one type element \" + stringForErrorMessage(pattern),\n        path: ''\n      };\n    }\n    if (!Array.isArray(value) && !isArguments(value)) {\n      return {\n        message: \"Expected array, got \" + stringForErrorMessage(value),\n        path: ''\n      };\n    }\n    for (var _i = 0, length = value.length; _i < length; _i++) {\n      var result = testSubtree(value[_i], pattern[0]);\n      if (result) {\n        result.path = _prependPath(_i, result.path);\n        return result;\n      }\n    }\n    return false;\n  }\n\n  // Arbitrary validation checks. The condition can return false or throw a\n  // Match.Error (ie, it can internally use check()) to fail.\n  if (pattern instanceof Where) {\n    var _result;\n    try {\n      _result = pattern.condition(value);\n    } catch (err) {\n      if (!(err instanceof Match.Error)) {\n        throw err;\n      }\n      return {\n        message: err.message,\n        path: err.path\n      };\n    }\n    if (_result) {\n      return false;\n    }\n\n    // XXX this error is terrible\n    return {\n      message: 'Failed Match.Where validation',\n      path: ''\n    };\n  }\n  if (pattern instanceof Maybe) {\n    pattern = Match.OneOf(undefined, null, pattern.pattern);\n  } else if (pattern instanceof Optional) {\n    pattern = Match.OneOf(undefined, pattern.pattern);\n  }\n  if (pattern instanceof OneOf) {\n    for (var _i2 = 0; _i2 < pattern.choices.length; ++_i2) {\n      var _result2 = testSubtree(value, pattern.choices[_i2]);\n      if (!_result2) {\n        // No error? Yay, return.\n        return false;\n      }\n\n      // Match errors just mean try another choice.\n    }\n\n    // XXX this error is terrible\n    return {\n      message: 'Failed Match.OneOf, Match.Maybe or Match.Optional validation',\n      path: ''\n    };\n  }\n\n  // A function that isn't something we special-case is assumed to be a\n  // constructor.\n  if (pattern instanceof Function) {\n    if (value instanceof pattern) {\n      return false;\n    }\n    return {\n      message: \"Expected \" + (pattern.name || 'particular constructor'),\n      path: ''\n    };\n  }\n  var unknownKeysAllowed = false;\n  var unknownKeyPattern;\n  if (pattern instanceof ObjectIncluding) {\n    unknownKeysAllowed = true;\n    pattern = pattern.pattern;\n  }\n  if (pattern instanceof ObjectWithValues) {\n    unknownKeysAllowed = true;\n    unknownKeyPattern = [pattern.pattern];\n    pattern = {}; // no required keys\n  }\n  if (_typeof(pattern) !== 'object') {\n    return {\n      message: 'Bad pattern: unknown pattern type',\n      path: ''\n    };\n  }\n\n  // An object, with required and optional keys. Note that this does NOT do\n  // structural matches against objects of special types that happen to match\n  // the pattern: this really needs to be a plain old {Object}!\n  if (_typeof(value) !== 'object') {\n    return {\n      message: \"Expected object, got \" + _typeof(value),\n      path: ''\n    };\n  }\n  if (value === null) {\n    return {\n      message: \"Expected object, got null\",\n      path: ''\n    };\n  }\n  if (!isPlainObject(value)) {\n    return {\n      message: \"Expected plain object\",\n      path: ''\n    };\n  }\n  var requiredPatterns = Object.create(null);\n  var optionalPatterns = Object.create(null);\n  Object.keys(pattern).forEach(function (key) {\n    var subPattern = pattern[key];\n    if (subPattern instanceof Optional || subPattern instanceof Maybe) {\n      optionalPatterns[key] = subPattern.pattern;\n    } else {\n      requiredPatterns[key] = subPattern;\n    }\n  });\n  for (var key in meteorBabelHelpers.sanitizeForInObject(Object(value))) {\n    var subValue = value[key];\n    if (hasOwn.call(requiredPatterns, key)) {\n      var _result3 = testSubtree(subValue, requiredPatterns[key]);\n      if (_result3) {\n        _result3.path = _prependPath(key, _result3.path);\n        return _result3;\n      }\n      delete requiredPatterns[key];\n    } else if (hasOwn.call(optionalPatterns, key)) {\n      var _result4 = testSubtree(subValue, optionalPatterns[key]);\n      if (_result4) {\n        _result4.path = _prependPath(key, _result4.path);\n        return _result4;\n      }\n    } else {\n      if (!unknownKeysAllowed) {\n        return {\n          message: 'Unknown key',\n          path: key\n        };\n      }\n      if (unknownKeyPattern) {\n        var _result5 = testSubtree(subValue, unknownKeyPattern[0]);\n        if (_result5) {\n          _result5.path = _prependPath(key, _result5.path);\n          return _result5;\n        }\n      }\n    }\n  }\n  var keys = Object.keys(requiredPatterns);\n  if (keys.length) {\n    return {\n      message: \"Missing key '\" + keys[0] + \"'\",\n      path: ''\n    };\n  }\n};\nvar ArgumentChecker = /*#__PURE__*/function () {\n  function ArgumentChecker(args, description) {\n    // Make a SHALLOW copy of the arguments. (We'll be doing identity checks\n    // against its contents.)\n    this.args = _toConsumableArray(args);\n\n    // Since the common case will be to check arguments in order, and we splice\n    // out arguments when we check them, make it so we splice out from the end\n    // rather than the beginning.\n    this.args.reverse();\n    this.description = description;\n  }\n  var _proto = ArgumentChecker.prototype;\n  _proto.checking = function () {\n    function checking(value) {\n      if (this._checkingOneValue(value)) {\n        return;\n      }\n\n      // Allow check(arguments, [String]) or check(arguments.slice(1), [String])\n      // or check([foo, bar], [String]) to count... but only if value wasn't\n      // itself an argument.\n      if (Array.isArray(value) || isArguments(value)) {\n        Array.prototype.forEach.call(value, this._checkingOneValue.bind(this));\n      }\n    }\n    return checking;\n  }();\n  _proto._checkingOneValue = function () {\n    function _checkingOneValue(value) {\n      for (var i = 0; i < this.args.length; ++i) {\n        // Is this value one of the arguments? (This can have a false positive if\n        // the argument is an interned primitive, but it's still a good enough\n        // check.)\n        // (NaN is not === to itself, so we have to check specially.)\n        if (value === this.args[i] || Number.isNaN(value) && Number.isNaN(this.args[i])) {\n          this.args.splice(i, 1);\n          return true;\n        }\n      }\n      return false;\n    }\n    return _checkingOneValue;\n  }();\n  _proto.throwUnlessAllArgumentsHaveBeenChecked = function () {\n    function throwUnlessAllArgumentsHaveBeenChecked() {\n      if (this.args.length > 0) throw new Error(\"Did not check() all arguments during \" + this.description);\n    }\n    return throwUnlessAllArgumentsHaveBeenChecked;\n  }();\n  return ArgumentChecker;\n}();\nvar _jsKeywords = ['do', 'if', 'in', 'for', 'let', 'new', 'try', 'var', 'case', 'else', 'enum', 'eval', 'false', 'null', 'this', 'true', 'void', 'with', 'break', 'catch', 'class', 'const', 'super', 'throw', 'while', 'yield', 'delete', 'export', 'import', 'public', 'return', 'static', 'switch', 'typeof', 'default', 'extends', 'finally', 'package', 'private', 'continue', 'debugger', 'function', 'arguments', 'interface', 'protected', 'implements', 'instanceof'];\n\n// Assumes the base of path is already escaped properly\n// returns key + base\nvar _prependPath = function (key, base) {\n  if (typeof key === 'number' || key.match(/^[0-9]+$/)) {\n    key = \"[\" + key + \"]\";\n  } else if (!key.match(/^[a-z_$][0-9a-z_$]*$/i) || _jsKeywords.indexOf(key) >= 0) {\n    key = JSON.stringify([key]);\n  }\n  if (base && base[0] !== '[') {\n    return key + \".\" + base;\n  }\n  return key + base;\n};\nvar isObject = function (value) {\n  return _typeof(value) === 'object' && value !== null;\n};\nvar baseIsArguments = function (item) {\n  return isObject(item) && Object.prototype.toString.call(item) === '[object Arguments]';\n};\nvar isArguments = baseIsArguments(function () {\n  return arguments;\n}()) ? baseIsArguments : function (value) {\n  return isObject(value) && typeof value.callee === 'function';\n};","map":{"version":3,"names":["_toConsumableArray","module","link","default","v","_typeof","export","check","Match","isPlainObject","currentArgumentChecker","Meteor","EnvironmentVariable","hasOwn","Object","prototype","hasOwnProperty","value","pattern","argChecker","getOrNullIfOutsideFiber","checking","result","testSubtree","err","Error","message","path","Optional","Maybe","OneOf","_len","arguments","length","args","Array","_key","Any","Where","condition","ObjectIncluding","ObjectWithValues","Integer","makeErrorType","msg","sanitizedError","test","_failIfArgumentsAreNotAllChecked","f","context","description","ArgumentChecker","withValue","apply","throwUnlessAllArgumentsHaveBeenChecked","choices","stringForErrorMessage","options","undefined","onlyShowType","EJSON","stringify","JSON","stringifyError","name","typeofChecks","String","Number","Boolean","Function","i","isArray","isArguments","_prependPath","unknownKeysAllowed","unknownKeyPattern","requiredPatterns","create","optionalPatterns","keys","forEach","key","subPattern","meteorBabelHelpers","sanitizeForInObject","subValue","call","reverse","_proto","_checkingOneValue","bind","isNaN","splice","_jsKeywords","base","match","indexOf","isObject","baseIsArguments","item","toString","callee"],"sources":["packages/check/match.js"],"sourcesContent":["// XXX docs\nimport { isPlainObject } from './isPlainObject';\n\n// Things we explicitly do NOT support:\n//    - heterogenous arrays\n\nconst currentArgumentChecker = new Meteor.EnvironmentVariable;\nconst hasOwn = Object.prototype.hasOwnProperty;\n\n/**\n * @summary Check that a value matches a [pattern](#matchpatterns).\n * If the value does not match the pattern, throw a `Match.Error`.\n *\n * Particularly useful to assert that arguments to a function have the right\n * types and structure.\n * @locus Anywhere\n * @param {Any} value The value to check\n * @param {MatchPattern} pattern The pattern to match `value` against\n */\nexport function check(value, pattern) {\n  // Record that check got called, if somebody cared.\n  //\n  // We use getOrNullIfOutsideFiber so that it's OK to call check()\n  // from non-Fiber server contexts; the downside is that if you forget to\n  // bindEnvironment on some random callback in your method/publisher,\n  // it might not find the argumentChecker and you'll get an error about\n  // not checking an argument that it looks like you're checking (instead\n  // of just getting a \"Node code must run in a Fiber\" error).\n  const argChecker = currentArgumentChecker.getOrNullIfOutsideFiber();\n  if (argChecker) {\n    argChecker.checking(value);\n  }\n\n  const result = testSubtree(value, pattern);\n  if (result) {\n    const err = new Match.Error(result.message);\n    if (result.path) {\n      err.message += ` in field ${result.path}`;\n      err.path = result.path;\n    }\n\n    throw err;\n  }\n};\n\n/**\n * @namespace Match\n * @summary The namespace for all Match types and methods.\n */\nexport const Match = {\n  Optional: function(pattern) {\n    return new Optional(pattern);\n  },\n\n  Maybe: function(pattern) {\n    return new Maybe(pattern);\n  },\n\n  OneOf: function(...args) {\n    return new OneOf(args);\n  },\n\n  Any: ['__any__'],\n  Where: function(condition) {\n    return new Where(condition);\n  },\n\n  ObjectIncluding: function(pattern) {\n    return new ObjectIncluding(pattern)\n  },\n\n  ObjectWithValues: function(pattern) {\n    return new ObjectWithValues(pattern);\n  },\n\n  // Matches only signed 32-bit integers\n  Integer: ['__integer__'],\n\n  // XXX matchers should know how to describe themselves for errors\n  Error: Meteor.makeErrorType('Match.Error', function (msg) {\n    this.message = `Match error: ${msg}`;\n\n    // The path of the value that failed to match. Initially empty, this gets\n    // populated by catching and rethrowing the exception as it goes back up the\n    // stack.\n    // E.g.: \"vals[3].entity.created\"\n    this.path = '';\n\n    // If this gets sent over DDP, don't give full internal details but at least\n    // provide something better than 500 Internal server error.\n    this.sanitizedError = new Meteor.Error(400, 'Match failed');\n  }),\n\n  // Tests to see if value matches pattern. Unlike check, it merely returns true\n  // or false (unless an error other than Match.Error was thrown). It does not\n  // interact with _failIfArgumentsAreNotAllChecked.\n  // XXX maybe also implement a Match.match which returns more information about\n  //     failures but without using exception handling or doing what check()\n  //     does with _failIfArgumentsAreNotAllChecked and Meteor.Error conversion\n\n  /**\n   * @summary Returns true if the value matches the pattern.\n   * @locus Anywhere\n   * @param {Any} value The value to check\n   * @param {MatchPattern} pattern The pattern to match `value` against\n   */\n  test(value, pattern) {\n    return !testSubtree(value, pattern);\n  },\n\n  // Runs `f.apply(context, args)`. If check() is not called on every element of\n  // `args` (either directly or in the first level of an array), throws an error\n  // (using `description` in the message).\n  _failIfArgumentsAreNotAllChecked(f, context, args, description) {\n    const argChecker = new ArgumentChecker(args, description);\n    const result = currentArgumentChecker.withValue(\n      argChecker,\n      () => f.apply(context, args)\n    );\n\n    // If f didn't itself throw, make sure it checked all of its arguments.\n    argChecker.throwUnlessAllArgumentsHaveBeenChecked();\n    return result;\n  }\n};\n\nclass Optional {\n  constructor(pattern) {\n    this.pattern = pattern;\n  }\n}\n\nclass Maybe {\n  constructor(pattern) {\n    this.pattern = pattern;\n  }\n}\n\nclass OneOf {\n  constructor(choices) {\n    if (!choices || choices.length === 0) {\n      throw new Error('Must provide at least one choice to Match.OneOf');\n    }\n\n    this.choices = choices;\n  }\n}\n\nclass Where {\n  constructor(condition) {\n    this.condition = condition;\n  }\n}\n\nclass ObjectIncluding {\n  constructor(pattern) {\n    this.pattern = pattern;\n  }\n}\n\nclass ObjectWithValues {\n  constructor(pattern) {\n    this.pattern = pattern;\n  }\n}\n\nconst stringForErrorMessage = (value, options = {}) => {\n  if ( value === null ) {\n    return 'null';\n  }\n\n  if ( options.onlyShowType ) {\n    return typeof value;\n  }\n\n  // Your average non-object things.  Saves from doing the try/catch below for.\n  if ( typeof value !== 'object' ) {\n    return EJSON.stringify(value)\n  }\n\n  try {\n\n    // Find objects with circular references since EJSON doesn't support them yet (Issue #4778 + Unaccepted PR)\n    // If the native stringify is going to choke, EJSON.stringify is going to choke too.\n    JSON.stringify(value);\n  } catch (stringifyError) {\n    if ( stringifyError.name === 'TypeError' ) {\n      return typeof value;\n    }\n  }\n\n  return EJSON.stringify(value);\n};\n\nconst typeofChecks = [\n  [String, 'string'],\n  [Number, 'number'],\n  [Boolean, 'boolean'],\n\n  // While we don't allow undefined/function in EJSON, this is good for optional\n  // arguments with OneOf.\n  [Function, 'function'],\n  [undefined, 'undefined'],\n];\n\n// Return `false` if it matches. Otherwise, return an object with a `message` and a `path` field.\nconst testSubtree = (value, pattern) => {\n\n  // Match anything!\n  if (pattern === Match.Any) {\n    return false;\n  }\n\n  // Basic atomic types.\n  // Do not match boxed objects (e.g. String, Boolean)\n  for (let i = 0; i < typeofChecks.length; ++i) {\n    if (pattern === typeofChecks[i][0]) {\n      if (typeof value === typeofChecks[i][1]) {\n        return false;\n      }\n\n      return {\n        message: `Expected ${typeofChecks[i][1]}, got ${stringForErrorMessage(value, { onlyShowType: true })}`,\n        path: '',\n      };\n    }\n  }\n\n  if (pattern === null) {\n    if (value === null) {\n      return false;\n    }\n\n    return {\n      message: `Expected null, got ${stringForErrorMessage(value)}`,\n      path: '',\n    };\n  }\n\n  // Strings, numbers, and booleans match literally. Goes well with Match.OneOf.\n  if (typeof pattern === 'string' || typeof pattern === 'number' || typeof pattern === 'boolean') {\n    if (value === pattern) {\n      return false;\n    }\n\n    return {\n      message: `Expected ${pattern}, got ${stringForErrorMessage(value)}`,\n      path: '',\n    };\n  }\n\n  // Match.Integer is special type encoded with array\n  if (pattern === Match.Integer) {\n\n    // There is no consistent and reliable way to check if variable is a 64-bit\n    // integer. One of the popular solutions is to get reminder of division by 1\n    // but this method fails on really large floats with big precision.\n    // E.g.: 1.348192308491824e+23 % 1 === 0 in V8\n    // Bitwise operators work consistantly but always cast variable to 32-bit\n    // signed integer according to JavaScript specs.\n    if (typeof value === 'number' && (value | 0) === value) {\n      return false;\n    }\n\n    return {\n      message: `Expected Integer, got ${stringForErrorMessage(value)}`,\n      path: '',\n    };\n  }\n\n  // 'Object' is shorthand for Match.ObjectIncluding({});\n  if (pattern === Object) {\n    pattern = Match.ObjectIncluding({});\n  }\n\n  // Array (checked AFTER Any, which is implemented as an Array).\n  if (pattern instanceof Array) {\n    if (pattern.length !== 1) {\n      return {\n        message: `Bad pattern: arrays must have one type element ${stringForErrorMessage(pattern)}`,\n        path: '',\n      };\n    }\n\n    if (!Array.isArray(value) && !isArguments(value)) {\n      return {\n        message: `Expected array, got ${stringForErrorMessage(value)}`,\n        path: '',\n      };\n    }\n\n    for (let i = 0, length = value.length; i < length; i++) {\n      const result = testSubtree(value[i], pattern[0]);\n      if (result) {\n        result.path = _prependPath(i, result.path);\n        return result;\n      }\n    }\n\n    return false;\n  }\n\n  // Arbitrary validation checks. The condition can return false or throw a\n  // Match.Error (ie, it can internally use check()) to fail.\n  if (pattern instanceof Where) {\n    let result;\n    try {\n      result = pattern.condition(value);\n    } catch (err) {\n      if (!(err instanceof Match.Error)) {\n        throw err;\n      }\n\n      return {\n        message: err.message,\n        path: err.path\n      };\n    }\n\n    if (result) {\n      return false;\n    }\n\n    // XXX this error is terrible\n    return {\n      message: 'Failed Match.Where validation',\n      path: '',\n    };\n  }\n\n  if (pattern instanceof Maybe) {\n    pattern = Match.OneOf(undefined, null, pattern.pattern);\n  } else if (pattern instanceof Optional) {\n    pattern = Match.OneOf(undefined, pattern.pattern);\n  }\n\n  if (pattern instanceof OneOf) {\n    for (let i = 0; i < pattern.choices.length; ++i) {\n      const result = testSubtree(value, pattern.choices[i]);\n      if (!result) {\n\n        // No error? Yay, return.\n        return false;\n      }\n\n      // Match errors just mean try another choice.\n    }\n\n    // XXX this error is terrible\n    return {\n      message: 'Failed Match.OneOf, Match.Maybe or Match.Optional validation',\n      path: '',\n    };\n  }\n\n  // A function that isn't something we special-case is assumed to be a\n  // constructor.\n  if (pattern instanceof Function) {\n    if (value instanceof pattern) {\n      return false;\n    }\n\n    return {\n      message: `Expected ${pattern.name || 'particular constructor'}`,\n      path: '',\n    };\n  }\n\n  let unknownKeysAllowed = false;\n  let unknownKeyPattern;\n  if (pattern instanceof ObjectIncluding) {\n    unknownKeysAllowed = true;\n    pattern = pattern.pattern;\n  }\n\n  if (pattern instanceof ObjectWithValues) {\n    unknownKeysAllowed = true;\n    unknownKeyPattern = [pattern.pattern];\n    pattern = {};  // no required keys\n  }\n\n  if (typeof pattern !== 'object') {\n    return {\n      message: 'Bad pattern: unknown pattern type',\n      path: '',\n    };\n  }\n\n  // An object, with required and optional keys. Note that this does NOT do\n  // structural matches against objects of special types that happen to match\n  // the pattern: this really needs to be a plain old {Object}!\n  if (typeof value !== 'object') {\n    return {\n      message: `Expected object, got ${typeof value}`,\n      path: '',\n    };\n  }\n\n  if (value === null) {\n    return {\n      message: `Expected object, got null`,\n      path: '',\n    };\n  }\n\n  if (! isPlainObject(value)) {\n    return {\n      message: `Expected plain object`,\n      path: '',\n    };\n  }\n\n  const requiredPatterns = Object.create(null);\n  const optionalPatterns = Object.create(null);\n\n  Object.keys(pattern).forEach(key => {\n    const subPattern = pattern[key];\n    if (subPattern instanceof Optional ||\n        subPattern instanceof Maybe) {\n      optionalPatterns[key] = subPattern.pattern;\n    } else {\n      requiredPatterns[key] = subPattern;\n    }\n  });\n\n  for (let key in Object(value)) {\n    const subValue = value[key];\n    if (hasOwn.call(requiredPatterns, key)) {\n      const result = testSubtree(subValue, requiredPatterns[key]);\n      if (result) {\n        result.path = _prependPath(key, result.path);\n        return result;\n      }\n\n      delete requiredPatterns[key];\n    } else if (hasOwn.call(optionalPatterns, key)) {\n      const result = testSubtree(subValue, optionalPatterns[key]);\n      if (result) {\n        result.path = _prependPath(key, result.path);\n        return result;\n      }\n\n    } else {\n      if (!unknownKeysAllowed) {\n        return {\n          message: 'Unknown key',\n          path: key,\n        };\n      }\n\n      if (unknownKeyPattern) {\n        const result = testSubtree(subValue, unknownKeyPattern[0]);\n        if (result) {\n          result.path = _prependPath(key, result.path);\n          return result;\n        }\n      }\n    }\n  }\n\n  const keys = Object.keys(requiredPatterns);\n  if (keys.length) {\n    return {\n      message: `Missing key '${keys[0]}'`,\n      path: '',\n    };\n  }\n};\n\nclass ArgumentChecker {\n  constructor (args, description) {\n\n    // Make a SHALLOW copy of the arguments. (We'll be doing identity checks\n    // against its contents.)\n    this.args = [...args];\n\n    // Since the common case will be to check arguments in order, and we splice\n    // out arguments when we check them, make it so we splice out from the end\n    // rather than the beginning.\n    this.args.reverse();\n    this.description = description;\n  }\n\n  checking(value) {\n    if (this._checkingOneValue(value)) {\n      return;\n    }\n\n    // Allow check(arguments, [String]) or check(arguments.slice(1), [String])\n    // or check([foo, bar], [String]) to count... but only if value wasn't\n    // itself an argument.\n    if (Array.isArray(value) || isArguments(value)) {\n      Array.prototype.forEach.call(value, this._checkingOneValue.bind(this));\n    }\n  }\n\n  _checkingOneValue(value) {\n    for (let i = 0; i < this.args.length; ++i) {\n\n      // Is this value one of the arguments? (This can have a false positive if\n      // the argument is an interned primitive, but it's still a good enough\n      // check.)\n      // (NaN is not === to itself, so we have to check specially.)\n      if (value === this.args[i] ||\n          (Number.isNaN(value) && Number.isNaN(this.args[i]))) {\n        this.args.splice(i, 1);\n        return true;\n      }\n    }\n    return false;\n  }\n\n  throwUnlessAllArgumentsHaveBeenChecked() {\n    if (this.args.length > 0)\n      throw new Error(`Did not check() all arguments during ${this.description}`);\n  }\n}\n\nconst _jsKeywords = ['do', 'if', 'in', 'for', 'let', 'new', 'try', 'var', 'case',\n  'else', 'enum', 'eval', 'false', 'null', 'this', 'true', 'void', 'with',\n  'break', 'catch', 'class', 'const', 'super', 'throw', 'while', 'yield',\n  'delete', 'export', 'import', 'public', 'return', 'static', 'switch',\n  'typeof', 'default', 'extends', 'finally', 'package', 'private', 'continue',\n  'debugger', 'function', 'arguments', 'interface', 'protected', 'implements',\n  'instanceof'];\n\n// Assumes the base of path is already escaped properly\n// returns key + base\nconst _prependPath = (key, base) => {\n  if ((typeof key) === 'number' || key.match(/^[0-9]+$/)) {\n    key = `[${key}]`;\n  } else if (!key.match(/^[a-z_$][0-9a-z_$]*$/i) ||\n             _jsKeywords.indexOf(key) >= 0) {\n    key = JSON.stringify([key]);\n  }\n\n  if (base && base[0] !== '[') {\n    return `${key}.${base}`;\n  }\n\n  return key + base;\n}\n\nconst isObject = value => typeof value === 'object' && value !== null;\n\nconst baseIsArguments = item =>\n  isObject(item) &&\n  Object.prototype.toString.call(item) === '[object Arguments]';\n\nconst isArguments = baseIsArguments(function() { return arguments; }()) ?\n  baseIsArguments :\n  value => isObject(value) && typeof value.callee === 'function';\n"],"mappings":"AAAA,IAAIA,kBAAkB;AAACC,MAAM,CAACC,IAAI,CAAC,0CAA0C,EAAC;EAACC,OAAO,EAAC,SAAAA,CAASC,CAAC,EAAC;IAACJ,kBAAkB,GAACI,CAAC;EAAA;AAAC,CAAC,EAAC,CAAC,CAAC;AAAC,IAAIC,OAAO;AAACJ,MAAM,CAACC,IAAI,CAAC,+BAA+B,EAAC;EAACC,OAAO,EAAC,SAAAA,CAASC,CAAC,EAAC;IAACC,OAAO,GAACD,CAAC;EAAA;AAAC,CAAC,EAAC,CAAC,CAAC;AAAxNH,MAAM,CAACK,MAAM,CAAC;EAACC,KAAK,EAAC,SAAAA,CAAA,EAAU;IAAC,OAAOA,KAAK;EAAA,CAAC;EAACC,KAAK,EAAC,SAAAA,CAAA,EAAU;IAAC,OAAOA,KAAK;EAAA;AAAC,CAAC,CAAC;AAAC,IAAIC,aAAa;AAACR,MAAM,CAACC,IAAI,CAAC,iBAAiB,EAAC;EAACO,aAAa,EAAC,SAAAA,CAASL,CAAC,EAAC;IAACK,aAAa,GAACL,CAAC;EAAA;AAAC,CAAC,EAAC,CAAC,CAAC;AAG9K;AACA;;AAEA,IAAMM,sBAAsB,GAAG,IAAIC,MAAM,CAACC,mBAAmB,CAAD,CAAC;AAC7D,IAAMC,MAAM,GAAGC,MAAM,CAACC,SAAS,CAACC,cAAc;;AAE9C;AACA;AACA;AACA;AACA;AACA;AACA;AACA;AACA;AACA;AACO,SAAST,KAAKA,CAACU,KAAK,EAAEC,OAAO,EAAE;EACpC;EACA;EACA;EACA;EACA;EACA;EACA;EACA;EACA,IAAMC,UAAU,GAAGT,sBAAsB,CAACU,uBAAuB,CAAC,CAAC;EACnE,IAAID,UAAU,EAAE;IACdA,UAAU,CAACE,QAAQ,CAACJ,KAAK,CAAC;EAC5B;EAEA,IAAMK,MAAM,GAAGC,WAAW,CAACN,KAAK,EAAEC,OAAO,CAAC;EAC1C,IAAII,MAAM,EAAE;IACV,IAAME,GAAG,GAAG,IAAIhB,KAAK,CAACiB,KAAK,CAACH,MAAM,CAACI,OAAO,CAAC;IAC3C,IAAIJ,MAAM,CAACK,IAAI,EAAE;MACfH,GAAG,CAACE,OAAO,mBAAiBJ,MAAM,CAACK,IAAM;MACzCH,GAAG,CAACG,IAAI,GAAGL,MAAM,CAACK,IAAI;IACxB;IAEA,MAAMH,GAAG;EACX;AACF;AAAC;;AAED;AACA;AACA;AACA;AACO,IAAMhB,KAAK,GAAG;EACnBoB,QAAQ,EAAE,SAAAA,CAASV,OAAO,EAAE;IAC1B,OAAO,IAAIU,QAAQ,CAACV,OAAO,CAAC;EAC9B,CAAC;EAEDW,KAAK,EAAE,SAAAA,CAASX,OAAO,EAAE;IACvB,OAAO,IAAIW,KAAK,CAACX,OAAO,CAAC;EAC3B,CAAC;EAEDY,KAAK,EAAE,SAAAA,CAAA,EAAkB;IAAA,SAAAC,IAAA,GAAAC,SAAA,CAAAC,MAAA,EAANC,IAAI,OAAAC,KAAA,CAAAJ,IAAA,GAAAK,IAAA,MAAAA,IAAA,GAAAL,IAAA,EAAAK,IAAA;MAAJF,IAAI,CAAAE,IAAA,IAAAJ,SAAA,CAAAI,IAAA;IAAA;IACrB,OAAO,IAAIN,KAAK,CAACI,IAAI,CAAC;EACxB,CAAC;EAEDG,GAAG,EAAE,CAAC,SAAS,CAAC;EAChBC,KAAK,EAAE,SAAAA,CAASC,SAAS,EAAE;IACzB,OAAO,IAAID,KAAK,CAACC,SAAS,CAAC;EAC7B,CAAC;EAEDC,eAAe,EAAE,SAAAA,CAAStB,OAAO,EAAE;IACjC,OAAO,IAAIsB,eAAe,CAACtB,OAAO,CAAC;EACrC,CAAC;EAEDuB,gBAAgB,EAAE,SAAAA,CAASvB,OAAO,EAAE;IAClC,OAAO,IAAIuB,gBAAgB,CAACvB,OAAO,CAAC;EACtC,CAAC;EAED;EACAwB,OAAO,EAAE,CAAC,aAAa,CAAC;EAExB;EACAjB,KAAK,EAAEd,MAAM,CAACgC,aAAa,CAAC,aAAa,EAAE,UAAUC,GAAG,EAAE;IACxD,IAAI,CAAClB,OAAO,qBAAmBkB,GAAK;;IAEpC;IACA;IACA;IACA;IACA,IAAI,CAACjB,IAAI,GAAG,EAAE;;IAEd;IACA;IACA,IAAI,CAACkB,cAAc,GAAG,IAAIlC,MAAM,CAACc,KAAK,CAAC,GAAG,EAAE,cAAc,CAAC;EAC7D,CAAC,CAAC;EAEF;EACA;EACA;EACA;EACA;EACA;EAEA;AACF;AACA;AACA;AACA;AACA;EACEqB,IAAI,WAAAA,CAAC7B,KAAK,EAAEC,OAAO,EAAE;IACnB,OAAO,CAACK,WAAW,CAACN,KAAK,EAAEC,OAAO,CAAC;EACrC,CAAC;EAED;EACA;EACA;EACA6B,gCAAgC,WAAAA,CAACC,CAAC,EAAEC,OAAO,EAAEf,IAAI,EAAEgB,WAAW,EAAE;IAC9D,IAAM/B,UAAU,GAAG,IAAIgC,eAAe,CAACjB,IAAI,EAAEgB,WAAW,CAAC;IACzD,IAAM5B,MAAM,GAAGZ,sBAAsB,CAAC0C,SAAS,CAC7CjC,UAAU,EACV;MAAA,OAAM6B,CAAC,CAACK,KAAK,CAACJ,OAAO,EAAEf,IAAI,CAAC;IAAA,CAC9B,CAAC;;IAED;IACAf,UAAU,CAACmC,sCAAsC,CAAC,CAAC;IACnD,OAAOhC,MAAM;EACf;AACF,CAAC;AAAC,IAEIM,QAAQ;EACZ,SAAAA,SAAYV,OAAO,EAAE;IACnB,IAAI,CAACA,OAAO,GAAGA,OAAO;EACxB;EAAC,OAAAU,QAAA;AAAA;AAAA,IAGGC,KAAK;EACT,SAAAA,MAAYX,OAAO,EAAE;IACnB,IAAI,CAACA,OAAO,GAAGA,OAAO;EACxB;EAAC,OAAAW,KAAA;AAAA;AAAA,IAGGC,KAAK;EACT,SAAAA,MAAYyB,OAAO,EAAE;IACnB,IAAI,CAACA,OAAO,IAAIA,OAAO,CAACtB,MAAM,KAAK,CAAC,EAAE;MACpC,MAAM,IAAIR,KAAK,CAAC,iDAAiD,CAAC;IACpE;IAEA,IAAI,CAAC8B,OAAO,GAAGA,OAAO;EACxB;EAAC,OAAAzB,KAAA;AAAA;AAAA,IAGGQ,KAAK;EACT,SAAAA,MAAYC,SAAS,EAAE;IACrB,IAAI,CAACA,SAAS,GAAGA,SAAS;EAC5B;EAAC,OAAAD,KAAA;AAAA;AAAA,IAGGE,eAAe;EACnB,SAAAA,gBAAYtB,OAAO,EAAE;IACnB,IAAI,CAACA,OAAO,GAAGA,OAAO;EACxB;EAAC,OAAAsB,eAAA;AAAA;AAAA,IAGGC,gBAAgB;EACpB,SAAAA,iBAAYvB,OAAO,EAAE;IACnB,IAAI,CAACA,OAAO,GAAGA,OAAO;EACxB;EAAC,OAAAuB,gBAAA;AAAA;AAGH,IAAMe,qBAAqB,GAAG,SAAAA,CAACvC,KAAK,EAAmB;EAAA,IAAjBwC,OAAO,GAAAzB,SAAA,CAAAC,MAAA,QAAAD,SAAA,QAAA0B,SAAA,GAAA1B,SAAA,MAAG,CAAC,CAAC;EAChD,IAAKf,KAAK,KAAK,IAAI,EAAG;IACpB,OAAO,MAAM;EACf;EAEA,IAAKwC,OAAO,CAACE,YAAY,EAAG;IAC1B,OAAAtD,OAAA,CAAcY,KAAK;EACrB;;EAEA;EACA,IAAKZ,OAAA,CAAOY,KAAK,MAAK,QAAQ,EAAG;IAC/B,OAAO2C,KAAK,CAACC,SAAS,CAAC5C,KAAK,CAAC;EAC/B;EAEA,IAAI;IAEF;IACA;IACA6C,IAAI,CAACD,SAAS,CAAC5C,KAAK,CAAC;EACvB,CAAC,CAAC,OAAO8C,cAAc,EAAE;IACvB,IAAKA,cAAc,CAACC,IAAI,KAAK,WAAW,EAAG;MACzC,OAAA3D,OAAA,CAAcY,KAAK;IACrB;EACF;EAEA,OAAO2C,KAAK,CAACC,SAAS,CAAC5C,KAAK,CAAC;AAC/B,CAAC;AAED,IAAMgD,YAAY,GAAG,CACnB,CAACC,MAAM,EAAE,QAAQ,CAAC,EAClB,CAACC,MAAM,EAAE,QAAQ,CAAC,EAClB,CAACC,OAAO,EAAE,SAAS,CAAC;AAEpB;AACA;AACA,CAACC,QAAQ,EAAE,UAAU,CAAC,EACtB,CAACX,SAAS,EAAE,WAAW,CAAC,CACzB;;AAED;AACA,IAAMnC,WAAW,GAAG,SAAAA,CAACN,KAAK,EAAEC,OAAO,EAAK;EAEtC;EACA,IAAIA,OAAO,KAAKV,KAAK,CAAC6B,GAAG,EAAE;IACzB,OAAO,KAAK;EACd;;EAEA;EACA;EACA,KAAK,IAAIiC,CAAC,GAAG,CAAC,EAAEA,CAAC,GAAGL,YAAY,CAAChC,MAAM,EAAE,EAAEqC,CAAC,EAAE;IAC5C,IAAIpD,OAAO,KAAK+C,YAAY,CAACK,CAAC,CAAC,CAAC,CAAC,CAAC,EAAE;MAClC,IAAIjE,OAAA,CAAOY,KAAK,MAAKgD,YAAY,CAACK,CAAC,CAAC,CAAC,CAAC,CAAC,EAAE;QACvC,OAAO,KAAK;MACd;MAEA,OAAO;QACL5C,OAAO,gBAAcuC,YAAY,CAACK,CAAC,CAAC,CAAC,CAAC,CAAC,cAASd,qBAAqB,CAACvC,KAAK,EAAE;UAAE0C,YAAY,EAAE;QAAK,CAAC,CAAG;QACtGhC,IAAI,EAAE;MACR,CAAC;IACH;EACF;EAEA,IAAIT,OAAO,KAAK,IAAI,EAAE;IACpB,IAAID,KAAK,KAAK,IAAI,EAAE;MAClB,OAAO,KAAK;IACd;IAEA,OAAO;MACLS,OAAO,0BAAwB8B,qBAAqB,CAACvC,KAAK,CAAG;MAC7DU,IAAI,EAAE;IACR,CAAC;EACH;;EAEA;EACA,IAAI,OAAOT,OAAO,KAAK,QAAQ,IAAI,OAAOA,OAAO,KAAK,QAAQ,IAAI,OAAOA,OAAO,KAAK,SAAS,EAAE;IAC9F,IAAID,KAAK,KAAKC,OAAO,EAAE;MACrB,OAAO,KAAK;IACd;IAEA,OAAO;MACLQ,OAAO,gBAAcR,OAAO,cAASsC,qBAAqB,CAACvC,KAAK,CAAG;MACnEU,IAAI,EAAE;IACR,CAAC;EACH;;EAEA;EACA,IAAIT,OAAO,KAAKV,KAAK,CAACkC,OAAO,EAAE;IAE7B;IACA;IACA;IACA;IACA;IACA;IACA,IAAI,OAAOzB,KAAK,KAAK,QAAQ,IAAI,CAACA,KAAK,GAAG,CAAC,MAAMA,KAAK,EAAE;MACtD,OAAO,KAAK;IACd;IAEA,OAAO;MACLS,OAAO,6BAA2B8B,qBAAqB,CAACvC,KAAK,CAAG;MAChEU,IAAI,EAAE;IACR,CAAC;EACH;;EAEA;EACA,IAAIT,OAAO,KAAKJ,MAAM,EAAE;IACtBI,OAAO,GAAGV,KAAK,CAACgC,eAAe,CAAC,CAAC,CAAC,CAAC;EACrC;;EAEA;EACA,IAAItB,OAAO,YAAYiB,KAAK,EAAE;IAC5B,IAAIjB,OAAO,CAACe,MAAM,KAAK,CAAC,EAAE;MACxB,OAAO;QACLP,OAAO,sDAAoD8B,qBAAqB,CAACtC,OAAO,CAAG;QAC3FS,IAAI,EAAE;MACR,CAAC;IACH;IAEA,IAAI,CAACQ,KAAK,CAACoC,OAAO,CAACtD,KAAK,CAAC,IAAI,CAACuD,WAAW,CAACvD,KAAK,CAAC,EAAE;MAChD,OAAO;QACLS,OAAO,2BAAyB8B,qBAAqB,CAACvC,KAAK,CAAG;QAC9DU,IAAI,EAAE;MACR,CAAC;IACH;IAEA,KAAK,IAAI2C,EAAC,GAAG,CAAC,EAAErC,MAAM,GAAGhB,KAAK,CAACgB,MAAM,EAAEqC,EAAC,GAAGrC,MAAM,EAAEqC,EAAC,EAAE,EAAE;MACtD,IAAMhD,MAAM,GAAGC,WAAW,CAACN,KAAK,CAACqD,EAAC,CAAC,EAAEpD,OAAO,CAAC,CAAC,CAAC,CAAC;MAChD,IAAII,MAAM,EAAE;QACVA,MAAM,CAACK,IAAI,GAAG8C,YAAY,CAACH,EAAC,EAAEhD,MAAM,CAACK,IAAI,CAAC;QAC1C,OAAOL,MAAM;MACf;IACF;IAEA,OAAO,KAAK;EACd;;EAEA;EACA;EACA,IAAIJ,OAAO,YAAYoB,KAAK,EAAE;IAC5B,IAAIhB,OAAM;IACV,IAAI;MACFA,OAAM,GAAGJ,OAAO,CAACqB,SAAS,CAACtB,KAAK,CAAC;IACnC,CAAC,CAAC,OAAOO,GAAG,EAAE;MACZ,IAAI,EAAEA,GAAG,YAAYhB,KAAK,CAACiB,KAAK,CAAC,EAAE;QACjC,MAAMD,GAAG;MACX;MAEA,OAAO;QACLE,OAAO,EAAEF,GAAG,CAACE,OAAO;QACpBC,IAAI,EAAEH,GAAG,CAACG;MACZ,CAAC;IACH;IAEA,IAAIL,OAAM,EAAE;MACV,OAAO,KAAK;IACd;;IAEA;IACA,OAAO;MACLI,OAAO,EAAE,+BAA+B;MACxCC,IAAI,EAAE;IACR,CAAC;EACH;EAEA,IAAIT,OAAO,YAAYW,KAAK,EAAE;IAC5BX,OAAO,GAAGV,KAAK,CAACsB,KAAK,CAAC4B,SAAS,EAAE,IAAI,EAAExC,OAAO,CAACA,OAAO,CAAC;EACzD,CAAC,MAAM,IAAIA,OAAO,YAAYU,QAAQ,EAAE;IACtCV,OAAO,GAAGV,KAAK,CAACsB,KAAK,CAAC4B,SAAS,EAAExC,OAAO,CAACA,OAAO,CAAC;EACnD;EAEA,IAAIA,OAAO,YAAYY,KAAK,EAAE;IAC5B,KAAK,IAAIwC,GAAC,GAAG,CAAC,EAAEA,GAAC,GAAGpD,OAAO,CAACqC,OAAO,CAACtB,MAAM,EAAE,EAAEqC,GAAC,EAAE;MAC/C,IAAMhD,QAAM,GAAGC,WAAW,CAACN,KAAK,EAAEC,OAAO,CAACqC,OAAO,CAACe,GAAC,CAAC,CAAC;MACrD,IAAI,CAAChD,QAAM,EAAE;QAEX;QACA,OAAO,KAAK;MACd;;MAEA;IACF;;IAEA;IACA,OAAO;MACLI,OAAO,EAAE,8DAA8D;MACvEC,IAAI,EAAE;IACR,CAAC;EACH;;EAEA;EACA;EACA,IAAIT,OAAO,YAAYmD,QAAQ,EAAE;IAC/B,IAAIpD,KAAK,YAAYC,OAAO,EAAE;MAC5B,OAAO,KAAK;IACd;IAEA,OAAO;MACLQ,OAAO,iBAAcR,OAAO,CAAC8C,IAAI,IAAI,wBAAwB,CAAE;MAC/DrC,IAAI,EAAE;IACR,CAAC;EACH;EAEA,IAAI+C,kBAAkB,GAAG,KAAK;EAC9B,IAAIC,iBAAiB;EACrB,IAAIzD,OAAO,YAAYsB,eAAe,EAAE;IACtCkC,kBAAkB,GAAG,IAAI;IACzBxD,OAAO,GAAGA,OAAO,CAACA,OAAO;EAC3B;EAEA,IAAIA,OAAO,YAAYuB,gBAAgB,EAAE;IACvCiC,kBAAkB,GAAG,IAAI;IACzBC,iBAAiB,GAAG,CAACzD,OAAO,CAACA,OAAO,CAAC;IACrCA,OAAO,GAAG,CAAC,CAAC,CAAC,CAAE;EACjB;EAEA,IAAIb,OAAA,CAAOa,OAAO,MAAK,QAAQ,EAAE;IAC/B,OAAO;MACLQ,OAAO,EAAE,mCAAmC;MAC5CC,IAAI,EAAE;IACR,CAAC;EACH;;EAEA;EACA;EACA;EACA,IAAItB,OAAA,CAAOY,KAAK,MAAK,QAAQ,EAAE;IAC7B,OAAO;MACLS,OAAO,4BAAArB,OAAA,CAAiCY,KAAK,CAAE;MAC/CU,IAAI,EAAE;IACR,CAAC;EACH;EAEA,IAAIV,KAAK,KAAK,IAAI,EAAE;IAClB,OAAO;MACLS,OAAO,6BAA6B;MACpCC,IAAI,EAAE;IACR,CAAC;EACH;EAEA,IAAI,CAAElB,aAAa,CAACQ,KAAK,CAAC,EAAE;IAC1B,OAAO;MACLS,OAAO,yBAAyB;MAChCC,IAAI,EAAE;IACR,CAAC;EACH;EAEA,IAAMiD,gBAAgB,GAAG9D,MAAM,CAAC+D,MAAM,CAAC,IAAI,CAAC;EAC5C,IAAMC,gBAAgB,GAAGhE,MAAM,CAAC+D,MAAM,CAAC,IAAI,CAAC;EAE5C/D,MAAM,CAACiE,IAAI,CAAC7D,OAAO,CAAC,CAAC8D,OAAO,CAAC,UAAAC,GAAG,EAAI;IAClC,IAAMC,UAAU,GAAGhE,OAAO,CAAC+D,GAAG,CAAC;IAC/B,IAAIC,UAAU,YAAYtD,QAAQ,IAC9BsD,UAAU,YAAYrD,KAAK,EAAE;MAC/BiD,gBAAgB,CAACG,GAAG,CAAC,GAAGC,UAAU,CAAChE,OAAO;IAC5C,CAAC,MAAM;MACL0D,gBAAgB,CAACK,GAAG,CAAC,GAAGC,UAAU;IACpC;EACF,CAAC,CAAC;EAEF,KAAK,IAAID,GAAG,IAAAE,kBAAA,CAAAC,mBAAA,CAAItE,MAAM,CAACG,KAAK,CAAC,GAAE;IAC7B,IAAMoE,QAAQ,GAAGpE,KAAK,CAACgE,GAAG,CAAC;IAC3B,IAAIpE,MAAM,CAACyE,IAAI,CAACV,gBAAgB,EAAEK,GAAG,CAAC,EAAE;MACtC,IAAM3D,QAAM,GAAGC,WAAW,CAAC8D,QAAQ,EAAET,gBAAgB,CAACK,GAAG,CAAC,CAAC;MAC3D,IAAI3D,QAAM,EAAE;QACVA,QAAM,CAACK,IAAI,GAAG8C,YAAY,CAACQ,GAAG,EAAE3D,QAAM,CAACK,IAAI,CAAC;QAC5C,OAAOL,QAAM;MACf;MAEA,OAAOsD,gBAAgB,CAACK,GAAG,CAAC;IAC9B,CAAC,MAAM,IAAIpE,MAAM,CAACyE,IAAI,CAACR,gBAAgB,EAAEG,GAAG,CAAC,EAAE;MAC7C,IAAM3D,QAAM,GAAGC,WAAW,CAAC8D,QAAQ,EAAEP,gBAAgB,CAACG,GAAG,CAAC,CAAC;MAC3D,IAAI3D,QAAM,EAAE;QACVA,QAAM,CAACK,IAAI,GAAG8C,YAAY,CAACQ,GAAG,EAAE3D,QAAM,CAACK,IAAI,CAAC;QAC5C,OAAOL,QAAM;MACf;IAEF,CAAC,MAAM;MACL,IAAI,CAACoD,kBAAkB,EAAE;QACvB,OAAO;UACLhD,OAAO,EAAE,aAAa;UACtBC,IAAI,EAAEsD;QACR,CAAC;MACH;MAEA,IAAIN,iBAAiB,EAAE;QACrB,IAAMrD,QAAM,GAAGC,WAAW,CAAC8D,QAAQ,EAAEV,iBAAiB,CAAC,CAAC,CAAC,CAAC;QAC1D,IAAIrD,QAAM,EAAE;UACVA,QAAM,CAACK,IAAI,GAAG8C,YAAY,CAACQ,GAAG,EAAE3D,QAAM,CAACK,IAAI,CAAC;UAC5C,OAAOL,QAAM;QACf;MACF;IACF;EACF;EAEA,IAAMyD,IAAI,GAAGjE,MAAM,CAACiE,IAAI,CAACH,gBAAgB,CAAC;EAC1C,IAAIG,IAAI,CAAC9C,MAAM,EAAE;IACf,OAAO;MACLP,OAAO,oBAAkBqD,IAAI,CAAC,CAAC,CAAC,MAAG;MACnCpD,IAAI,EAAE;IACR,CAAC;EACH;AACF,CAAC;AAAC,IAEIwB,eAAe;EACnB,SAAAA,gBAAajB,IAAI,EAAEgB,WAAW,EAAE;IAE9B;IACA;IACA,IAAI,CAAChB,IAAI,GAAAlC,kBAAA,CAAOkC,IAAI,CAAC;;IAErB;IACA;IACA;IACA,IAAI,CAACA,IAAI,CAACqD,OAAO,CAAC,CAAC;IACnB,IAAI,CAACrC,WAAW,GAAGA,WAAW;EAChC;EAAC,IAAAsC,MAAA,GAAArC,eAAA,CAAApC,SAAA;EAAAyE,MAAA,CAEDnE,QAAQ;IAAR,SAAAA,SAASJ,KAAK,EAAE;MACd,IAAI,IAAI,CAACwE,iBAAiB,CAACxE,KAAK,CAAC,EAAE;QACjC;MACF;;MAEA;MACA;MACA;MACA,IAAIkB,KAAK,CAACoC,OAAO,CAACtD,KAAK,CAAC,IAAIuD,WAAW,CAACvD,KAAK,CAAC,EAAE;QAC9CkB,KAAK,CAACpB,SAAS,CAACiE,OAAO,CAACM,IAAI,CAACrE,KAAK,EAAE,IAAI,CAACwE,iBAAiB,CAACC,IAAI,CAAC,IAAI,CAAC,CAAC;MACxE;IACF;IAAC,OAAArE,QAAA;EAAA;EAAAmE,MAAA,CAEDC,iBAAiB;IAAjB,SAAAA,kBAAkBxE,KAAK,EAAE;MACvB,KAAK,IAAIqD,CAAC,GAAG,CAAC,EAAEA,CAAC,GAAG,IAAI,CAACpC,IAAI,CAACD,MAAM,EAAE,EAAEqC,CAAC,EAAE;QAEzC;QACA;QACA;QACA;QACA,IAAIrD,KAAK,KAAK,IAAI,CAACiB,IAAI,CAACoC,CAAC,CAAC,IACrBH,MAAM,CAACwB,KAAK,CAAC1E,KAAK,CAAC,IAAIkD,MAAM,CAACwB,KAAK,CAAC,IAAI,CAACzD,IAAI,CAACoC,CAAC,CAAC,CAAE,EAAE;UACvD,IAAI,CAACpC,IAAI,CAAC0D,MAAM,CAACtB,CAAC,EAAE,CAAC,CAAC;UACtB,OAAO,IAAI;QACb;MACF;MACA,OAAO,KAAK;IACd;IAAC,OAAAmB,iBAAA;EAAA;EAAAD,MAAA,CAEDlC,sCAAsC;IAAtC,SAAAA,uCAAA,EAAyC;MACvC,IAAI,IAAI,CAACpB,IAAI,CAACD,MAAM,GAAG,CAAC,EACtB,MAAM,IAAIR,KAAK,2CAAyC,IAAI,CAACyB,WAAa,CAAC;IAC/E;IAAC,OAAAI,sCAAA;EAAA;EAAA,OAAAH,eAAA;AAAA;AAGH,IAAM0C,WAAW,GAAG,CAAC,IAAI,EAAE,IAAI,EAAE,IAAI,EAAE,KAAK,EAAE,KAAK,EAAE,KAAK,EAAE,KAAK,EAAE,KAAK,EAAE,MAAM,EAC9E,MAAM,EAAE,MAAM,EAAE,MAAM,EAAE,OAAO,EAAE,MAAM,EAAE,MAAM,EAAE,MAAM,EAAE,MAAM,EAAE,MAAM,EACvE,OAAO,EAAE,OAAO,EAAE,OAAO,EAAE,OAAO,EAAE,OAAO,EAAE,OAAO,EAAE,OAAO,EAAE,OAAO,EACtE,QAAQ,EAAE,QAAQ,EAAE,QAAQ,EAAE,QAAQ,EAAE,QAAQ,EAAE,QAAQ,EAAE,QAAQ,EACpE,QAAQ,EAAE,SAAS,EAAE,SAAS,EAAE,SAAS,EAAE,SAAS,EAAE,SAAS,EAAE,UAAU,EAC3E,UAAU,EAAE,UAAU,EAAE,WAAW,EAAE,WAAW,EAAE,WAAW,EAAE,YAAY,EAC3E,YAAY,CAAC;;AAEf;AACA;AACA,IAAMpB,YAAY,GAAG,SAAAA,CAACQ,GAAG,EAAEa,IAAI,EAAK;EAClC,IAAK,OAAOb,GAAG,KAAM,QAAQ,IAAIA,GAAG,CAACc,KAAK,CAAC,UAAU,CAAC,EAAE;IACtDd,GAAG,SAAOA,GAAG,MAAG;EAClB,CAAC,MAAM,IAAI,CAACA,GAAG,CAACc,KAAK,CAAC,uBAAuB,CAAC,IACnCF,WAAW,CAACG,OAAO,CAACf,GAAG,CAAC,IAAI,CAAC,EAAE;IACxCA,GAAG,GAAGnB,IAAI,CAACD,SAAS,CAAC,CAACoB,GAAG,CAAC,CAAC;EAC7B;EAEA,IAAIa,IAAI,IAAIA,IAAI,CAAC,CAAC,CAAC,KAAK,GAAG,EAAE;IAC3B,OAAUb,GAAG,SAAIa,IAAI;EACvB;EAEA,OAAOb,GAAG,GAAGa,IAAI;AACnB,CAAC;AAED,IAAMG,QAAQ,GAAG,SAAAA,CAAAhF,KAAK;EAAA,OAAIZ,OAAA,CAAOY,KAAK,MAAK,QAAQ,IAAIA,KAAK,KAAK,IAAI;AAAA;AAErE,IAAMiF,eAAe,GAAG,SAAAA,CAAAC,IAAI;EAAA,OAC1BF,QAAQ,CAACE,IAAI,CAAC,IACdrF,MAAM,CAACC,SAAS,CAACqF,QAAQ,CAACd,IAAI,CAACa,IAAI,CAAC,KAAK,oBAAoB;AAAA;AAE/D,IAAM3B,WAAW,GAAG0B,eAAe,CAAC,YAAW;EAAE,OAAOlE,SAAS;AAAE,CAAC,CAAC,CAAC,CAAC,GACrEkE,eAAe,GACf,UAAAjF,KAAK;EAAA,OAAIgF,QAAQ,CAAChF,KAAK,CAAC,IAAI,OAAOA,KAAK,CAACoF,MAAM,KAAK,UAAU;AAAA"},"sourceType":"module","externalDependencies":{},"hash":"60a3cd29338e770b1f85ab78afffc04a5ea4b4ad"}
