{"metadata":{},"options":{"assumptions":{},"compact":false,"sourceMaps":true,"ast":true,"babelrc":false,"configFile":false,"parserOpts":{"sourceType":"module","sourceFileName":"/home/ani/Mergerware_assignment/Mererware_meteor/Mergerware_loanify/imports/ui/components/AccountsOverview/AccountsOverview.js","plugins":["*","flow","jsx","asyncGenerators","bigInt","classPrivateMethods","classPrivateProperties","classProperties","doExpressions","dynamicImport","exportDefaultFrom","exportExtensions","exportNamespaceFrom","functionBind","functionSent","importMeta","nullishCoalescingOperator","numericSeparator","objectRestSpread","optionalCatchBinding","optionalChaining",["pipelineOperator",{"proposal":"minimal"}],"throwExpressions","classProperties","classPrivateProperties","jsx","nullishCoalescingOperator","nullishCoalescingOperator","optionalChaining","optionalChaining","optionalCatchBinding","optionalCatchBinding","classProperties","classPrivateProperties","classPrivateMethods","classProperties","classPrivateProperties","asyncGenerators","asyncGenerators","objectRestSpread","objectRestSpread","logicalAssignment"],"allowImportExportEverywhere":true,"allowReturnOutsideFunction":true,"allowUndeclaredExports":true,"strictMode":false},"caller":{"name":"meteor","arch":"web.browser.legacy"},"sourceFileName":"imports/ui/components/AccountsOverview/AccountsOverview.js","filename":"/home/ani/Mergerware_assignment/Mererware_meteor/Mergerware_loanify/imports/ui/components/AccountsOverview/AccountsOverview.js","inputSourceMap":{"version":3,"names":["React","Component","Row","Col","Select","Table","Button","Input","Icon","connect","Redirect","actions","Highlighter","AccountsOverview","componentDidMount","props","initAccounts","initGeneralSettings","console","log","state","goToAccountDetails","searchText","searchedColumn","getByPath","obj","path","def","replace","split","forEach","level","undefined","getColumnSearchProps","dataIndex","filterDropdown","setSelectedKeys","selectedKeys","confirm","clearFilters","padding","node","searchInput","e","target","value","handleSearch","width","marginBottom","display","marginRight","handleReset","filterIcon","filtered","color","onFilter","record","toString","toLowerCase","includes","onFilterDropdownVisibleChange","visible","setTimeout","select","render","text","backgroundColor","setState","onRowClick","currAccountId","setSelectedAccountId","unsetSelectedLoanId","accountDetailsRedirect","authRedirect","isAuthenticated","columns","title","key","defaultSortOrder","sorter","a","b","account_id_card","length","account_name","account_phone_no","type","nf","Intl","NumberFormat","cms","format","mvr_loan_amount","mvr_balance_due","usd_loan_amount","usd_balance_due","accounts","mapStateToProps","loading","auth","error","token","access_token","authRedirectPath","mapDispatchToProps","dispatch","login","email","password","setAuthRedirectPath","selectedAccountId"],"sources":["imports/ui/components/AccountsOverview/AccountsOverview.js"],"sourcesContent":["import React, { Component } from 'react';\nimport { Row, Col, Select, Table, Button, Input, Icon } from 'antd';\nimport { connect } from 'react-redux';\nimport { Redirect } from 'react-router';\nimport * as actions from '../../store/actions/index';\nimport Highlighter from 'react-highlight-words';\n\nclass AccountsOverview extends Component {\n    componentDidMount() {\n        this.props.initAccounts();\n        this.props.initGeneralSettings();\n        console.log(\"initAccounts\");\n    }\n\n    state = {\n        goToAccountDetails: false,\n        searchText: '',\n        searchedColumn: ''\n    }\n\n    // Search Start\n    getByPath = function(obj, path, def) {\n        path = path\n            .replace(/\\[/g, '.')\n            .replace(/]/g, '')\n            .split('.');\n        path.forEach(function (level) {\n            obj = obj[level];\n        });\n        if (obj === undefined) {\n            return def;\n        }\n        return obj;\n    };\n\n    getColumnSearchProps = dataIndex => ({\n        filterDropdown: ({ setSelectedKeys, selectedKeys, confirm, clearFilters }) => (\n            <div style={{ padding: 8 }}>\n                <Input\n                    ref={node => {\n                        this.searchInput = node;\n                    }}\n                    placeholder={`Search ${dataIndex}`}\n                    value={selectedKeys[0]}\n                    onChange={e => setSelectedKeys(e.target.value ? [e.target.value] : [])}\n                    onPressEnter={() => this.handleSearch(selectedKeys, confirm, dataIndex)}\n                    style={{ width: 188, marginBottom: 8, display: 'block' }}\n                />\n                <Button\n                    type=\"primary\"\n                    onClick={() => this.handleSearch(selectedKeys, confirm, dataIndex)}\n                    icon=\"search\"\n                    size=\"small\"\n                    style={{ width: 90, marginRight: 8 }}\n                >\n                    Search\n                </Button>\n                <Button onClick={() => this.handleReset(clearFilters)} size=\"small\" style={{ width: 90 }}>\n                    Reset\n                </Button>\n            </div>\n        ),\n        filterIcon: filtered => (\n            <Icon type=\"search\" style={{ color: filtered ? '#1890ff' : undefined }} />\n        ),\n        onFilter: (value, record) =>\n            this.getByPath(record,dataIndex)\n                .toString()\n                .toLowerCase()\n                .includes(value.toLowerCase()),\n        onFilterDropdownVisibleChange: visible => {\n            if (visible) {\n                setTimeout(() => this.searchInput.select());\n            }\n        },\n        render: text => (\n            (this.state.searchedColumn === dataIndex) ?\n            <Highlighter\n                highlightStyle={{ backgroundColor: '#ffc069', padding: 0 }}\n                searchWords={[this.state.searchText]}\n                autoEscape\n                textToHighlight={text.toString()}\n            />\n            : text\n        ),\n    });\n\n    handleSearch = (selectedKeys, confirm, dataIndex) => {\n        confirm();\n        this.setState({ \n            searchText: selectedKeys[0],\n            searchedColumn: dataIndex,\n        });\n    };\n\n    handleReset = clearFilters => {\n        clearFilters();\n        this.setState({ searchText: '' });\n    };\n    // Search End\n\n\n    onRowClick = (record) => {\n        console.log(\"onrowclick\", record)\n        let currAccountId = record['id'];\n        this.props.setSelectedAccountId(currAccountId);\n        this.props.unsetSelectedLoanId();\n        this.setState({\n            goToAccountDetails: true\n        })\n    }\n\n    render() {\n        let accountDetailsRedirect = null;\n        let authRedirect = null;\n        if (!this.props.isAuthenticated) {\n            authRedirect = <Redirect to=\"/login\" />\n        }\n\n        if (this.state.goToAccountDetails === true) {\n            accountDetailsRedirect = <Redirect push={true} to=\"/account/details\" />\n        }\n        else {\n            accountDetailsRedirect = null;\n        }\n\n        const columns = [\n            {\n                title: 'ID Card',\n                dataIndex: 'account_id_card',\n                key: 'account_id_card',\n                ...this.getColumnSearchProps('account_id_card'),\n                defaultSortOrder: 'descend',\n                sorter: (a, b) => a.account_id_card.length - b.account_id_card.length,\n            },\n            {\n                title: 'Name',\n                dataIndex: 'account_name',\n                key: 'account_name',\n                ...this.getColumnSearchProps('account_name'),\n                defaultSortOrder: 'descend',\n                sorter: (a, b) => a.account_name.length - b.account_name.length,\n\n            },\n            {\n                title: 'Phone no',\n                dataIndex: 'account_phone_no',\n                key: 'account_phone_no',\n                ...this.getColumnSearchProps('account_phone_no'),\n                defaultSortOrder: 'descend',\n                sorter: (a, b) => a.account_phone_no - b.account_phone_no\n            },\n            {\n                title: 'Type',\n                dataIndex: 'type',\n                key: 'type',\n                render:(value,record)=>{\n                    if(value==0){\n                        return \"Orgnization\";\n                    }\n                    else {\n                        return \"Individual\";\n                    }\n                },\n                defaultSortOrder: 'descend',\n                sorter: (a, b) => a.type.length - b.type.length\n            },\n            {\n                title: 'Amount Issued (MVR)',\n                dataIndex: 'mvr_loan_amount',\n                key: 'mvr_loan_amount',\n                render:(text,record)=>{\n                    var nf = new Intl.NumberFormat();\n                    let cms = nf.format(text);\n                    return <span>{cms}</span>;\n                },\n                defaultSortOrder: 'descend',\n                sorter: (a, b) => a.mvr_loan_amount - b.mvr_loan_amount\n            },\n            {\n                title: 'Balance Due (MVR)',\n                dataIndex: 'mvr_balance_due',\n                key: 'mvr_balance_due',\n                render:(text,record)=>{\n                    var nf = new Intl.NumberFormat();\n                    let cms = nf.format(text);\n                    return <span>{cms}</span>;\n                },\n                defaultSortOrder: 'descend',\n                sorter: (a, b) => a.mvr_balance_due - b.mvr_balance_due\n            },\n            {\n                title: 'Amount Issued (USD)',\n                dataIndex: 'usd_loan_amount',\n                key: 'usd_loan_amount',\n                render:(text,record)=>{\n                    var nf = new Intl.NumberFormat();\n                    let cms = nf.format(text);\n                    return <span>{cms}</span>;\n                },\n                defaultSortOrder: 'descend',\n                sorter: (a, b) => a.usd_loan_amount - b.usd_loan_amount\n            },\n            {\n                title: 'Balance Due (USD)',\n                dataIndex: 'usd_balance_due',\n                key: 'usd_balance_due',\n                render:(text,record)=>{\n                    var nf = new Intl.NumberFormat();\n                    let cms = nf.format(text);\n                    return <span>{cms}</span>;\n                },\n                defaultSortOrder: 'descend',\n                sorter: (a, b) => a.usd_balance_due - b.usd_balance_due\n            },\n            {\n                title: 'View',\n                dataIndex: 'id',\n                render: (text, record) =>\n                    <Button shape=\"circle\" icon=\"select\"\n                        onClick={() => this.onRowClick(record)}\n                    />\n            },\n\n\n        ];\n        return (\n            < div >\n                {authRedirect}\n                {accountDetailsRedirect}\n                <Table\n                    dataSource={this.props.accounts}\n                    columns={columns}\n                />\n            </div >\n        );\n    }\n}\n\nconst mapStateToProps = state => {\n    console.log(state)\n    return {\n        accounts: state.accounts.accounts,\n        loading: state.auth.loading,\n        error: state.auth.error,\n        token: state.auth.access_token,\n        isAuthenticated: state.auth.access_token != null,\n        authRedirectPath: state.auth.authRedirectPath\n    }\n}\nconst mapDispatchToProps = dispatch => {\n    return {\n        login: (email, password) => dispatch(actions.login(email, password)),\n        setAuthRedirectPath: () => dispatch(actions.setAuthRedirectPath('/')),\n        initAccounts: () => dispatch(actions.initAccounts()),\n        setSelectedAccountId: (selectedAccountId) => dispatch(actions.setSelectedAccountId(selectedAccountId)),\n        unsetSelectedLoanId: () => dispatch(actions.unsetSelectedLoanId()),\n        initGeneralSettings:()=>dispatch(actions.initGeneralSettings())\n    }\n}\n\nexport default connect(mapStateToProps, mapDispatchToProps)(AccountsOverview);\n"],"mappings":";AAAA,OAAOA,KAAK,IAAIC,SAAS,QAAQ,OAAO;AACxC,SAASC,GAAG,EAAEC,GAAG,EAAEC,MAAM,EAAEC,KAAK,EAAEC,MAAM,EAAEC,KAAK,EAAEC,IAAI,QAAQ,MAAM;AACnE,SAASC,OAAO,QAAQ,aAAa;AACrC,SAASC,QAAQ,QAAQ,cAAc;AACvC,OAAO,KAAKC,OAAO,MAAM,2BAA2B;AACpD,OAAOC,WAAW,MAAM,uBAAuB;AAE/C,MAAMC,gBAAgB,SAASZ,SAAS,CAAC;EACrCa,iBAAiBA,CAAA,EAAG;IAChB,IAAI,CAACC,KAAK,CAACC,YAAY,CAAC,CAAC;IACzB,IAAI,CAACD,KAAK,CAACE,mBAAmB,CAAC,CAAC;IAChCC,OAAO,CAACC,GAAG,CAAC,cAAc,CAAC;EAC/B;EAEAC,KAAK,GAAG;IACJC,kBAAkB,EAAE,KAAK;IACzBC,UAAU,EAAE,EAAE;IACdC,cAAc,EAAE;EACpB,CAAC;;EAED;EACAC,SAAS,GAAG,SAAAA,CAASC,GAAG,EAAEC,IAAI,EAAEC,GAAG,EAAE;IACjCD,IAAI,GAAGA,IAAI,CACNE,OAAO,CAAC,KAAK,EAAE,GAAG,CAAC,CACnBA,OAAO,CAAC,IAAI,EAAE,EAAE,CAAC,CACjBC,KAAK,CAAC,GAAG,CAAC;IACfH,IAAI,CAACI,OAAO,CAAC,UAAUC,KAAK,EAAE;MAC1BN,GAAG,GAAGA,GAAG,CAACM,KAAK,CAAC;IACpB,CAAC,CAAC;IACF,IAAIN,GAAG,KAAKO,SAAS,EAAE;MACnB,OAAOL,GAAG;IACd;IACA,OAAOF,GAAG;EACd,CAAC;EAEDQ,oBAAoB,GAAGC,SAAS,KAAK;IACjCC,cAAc,EAAEA,CAAC;MAAEC,eAAe;MAAEC,YAAY;MAAEC,OAAO;MAAEC;IAAa,CAAC,KACrE,CAAC,GAAG,CAAC,KAAK,CAAC,CAAC;MAAEC,OAAO,EAAE;IAAE,CAAC,CAAC;AACvC,gBAAgB,CAAC,KAAK,CACF,GAAG,CAAC,CAACC,IAAI,IAAI;QACT,IAAI,CAACC,WAAW,GAAGD,IAAI;MAC3B,CAAC,CAAC,CACF,WAAW,CAAC,CAAE,UAASP,SAAU,EAAC,CAAC,CACnC,KAAK,CAAC,CAACG,YAAY,CAAC,CAAC,CAAC,CAAC,CACvB,QAAQ,CAAC,CAACM,CAAC,IAAIP,eAAe,CAACO,CAAC,CAACC,MAAM,CAACC,KAAK,GAAG,CAACF,CAAC,CAACC,MAAM,CAACC,KAAK,CAAC,GAAG,EAAE,CAAC,CAAC,CACvE,YAAY,CAAC,CAAC,MAAM,IAAI,CAACC,YAAY,CAACT,YAAY,EAAEC,OAAO,EAAEJ,SAAS,CAAC,CAAC,CACxE,KAAK,CAAC,CAAC;QAAEa,KAAK,EAAE,GAAG;QAAEC,YAAY,EAAE,CAAC;QAAEC,OAAO,EAAE;MAAQ,CAAC,CAAC;AAE7E,gBAAgB,CAAC,MAAM,CACH,IAAI,CAAC,SAAS,CACd,OAAO,CAAC,CAAC,MAAM,IAAI,CAACH,YAAY,CAACT,YAAY,EAAEC,OAAO,EAAEJ,SAAS,CAAC,CAAC,CACnE,IAAI,CAAC,QAAQ,CACb,IAAI,CAAC,OAAO,CACZ,KAAK,CAAC,CAAC;QAAEa,KAAK,EAAE,EAAE;QAAEG,WAAW,EAAE;MAAE,CAAC,CAAC;AAEzD;AACA,gBAAgB,EAAE,MAAM;AACxB,gBAAgB,CAAC,MAAM,CAAC,OAAO,CAAC,CAAC,MAAM,IAAI,CAACC,WAAW,CAACZ,YAAY,CAAC,CAAC,CAAC,IAAI,CAAC,OAAO,CAAC,KAAK,CAAC,CAAC;QAAEQ,KAAK,EAAE;MAAG,CAAC,CAAC;AACzG;AACA,gBAAgB,EAAE,MAAM;AACxB,YAAY,EAAE,GAAG,CACR;IACDK,UAAU,EAAEC,QAAQ,IAChB,CAAC,IAAI,CAAC,IAAI,CAAC,QAAQ,CAAC,KAAK,CAAC,CAAC;MAAEC,KAAK,EAAED,QAAQ,GAAG,SAAS,GAAGrB;IAAU,CAAC,CAAC,GAC1E;IACDuB,QAAQ,EAAEA,CAACV,KAAK,EAAEW,MAAM,KACpB,IAAI,CAAChC,SAAS,CAACgC,MAAM,EAACtB,SAAS,CAAC,CAC3BuB,QAAQ,CAAC,CAAC,CACVC,WAAW,CAAC,CAAC,CACbC,QAAQ,CAACd,KAAK,CAACa,WAAW,CAAC,CAAC,CAAC;IACtCE,6BAA6B,EAAEC,OAAO,IAAI;MACtC,IAAIA,OAAO,EAAE;QACTC,UAAU,CAAC,MAAM,IAAI,CAACpB,WAAW,CAACqB,MAAM,CAAC,CAAC,CAAC;MAC/C;IACJ,CAAC;IACDC,MAAM,EAAEC,IAAI,IACP,IAAI,CAAC7C,KAAK,CAACG,cAAc,KAAKW,SAAS,GACxC,CAAC,WAAW,CACR,cAAc,CAAC,CAAC;MAAEgC,eAAe,EAAE,SAAS;MAAE1B,OAAO,EAAE;IAAE,CAAC,CAAC,CAC3D,WAAW,CAAC,CAAC,CAAC,IAAI,CAACpB,KAAK,CAACE,UAAU,CAAC,CAAC,CACrC,UAAU,CACV,eAAe,CAAC,CAAC2C,IAAI,CAACR,QAAQ,CAAC,CAAC,CAAC,GACnC,GACAQ;EAEV,CAAC,CAAC;EAEFnB,YAAY,GAAGA,CAACT,YAAY,EAAEC,OAAO,EAAEJ,SAAS,KAAK;IACjDI,OAAO,CAAC,CAAC;IACT,IAAI,CAAC6B,QAAQ,CAAC;MACV7C,UAAU,EAAEe,YAAY,CAAC,CAAC,CAAC;MAC3Bd,cAAc,EAAEW;IACpB,CAAC,CAAC;EACN,CAAC;EAEDiB,WAAW,GAAGZ,YAAY,IAAI;IAC1BA,YAAY,CAAC,CAAC;IACd,IAAI,CAAC4B,QAAQ,CAAC;MAAE7C,UAAU,EAAE;IAAG,CAAC,CAAC;EACrC,CAAC;EACD;;EAGA8C,UAAU,GAAIZ,MAAM,IAAK;IACrBtC,OAAO,CAACC,GAAG,CAAC,YAAY,EAAEqC,MAAM,CAAC;IACjC,IAAIa,aAAa,GAAGb,MAAM,CAAC,IAAI,CAAC;IAChC,IAAI,CAACzC,KAAK,CAACuD,oBAAoB,CAACD,aAAa,CAAC;IAC9C,IAAI,CAACtD,KAAK,CAACwD,mBAAmB,CAAC,CAAC;IAChC,IAAI,CAACJ,QAAQ,CAAC;MACV9C,kBAAkB,EAAE;IACxB,CAAC,CAAC;EACN,CAAC;EAED2C,MAAMA,CAAA,EAAG;IACL,IAAIQ,sBAAsB,GAAG,IAAI;IACjC,IAAIC,YAAY,GAAG,IAAI;IACvB,IAAI,CAAC,IAAI,CAAC1D,KAAK,CAAC2D,eAAe,EAAE;MAC7BD,YAAY,GAAG,CAAC,QAAQ,CAAC,EAAE,CAAC,QAAQ,GAAG;IAC3C;IAEA,IAAI,IAAI,CAACrD,KAAK,CAACC,kBAAkB,KAAK,IAAI,EAAE;MACxCmD,sBAAsB,GAAG,CAAC,QAAQ,CAAC,IAAI,CAAC,CAAC,IAAI,CAAC,CAAC,EAAE,CAAC,kBAAkB,GAAG;IAC3E,CAAC,MACI;MACDA,sBAAsB,GAAG,IAAI;IACjC;IAEA,MAAMG,OAAO,GAAG,CACZ;MACIC,KAAK,EAAE,SAAS;MAChB1C,SAAS,EAAE,iBAAiB;MAC5B2C,GAAG,EAAE,iBAAiB;MACtB,GAAG,IAAI,CAAC5C,oBAAoB,CAAC,iBAAiB,CAAC;MAC/C6C,gBAAgB,EAAE,SAAS;MAC3BC,MAAM,EAAEA,CAACC,CAAC,EAAEC,CAAC,KAAKD,CAAC,CAACE,eAAe,CAACC,MAAM,GAAGF,CAAC,CAACC,eAAe,CAACC;IACnE,CAAC,EACD;MACIP,KAAK,EAAE,MAAM;MACb1C,SAAS,EAAE,cAAc;MACzB2C,GAAG,EAAE,cAAc;MACnB,GAAG,IAAI,CAAC5C,oBAAoB,CAAC,cAAc,CAAC;MAC5C6C,gBAAgB,EAAE,SAAS;MAC3BC,MAAM,EAAEA,CAACC,CAAC,EAAEC,CAAC,KAAKD,CAAC,CAACI,YAAY,CAACD,MAAM,GAAGF,CAAC,CAACG,YAAY,CAACD;IAE7D,CAAC,EACD;MACIP,KAAK,EAAE,UAAU;MACjB1C,SAAS,EAAE,kBAAkB;MAC7B2C,GAAG,EAAE,kBAAkB;MACvB,GAAG,IAAI,CAAC5C,oBAAoB,CAAC,kBAAkB,CAAC;MAChD6C,gBAAgB,EAAE,SAAS;MAC3BC,MAAM,EAAEA,CAACC,CAAC,EAAEC,CAAC,KAAKD,CAAC,CAACK,gBAAgB,GAAGJ,CAAC,CAACI;IAC7C,CAAC,EACD;MACIT,KAAK,EAAE,MAAM;MACb1C,SAAS,EAAE,MAAM;MACjB2C,GAAG,EAAE,MAAM;MACXb,MAAM,EAACA,CAACnB,KAAK,EAACW,MAAM,KAAG;QACnB,IAAGX,KAAK,IAAE,CAAC,EAAC;UACR,OAAO,aAAa;QACxB,CAAC,MACI;UACD,OAAO,YAAY;QACvB;MACJ,CAAC;MACDiC,gBAAgB,EAAE,SAAS;MAC3BC,MAAM,EAAEA,CAACC,CAAC,EAAEC,CAAC,KAAKD,CAAC,CAACM,IAAI,CAACH,MAAM,GAAGF,CAAC,CAACK,IAAI,CAACH;IAC7C,CAAC,EACD;MACIP,KAAK,EAAE,qBAAqB;MAC5B1C,SAAS,EAAE,iBAAiB;MAC5B2C,GAAG,EAAE,iBAAiB;MACtBb,MAAM,EAACA,CAACC,IAAI,EAACT,MAAM,KAAG;QAClB,IAAI+B,EAAE,GAAG,IAAIC,IAAI,CAACC,YAAY,CAAC,CAAC;QAChC,IAAIC,GAAG,GAAGH,EAAE,CAACI,MAAM,CAAC1B,IAAI,CAAC;QACzB,OAAO,CAAC,IAAI,CAAC,CAACyB,GAAG,CAAC,EAAE,IAAI,CAAC;MAC7B,CAAC;MACDZ,gBAAgB,EAAE,SAAS;MAC3BC,MAAM,EAAEA,CAACC,CAAC,EAAEC,CAAC,KAAKD,CAAC,CAACY,eAAe,GAAGX,CAAC,CAACW;IAC5C,CAAC,EACD;MACIhB,KAAK,EAAE,mBAAmB;MAC1B1C,SAAS,EAAE,iBAAiB;MAC5B2C,GAAG,EAAE,iBAAiB;MACtBb,MAAM,EAACA,CAACC,IAAI,EAACT,MAAM,KAAG;QAClB,IAAI+B,EAAE,GAAG,IAAIC,IAAI,CAACC,YAAY,CAAC,CAAC;QAChC,IAAIC,GAAG,GAAGH,EAAE,CAACI,MAAM,CAAC1B,IAAI,CAAC;QACzB,OAAO,CAAC,IAAI,CAAC,CAACyB,GAAG,CAAC,EAAE,IAAI,CAAC;MAC7B,CAAC;MACDZ,gBAAgB,EAAE,SAAS;MAC3BC,MAAM,EAAEA,CAACC,CAAC,EAAEC,CAAC,KAAKD,CAAC,CAACa,eAAe,GAAGZ,CAAC,CAACY;IAC5C,CAAC,EACD;MACIjB,KAAK,EAAE,qBAAqB;MAC5B1C,SAAS,EAAE,iBAAiB;MAC5B2C,GAAG,EAAE,iBAAiB;MACtBb,MAAM,EAACA,CAACC,IAAI,EAACT,MAAM,KAAG;QAClB,IAAI+B,EAAE,GAAG,IAAIC,IAAI,CAACC,YAAY,CAAC,CAAC;QAChC,IAAIC,GAAG,GAAGH,EAAE,CAACI,MAAM,CAAC1B,IAAI,CAAC;QACzB,OAAO,CAAC,IAAI,CAAC,CAACyB,GAAG,CAAC,EAAE,IAAI,CAAC;MAC7B,CAAC;MACDZ,gBAAgB,EAAE,SAAS;MAC3BC,MAAM,EAAEA,CAACC,CAAC,EAAEC,CAAC,KAAKD,CAAC,CAACc,eAAe,GAAGb,CAAC,CAACa;IAC5C,CAAC,EACD;MACIlB,KAAK,EAAE,mBAAmB;MAC1B1C,SAAS,EAAE,iBAAiB;MAC5B2C,GAAG,EAAE,iBAAiB;MACtBb,MAAM,EAACA,CAACC,IAAI,EAACT,MAAM,KAAG;QAClB,IAAI+B,EAAE,GAAG,IAAIC,IAAI,CAACC,YAAY,CAAC,CAAC;QAChC,IAAIC,GAAG,GAAGH,EAAE,CAACI,MAAM,CAAC1B,IAAI,CAAC;QACzB,OAAO,CAAC,IAAI,CAAC,CAACyB,GAAG,CAAC,EAAE,IAAI,CAAC;MAC7B,CAAC;MACDZ,gBAAgB,EAAE,SAAS;MAC3BC,MAAM,EAAEA,CAACC,CAAC,EAAEC,CAAC,KAAKD,CAAC,CAACe,eAAe,GAAGd,CAAC,CAACc;IAC5C,CAAC,EACD;MACInB,KAAK,EAAE,MAAM;MACb1C,SAAS,EAAE,IAAI;MACf8B,MAAM,EAAEA,CAACC,IAAI,EAAET,MAAM,KACjB,CAAC,MAAM,CAAC,KAAK,CAAC,QAAQ,CAAC,IAAI,CAAC,QAAQ,CAChC,OAAO,CAAC,CAAC,MAAM,IAAI,CAACY,UAAU,CAACZ,MAAM,CAAC,CAAC;IAEnD,CAAC,CAGJ;IACD,OACI,CAAE,GAAG;AACjB,gBAAgB,CAACiB,YAAY;AAC7B,gBAAgB,CAACD,sBAAsB;AACvC,gBAAgB,CAAC,KAAK,CACF,UAAU,CAAC,CAAC,IAAI,CAACzD,KAAK,CAACiF,QAAQ,CAAC,CAChC,OAAO,CAAC,CAACrB,OAAO,CAAC;AAErC,YAAY,EAAE,GAAG,CAAE;EAEf;AACJ;AAEA,MAAMsB,eAAe,GAAG7E,KAAK,IAAI;EAC7BF,OAAO,CAACC,GAAG,CAACC,KAAK,CAAC;EAClB,OAAO;IACH4E,QAAQ,EAAE5E,KAAK,CAAC4E,QAAQ,CAACA,QAAQ;IACjCE,OAAO,EAAE9E,KAAK,CAAC+E,IAAI,CAACD,OAAO;IAC3BE,KAAK,EAAEhF,KAAK,CAAC+E,IAAI,CAACC,KAAK;IACvBC,KAAK,EAAEjF,KAAK,CAAC+E,IAAI,CAACG,YAAY;IAC9B5B,eAAe,EAAEtD,KAAK,CAAC+E,IAAI,CAACG,YAAY,IAAI,IAAI;IAChDC,gBAAgB,EAAEnF,KAAK,CAAC+E,IAAI,CAACI;EACjC,CAAC;AACL,CAAC;AACD,MAAMC,kBAAkB,GAAGC,QAAQ,IAAI;EACnC,OAAO;IACHC,KAAK,EAAEA,CAACC,KAAK,EAAEC,QAAQ,KAAKH,QAAQ,CAAC9F,OAAO,CAAC+F,KAAK,CAACC,KAAK,EAAEC,QAAQ,CAAC,CAAC;IACpEC,mBAAmB,EAAEA,CAAA,KAAMJ,QAAQ,CAAC9F,OAAO,CAACkG,mBAAmB,CAAC,GAAG,CAAC,CAAC;IACrE7F,YAAY,EAAEA,CAAA,KAAMyF,QAAQ,CAAC9F,OAAO,CAACK,YAAY,CAAC,CAAC,CAAC;IACpDsD,oBAAoB,EAAGwC,iBAAiB,IAAKL,QAAQ,CAAC9F,OAAO,CAAC2D,oBAAoB,CAACwC,iBAAiB,CAAC,CAAC;IACtGvC,mBAAmB,EAAEA,CAAA,KAAMkC,QAAQ,CAAC9F,OAAO,CAAC4D,mBAAmB,CAAC,CAAC,CAAC;IAClEtD,mBAAmB,EAACA,CAAA,KAAIwF,QAAQ,CAAC9F,OAAO,CAACM,mBAAmB,CAAC,CAAC;EAClE,CAAC;AACL,CAAC;AAED,eAAeR,OAAO,CAACwF,eAAe,EAAEO,kBAAkB,CAAC,CAAC3F,gBAAgB,CAAC"},"targets":{},"cloneInputAst":true,"browserslistConfigFile":false,"passPerPreset":false,"envName":"development","cwd":"/home/ani/Mergerware_assignment/Mererware_meteor/Mergerware_loanify","root":"/home/ani/Mergerware_assignment/Mererware_meteor/Mergerware_loanify","rootMode":"root","plugins":[{"key":"base$0","visitor":{"_exploded":true,"_verified":true},"options":{},"externalDependencies":[]},{"key":"base$0$0","visitor":{"Program":{"enter":[null],"exit":[null]},"_exploded":true,"_verified":true},"options":{"avoidModernSyntax":true,"enforceStrictMode":false,"dynamicImport":true},"externalDependencies":[]},{"key":"transform-runtime","visitor":{"MemberExpression":{"enter":[null]},"ObjectPattern":{"enter":[null]},"BinaryExpression":{"enter":[null]},"Identifier":{"enter":[null]},"JSXIdentifier":{"enter":[null]},"_exploded":true,"_verified":true},"options":{"version":"7.17.2","helpers":true,"useESModules":false,"corejs":false},"externalDependencies":[]},{"key":"proposal-class-properties","visitor":{"ExportDefaultDeclaration":{"enter":[null]},"_exploded":true,"_verified":true,"ClassExpression":{"enter":[null]},"ClassDeclaration":{"enter":[null]}},"options":{"loose":true},"externalDependencies":[]},{"key":"base$0$3","visitor":{"FunctionExpression":{"exit":[null]},"_exploded":true,"_verified":true},"options":{},"externalDependencies":[]},{"key":"base$0$4","visitor":{"ForInStatement":{"enter":[null]},"_exploded":true,"_verified":true},"options":{},"externalDependencies":[]},{"key":"transform-react-jsx","visitor":{"JSXNamespacedName":{"enter":[null]},"JSXSpreadChild":{"enter":[null]},"Program":{"enter":[null]},"JSXFragment":{"exit":[null]},"JSXElement":{"exit":[null]},"JSXAttribute":{"enter":[null]},"_exploded":true,"_verified":true},"options":{"pragma":"React.createElement","pragmaFrag":"React.Fragment","runtime":"classic","throwIfNamespace":true,"useBuiltIns":false},"externalDependencies":[]},{"key":"transform-react-display-name","visitor":{"ExportDefaultDeclaration":{"enter":[null]},"CallExpression":{"enter":[null]},"_exploded":true,"_verified":true},"options":{},"externalDependencies":[]},{"key":"transform-react-pure-annotations","visitor":{"CallExpression":{"enter":[null]},"_exploded":true,"_verified":true},"options":{},"externalDependencies":[]},{"key":"syntax-nullish-coalescing-operator","visitor":{"_exploded":true,"_verified":true},"options":{},"externalDependencies":[]},{"key":"proposal-nullish-coalescing-operator","visitor":{"LogicalExpression":{"enter":[null]},"_exploded":true,"_verified":true},"options":{},"externalDependencies":[]},{"key":"syntax-optional-chaining","visitor":{"_exploded":true,"_verified":true},"options":{},"externalDependencies":[]},{"key":"proposal-optional-chaining","visitor":{"OptionalCallExpression":{"enter":[null]},"OptionalMemberExpression":{"enter":[null]},"_exploded":true,"_verified":true},"options":{},"externalDependencies":[]},{"key":"syntax-optional-catch-binding","visitor":{"_exploded":true,"_verified":true},"options":{},"externalDependencies":[]},{"key":"proposal-optional-catch-binding","visitor":{"CatchClause":{"enter":[null]},"_exploded":true,"_verified":true},"options":{},"externalDependencies":[]},{"key":"syntax-class-properties","visitor":{"_exploded":true,"_verified":true},"options":{},"externalDependencies":[]},{"key":"proposal-class-properties","visitor":{"ExportDefaultDeclaration":{"enter":[null]},"_exploded":true,"_verified":true,"ClassExpression":{"enter":[null]},"ClassDeclaration":{"enter":[null]}},"options":{},"externalDependencies":[]},{"key":"syntax-async-generators","visitor":{"_exploded":true,"_verified":true},"options":{},"externalDependencies":[]},{"key":"proposal-async-generator-functions","visitor":{"Program":{"enter":[null]},"_exploded":true,"_verified":true},"options":{},"externalDependencies":[]},{"key":"syntax-object-rest-spread","visitor":{"_exploded":true,"_verified":true},"options":{},"externalDependencies":[]},{"key":"proposal-object-rest-spread","visitor":{"VariableDeclarator":{"enter":[null]},"ExportNamedDeclaration":{"enter":[null]},"CatchClause":{"enter":[null]},"AssignmentExpression":{"enter":[null]},"ArrayPattern":{"enter":[null]},"ObjectExpression":{"enter":[null]},"FunctionDeclaration":{"enter":[null]},"FunctionExpression":{"enter":[null]},"ObjectMethod":{"enter":[null]},"ArrowFunctionExpression":{"enter":[null]},"ClassMethod":{"enter":[null]},"ClassPrivateMethod":{"enter":[null]},"ForInStatement":{"enter":[null]},"ForOfStatement":{"enter":[null]},"_exploded":true,"_verified":true},"options":{},"externalDependencies":[]},{"key":"proposal-logical-assignment-operators","visitor":{"AssignmentExpression":{"enter":[null]},"_exploded":true,"_verified":true},"options":{},"externalDependencies":[]},{"key":"transform-arrow-functions","visitor":{"ArrowFunctionExpression":{"enter":[null]},"_exploded":true,"_verified":true},"options":{},"externalDependencies":[]},{"key":"transform-block-scoped-functions","visitor":{"BlockStatement":{"enter":[null]},"SwitchCase":{"enter":[null]},"_exploded":true,"_verified":true},"options":{},"externalDependencies":[]},{"key":"transform-block-scoping","visitor":{"VariableDeclaration":{"enter":[null,null]},"BlockStatement":{"enter":[null]},"SwitchCase":{"enter":[null]},"ClassDeclaration":{"enter":[null]},"DoWhileStatement":{"enter":[null]},"ForInStatement":{"enter":[null]},"ForStatement":{"enter":[null]},"WhileStatement":{"enter":[null]},"ForOfStatement":{"enter":[null]},"_exploded":true,"_verified":true},"options":{},"externalDependencies":[]},{"key":"transform-classes","visitor":{"ExportDefaultDeclaration":{"enter":[null]},"ClassDeclaration":{"enter":[null]},"ClassExpression":{"enter":[null]},"_exploded":true,"_verified":true},"options":{"loose":true},"externalDependencies":[]},{"key":"transform-computed-properties","visitor":{"ObjectExpression":{"exit":[null]},"_exploded":true,"_verified":true},"options":{"loose":true},"externalDependencies":[]},{"key":"transform-destructuring","visitor":{"ExportNamedDeclaration":{"enter":[null]},"CatchClause":{"enter":[null]},"AssignmentExpression":{"enter":[null]},"VariableDeclaration":{"enter":[null]},"_exploded":true,"_verified":true,"ForInStatement":{"enter":[null]},"ForOfStatement":{"enter":[null]}},"options":{},"externalDependencies":[]},{"key":"transform-for-of","visitor":{"ForOfStatement":{"enter":[null]},"_exploded":true,"_verified":true},"options":{"loose":true},"externalDependencies":[]},{"key":"transform-literals","visitor":{"NumericLiteral":{"enter":[null]},"StringLiteral":{"enter":[null]},"_exploded":true,"_verified":true},"options":{},"externalDependencies":[]},{"key":"transform-object-super","visitor":{"ObjectExpression":{"enter":[null]},"_exploded":true,"_verified":true,"DoWhileStatement":{"exit":[null]},"ForInStatement":{"exit":[null]},"ForStatement":{"exit":[null]},"WhileStatement":{"exit":[null]},"ForOfStatement":{"exit":[null]}},"options":{},"externalDependencies":[]},{"key":"transform-parameters","visitor":{"_exploded":true,"_verified":true,"FunctionDeclaration":{"enter":[null]},"FunctionExpression":{"enter":[null]},"ObjectMethod":{"enter":[null]},"ArrowFunctionExpression":{"enter":[null]},"ClassMethod":{"enter":[null]},"ClassPrivateMethod":{"enter":[null]}},"options":{},"externalDependencies":[]},{"key":"transform-shorthand-properties","visitor":{"ObjectMethod":{"enter":[null]},"ObjectProperty":{"enter":[null]},"_exploded":true,"_verified":true},"options":{},"externalDependencies":[]},{"key":"transform-spread","visitor":{"ArrayExpression":{"enter":[null]},"CallExpression":{"enter":[null]},"NewExpression":{"enter":[null]},"_exploded":true,"_verified":true},"options":{},"externalDependencies":[]},{"key":"transform-sticky-regex","visitor":{"RegExpLiteral":{"enter":[null]},"_exploded":true,"_verified":true},"options":{},"externalDependencies":[]},{"key":"transform-template-literals","visitor":{"TaggedTemplateExpression":{"enter":[null]},"TemplateLiteral":{"enter":[null]},"_exploded":true,"_verified":true},"options":{"loose":true},"externalDependencies":[]},{"key":"transform-typeof-symbol","visitor":{"UnaryExpression":{"enter":[null]},"_exploded":true,"_verified":true,"BlockStatement":{"enter":[null]},"CatchClause":{"enter":[null]},"DoWhileStatement":{"enter":[null]},"ForInStatement":{"enter":[null]},"ForStatement":{"enter":[null]},"FunctionDeclaration":{"enter":[null]},"FunctionExpression":{"enter":[null]},"Program":{"enter":[null]},"ObjectMethod":{"enter":[null]},"SwitchStatement":{"enter":[null]},"WhileStatement":{"enter":[null]},"ArrowFunctionExpression":{"enter":[null]},"ClassExpression":{"enter":[null]},"ClassDeclaration":{"enter":[null]},"ForOfStatement":{"enter":[null]},"ClassMethod":{"enter":[null]},"ClassPrivateMethod":{"enter":[null]},"StaticBlock":{"enter":[null]},"TSModuleBlock":{"enter":[null]},"AssignmentPattern":{"enter":[null]},"ArrayPattern":{"enter":[null]},"ObjectPattern":{"enter":[null]}},"options":{},"externalDependencies":[]},{"key":"transform-unicode-regex","visitor":{"RegExpLiteral":{"enter":[null]},"_exploded":true,"_verified":true},"options":{},"externalDependencies":[]},{"key":"transform-property-literals","visitor":{"ObjectProperty":{"exit":[null]},"_exploded":true,"_verified":true},"options":{},"externalDependencies":[]},{"key":"transform-exponentiation-operator","visitor":{"AssignmentExpression":{"enter":[null]},"BinaryExpression":{"enter":[null]},"_exploded":true,"_verified":true},"options":{},"externalDependencies":[]},{"key":"transform-regenerator","visitor":{"ObjectMethod":{"enter":[null],"exit":[null]},"ClassMethod":{"enter":[null],"exit":[null]},"ClassPrivateMethod":{"enter":[null],"exit":[null]},"FunctionDeclaration":{"exit":[null]},"FunctionExpression":{"exit":[null]},"ArrowFunctionExpression":{"exit":[null]},"MemberExpression":{"enter":[null]},"_exploded":true,"_verified":true},"options":{},"externalDependencies":[]}],"presets":[],"generatorOpts":{"filename":"/home/ani/Mergerware_assignment/Mererware_meteor/Mergerware_loanify/imports/ui/components/AccountsOverview/AccountsOverview.js","comments":true,"compact":false,"sourceMaps":true,"sourceFileName":"imports/ui/components/AccountsOverview/AccountsOverview.js","inputSourceMap":{"version":3,"names":["React","Component","Row","Col","Select","Table","Button","Input","Icon","connect","Redirect","actions","Highlighter","AccountsOverview","componentDidMount","props","initAccounts","initGeneralSettings","console","log","state","goToAccountDetails","searchText","searchedColumn","getByPath","obj","path","def","replace","split","forEach","level","undefined","getColumnSearchProps","dataIndex","filterDropdown","setSelectedKeys","selectedKeys","confirm","clearFilters","padding","node","searchInput","e","target","value","handleSearch","width","marginBottom","display","marginRight","handleReset","filterIcon","filtered","color","onFilter","record","toString","toLowerCase","includes","onFilterDropdownVisibleChange","visible","setTimeout","select","render","text","backgroundColor","setState","onRowClick","currAccountId","setSelectedAccountId","unsetSelectedLoanId","accountDetailsRedirect","authRedirect","isAuthenticated","columns","title","key","defaultSortOrder","sorter","a","b","account_id_card","length","account_name","account_phone_no","type","nf","Intl","NumberFormat","cms","format","mvr_loan_amount","mvr_balance_due","usd_loan_amount","usd_balance_due","accounts","mapStateToProps","loading","auth","error","token","access_token","authRedirectPath","mapDispatchToProps","dispatch","login","email","password","setAuthRedirectPath","selectedAccountId"],"sources":["imports/ui/components/AccountsOverview/AccountsOverview.js"],"sourcesContent":["import React, { Component } from 'react';\nimport { Row, Col, Select, Table, Button, Input, Icon } from 'antd';\nimport { connect } from 'react-redux';\nimport { Redirect } from 'react-router';\nimport * as actions from '../../store/actions/index';\nimport Highlighter from 'react-highlight-words';\n\nclass AccountsOverview extends Component {\n    componentDidMount() {\n        this.props.initAccounts();\n        this.props.initGeneralSettings();\n        console.log(\"initAccounts\");\n    }\n\n    state = {\n        goToAccountDetails: false,\n        searchText: '',\n        searchedColumn: ''\n    }\n\n    // Search Start\n    getByPath = function(obj, path, def) {\n        path = path\n            .replace(/\\[/g, '.')\n            .replace(/]/g, '')\n            .split('.');\n        path.forEach(function (level) {\n            obj = obj[level];\n        });\n        if (obj === undefined) {\n            return def;\n        }\n        return obj;\n    };\n\n    getColumnSearchProps = dataIndex => ({\n        filterDropdown: ({ setSelectedKeys, selectedKeys, confirm, clearFilters }) => (\n            <div style={{ padding: 8 }}>\n                <Input\n                    ref={node => {\n                        this.searchInput = node;\n                    }}\n                    placeholder={`Search ${dataIndex}`}\n                    value={selectedKeys[0]}\n                    onChange={e => setSelectedKeys(e.target.value ? [e.target.value] : [])}\n                    onPressEnter={() => this.handleSearch(selectedKeys, confirm, dataIndex)}\n                    style={{ width: 188, marginBottom: 8, display: 'block' }}\n                />\n                <Button\n                    type=\"primary\"\n                    onClick={() => this.handleSearch(selectedKeys, confirm, dataIndex)}\n                    icon=\"search\"\n                    size=\"small\"\n                    style={{ width: 90, marginRight: 8 }}\n                >\n                    Search\n                </Button>\n                <Button onClick={() => this.handleReset(clearFilters)} size=\"small\" style={{ width: 90 }}>\n                    Reset\n                </Button>\n            </div>\n        ),\n        filterIcon: filtered => (\n            <Icon type=\"search\" style={{ color: filtered ? '#1890ff' : undefined }} />\n        ),\n        onFilter: (value, record) =>\n            this.getByPath(record,dataIndex)\n                .toString()\n                .toLowerCase()\n                .includes(value.toLowerCase()),\n        onFilterDropdownVisibleChange: visible => {\n            if (visible) {\n                setTimeout(() => this.searchInput.select());\n            }\n        },\n        render: text => (\n            (this.state.searchedColumn === dataIndex) ?\n            <Highlighter\n                highlightStyle={{ backgroundColor: '#ffc069', padding: 0 }}\n                searchWords={[this.state.searchText]}\n                autoEscape\n                textToHighlight={text.toString()}\n            />\n            : text\n        ),\n    });\n\n    handleSearch = (selectedKeys, confirm, dataIndex) => {\n        confirm();\n        this.setState({ \n            searchText: selectedKeys[0],\n            searchedColumn: dataIndex,\n        });\n    };\n\n    handleReset = clearFilters => {\n        clearFilters();\n        this.setState({ searchText: '' });\n    };\n    // Search End\n\n\n    onRowClick = (record) => {\n        console.log(\"onrowclick\", record)\n        let currAccountId = record['id'];\n        this.props.setSelectedAccountId(currAccountId);\n        this.props.unsetSelectedLoanId();\n        this.setState({\n            goToAccountDetails: true\n        })\n    }\n\n    render() {\n        let accountDetailsRedirect = null;\n        let authRedirect = null;\n        if (!this.props.isAuthenticated) {\n            authRedirect = <Redirect to=\"/login\" />\n        }\n\n        if (this.state.goToAccountDetails === true) {\n            accountDetailsRedirect = <Redirect push={true} to=\"/account/details\" />\n        }\n        else {\n            accountDetailsRedirect = null;\n        }\n\n        const columns = [\n            {\n                title: 'ID Card',\n                dataIndex: 'account_id_card',\n                key: 'account_id_card',\n                ...this.getColumnSearchProps('account_id_card'),\n                defaultSortOrder: 'descend',\n                sorter: (a, b) => a.account_id_card.length - b.account_id_card.length,\n            },\n            {\n                title: 'Name',\n                dataIndex: 'account_name',\n                key: 'account_name',\n                ...this.getColumnSearchProps('account_name'),\n                defaultSortOrder: 'descend',\n                sorter: (a, b) => a.account_name.length - b.account_name.length,\n\n            },\n            {\n                title: 'Phone no',\n                dataIndex: 'account_phone_no',\n                key: 'account_phone_no',\n                ...this.getColumnSearchProps('account_phone_no'),\n                defaultSortOrder: 'descend',\n                sorter: (a, b) => a.account_phone_no - b.account_phone_no\n            },\n            {\n                title: 'Type',\n                dataIndex: 'type',\n                key: 'type',\n                render:(value,record)=>{\n                    if(value==0){\n                        return \"Orgnization\";\n                    }\n                    else {\n                        return \"Individual\";\n                    }\n                },\n                defaultSortOrder: 'descend',\n                sorter: (a, b) => a.type.length - b.type.length\n            },\n            {\n                title: 'Amount Issued (MVR)',\n                dataIndex: 'mvr_loan_amount',\n                key: 'mvr_loan_amount',\n                render:(text,record)=>{\n                    var nf = new Intl.NumberFormat();\n                    let cms = nf.format(text);\n                    return <span>{cms}</span>;\n                },\n                defaultSortOrder: 'descend',\n                sorter: (a, b) => a.mvr_loan_amount - b.mvr_loan_amount\n            },\n            {\n                title: 'Balance Due (MVR)',\n                dataIndex: 'mvr_balance_due',\n                key: 'mvr_balance_due',\n                render:(text,record)=>{\n                    var nf = new Intl.NumberFormat();\n                    let cms = nf.format(text);\n                    return <span>{cms}</span>;\n                },\n                defaultSortOrder: 'descend',\n                sorter: (a, b) => a.mvr_balance_due - b.mvr_balance_due\n            },\n            {\n                title: 'Amount Issued (USD)',\n                dataIndex: 'usd_loan_amount',\n                key: 'usd_loan_amount',\n                render:(text,record)=>{\n                    var nf = new Intl.NumberFormat();\n                    let cms = nf.format(text);\n                    return <span>{cms}</span>;\n                },\n                defaultSortOrder: 'descend',\n                sorter: (a, b) => a.usd_loan_amount - b.usd_loan_amount\n            },\n            {\n                title: 'Balance Due (USD)',\n                dataIndex: 'usd_balance_due',\n                key: 'usd_balance_due',\n                render:(text,record)=>{\n                    var nf = new Intl.NumberFormat();\n                    let cms = nf.format(text);\n                    return <span>{cms}</span>;\n                },\n                defaultSortOrder: 'descend',\n                sorter: (a, b) => a.usd_balance_due - b.usd_balance_due\n            },\n            {\n                title: 'View',\n                dataIndex: 'id',\n                render: (text, record) =>\n                    <Button shape=\"circle\" icon=\"select\"\n                        onClick={() => this.onRowClick(record)}\n                    />\n            },\n\n\n        ];\n        return (\n            < div >\n                {authRedirect}\n                {accountDetailsRedirect}\n                <Table\n                    dataSource={this.props.accounts}\n                    columns={columns}\n                />\n            </div >\n        );\n    }\n}\n\nconst mapStateToProps = state => {\n    console.log(state)\n    return {\n        accounts: state.accounts.accounts,\n        loading: state.auth.loading,\n        error: state.auth.error,\n        token: state.auth.access_token,\n        isAuthenticated: state.auth.access_token != null,\n        authRedirectPath: state.auth.authRedirectPath\n    }\n}\nconst mapDispatchToProps = dispatch => {\n    return {\n        login: (email, password) => dispatch(actions.login(email, password)),\n        setAuthRedirectPath: () => dispatch(actions.setAuthRedirectPath('/')),\n        initAccounts: () => dispatch(actions.initAccounts()),\n        setSelectedAccountId: (selectedAccountId) => dispatch(actions.setSelectedAccountId(selectedAccountId)),\n        unsetSelectedLoanId: () => dispatch(actions.unsetSelectedLoanId()),\n        initGeneralSettings:()=>dispatch(actions.initGeneralSettings())\n    }\n}\n\nexport default connect(mapStateToProps, mapDispatchToProps)(AccountsOverview);\n"],"mappings":";AAAA,OAAOA,KAAK,IAAIC,SAAS,QAAQ,OAAO;AACxC,SAASC,GAAG,EAAEC,GAAG,EAAEC,MAAM,EAAEC,KAAK,EAAEC,MAAM,EAAEC,KAAK,EAAEC,IAAI,QAAQ,MAAM;AACnE,SAASC,OAAO,QAAQ,aAAa;AACrC,SAASC,QAAQ,QAAQ,cAAc;AACvC,OAAO,KAAKC,OAAO,MAAM,2BAA2B;AACpD,OAAOC,WAAW,MAAM,uBAAuB;AAE/C,MAAMC,gBAAgB,SAASZ,SAAS,CAAC;EACrCa,iBAAiBA,CAAA,EAAG;IAChB,IAAI,CAACC,KAAK,CAACC,YAAY,CAAC,CAAC;IACzB,IAAI,CAACD,KAAK,CAACE,mBAAmB,CAAC,CAAC;IAChCC,OAAO,CAACC,GAAG,CAAC,cAAc,CAAC;EAC/B;EAEAC,KAAK,GAAG;IACJC,kBAAkB,EAAE,KAAK;IACzBC,UAAU,EAAE,EAAE;IACdC,cAAc,EAAE;EACpB,CAAC;;EAED;EACAC,SAAS,GAAG,SAAAA,CAASC,GAAG,EAAEC,IAAI,EAAEC,GAAG,EAAE;IACjCD,IAAI,GAAGA,IAAI,CACNE,OAAO,CAAC,KAAK,EAAE,GAAG,CAAC,CACnBA,OAAO,CAAC,IAAI,EAAE,EAAE,CAAC,CACjBC,KAAK,CAAC,GAAG,CAAC;IACfH,IAAI,CAACI,OAAO,CAAC,UAAUC,KAAK,EAAE;MAC1BN,GAAG,GAAGA,GAAG,CAACM,KAAK,CAAC;IACpB,CAAC,CAAC;IACF,IAAIN,GAAG,KAAKO,SAAS,EAAE;MACnB,OAAOL,GAAG;IACd;IACA,OAAOF,GAAG;EACd,CAAC;EAEDQ,oBAAoB,GAAGC,SAAS,KAAK;IACjCC,cAAc,EAAEA,CAAC;MAAEC,eAAe;MAAEC,YAAY;MAAEC,OAAO;MAAEC;IAAa,CAAC,KACrE,CAAC,GAAG,CAAC,KAAK,CAAC,CAAC;MAAEC,OAAO,EAAE;IAAE,CAAC,CAAC;AACvC,gBAAgB,CAAC,KAAK,CACF,GAAG,CAAC,CAACC,IAAI,IAAI;QACT,IAAI,CAACC,WAAW,GAAGD,IAAI;MAC3B,CAAC,CAAC,CACF,WAAW,CAAC,CAAE,UAASP,SAAU,EAAC,CAAC,CACnC,KAAK,CAAC,CAACG,YAAY,CAAC,CAAC,CAAC,CAAC,CACvB,QAAQ,CAAC,CAACM,CAAC,IAAIP,eAAe,CAACO,CAAC,CAACC,MAAM,CAACC,KAAK,GAAG,CAACF,CAAC,CAACC,MAAM,CAACC,KAAK,CAAC,GAAG,EAAE,CAAC,CAAC,CACvE,YAAY,CAAC,CAAC,MAAM,IAAI,CAACC,YAAY,CAACT,YAAY,EAAEC,OAAO,EAAEJ,SAAS,CAAC,CAAC,CACxE,KAAK,CAAC,CAAC;QAAEa,KAAK,EAAE,GAAG;QAAEC,YAAY,EAAE,CAAC;QAAEC,OAAO,EAAE;MAAQ,CAAC,CAAC;AAE7E,gBAAgB,CAAC,MAAM,CACH,IAAI,CAAC,SAAS,CACd,OAAO,CAAC,CAAC,MAAM,IAAI,CAACH,YAAY,CAACT,YAAY,EAAEC,OAAO,EAAEJ,SAAS,CAAC,CAAC,CACnE,IAAI,CAAC,QAAQ,CACb,IAAI,CAAC,OAAO,CACZ,KAAK,CAAC,CAAC;QAAEa,KAAK,EAAE,EAAE;QAAEG,WAAW,EAAE;MAAE,CAAC,CAAC;AAEzD;AACA,gBAAgB,EAAE,MAAM;AACxB,gBAAgB,CAAC,MAAM,CAAC,OAAO,CAAC,CAAC,MAAM,IAAI,CAACC,WAAW,CAACZ,YAAY,CAAC,CAAC,CAAC,IAAI,CAAC,OAAO,CAAC,KAAK,CAAC,CAAC;QAAEQ,KAAK,EAAE;MAAG,CAAC,CAAC;AACzG;AACA,gBAAgB,EAAE,MAAM;AACxB,YAAY,EAAE,GAAG,CACR;IACDK,UAAU,EAAEC,QAAQ,IAChB,CAAC,IAAI,CAAC,IAAI,CAAC,QAAQ,CAAC,KAAK,CAAC,CAAC;MAAEC,KAAK,EAAED,QAAQ,GAAG,SAAS,GAAGrB;IAAU,CAAC,CAAC,GAC1E;IACDuB,QAAQ,EAAEA,CAACV,KAAK,EAAEW,MAAM,KACpB,IAAI,CAAChC,SAAS,CAACgC,MAAM,EAACtB,SAAS,CAAC,CAC3BuB,QAAQ,CAAC,CAAC,CACVC,WAAW,CAAC,CAAC,CACbC,QAAQ,CAACd,KAAK,CAACa,WAAW,CAAC,CAAC,CAAC;IACtCE,6BAA6B,EAAEC,OAAO,IAAI;MACtC,IAAIA,OAAO,EAAE;QACTC,UAAU,CAAC,MAAM,IAAI,CAACpB,WAAW,CAACqB,MAAM,CAAC,CAAC,CAAC;MAC/C;IACJ,CAAC;IACDC,MAAM,EAAEC,IAAI,IACP,IAAI,CAAC7C,KAAK,CAACG,cAAc,KAAKW,SAAS,GACxC,CAAC,WAAW,CACR,cAAc,CAAC,CAAC;MAAEgC,eAAe,EAAE,SAAS;MAAE1B,OAAO,EAAE;IAAE,CAAC,CAAC,CAC3D,WAAW,CAAC,CAAC,CAAC,IAAI,CAACpB,KAAK,CAACE,UAAU,CAAC,CAAC,CACrC,UAAU,CACV,eAAe,CAAC,CAAC2C,IAAI,CAACR,QAAQ,CAAC,CAAC,CAAC,GACnC,GACAQ;EAEV,CAAC,CAAC;EAEFnB,YAAY,GAAGA,CAACT,YAAY,EAAEC,OAAO,EAAEJ,SAAS,KAAK;IACjDI,OAAO,CAAC,CAAC;IACT,IAAI,CAAC6B,QAAQ,CAAC;MACV7C,UAAU,EAAEe,YAAY,CAAC,CAAC,CAAC;MAC3Bd,cAAc,EAAEW;IACpB,CAAC,CAAC;EACN,CAAC;EAEDiB,WAAW,GAAGZ,YAAY,IAAI;IAC1BA,YAAY,CAAC,CAAC;IACd,IAAI,CAAC4B,QAAQ,CAAC;MAAE7C,UAAU,EAAE;IAAG,CAAC,CAAC;EACrC,CAAC;EACD;;EAGA8C,UAAU,GAAIZ,MAAM,IAAK;IACrBtC,OAAO,CAACC,GAAG,CAAC,YAAY,EAAEqC,MAAM,CAAC;IACjC,IAAIa,aAAa,GAAGb,MAAM,CAAC,IAAI,CAAC;IAChC,IAAI,CAACzC,KAAK,CAACuD,oBAAoB,CAACD,aAAa,CAAC;IAC9C,IAAI,CAACtD,KAAK,CAACwD,mBAAmB,CAAC,CAAC;IAChC,IAAI,CAACJ,QAAQ,CAAC;MACV9C,kBAAkB,EAAE;IACxB,CAAC,CAAC;EACN,CAAC;EAED2C,MAAMA,CAAA,EAAG;IACL,IAAIQ,sBAAsB,GAAG,IAAI;IACjC,IAAIC,YAAY,GAAG,IAAI;IACvB,IAAI,CAAC,IAAI,CAAC1D,KAAK,CAAC2D,eAAe,EAAE;MAC7BD,YAAY,GAAG,CAAC,QAAQ,CAAC,EAAE,CAAC,QAAQ,GAAG;IAC3C;IAEA,IAAI,IAAI,CAACrD,KAAK,CAACC,kBAAkB,KAAK,IAAI,EAAE;MACxCmD,sBAAsB,GAAG,CAAC,QAAQ,CAAC,IAAI,CAAC,CAAC,IAAI,CAAC,CAAC,EAAE,CAAC,kBAAkB,GAAG;IAC3E,CAAC,MACI;MACDA,sBAAsB,GAAG,IAAI;IACjC;IAEA,MAAMG,OAAO,GAAG,CACZ;MACIC,KAAK,EAAE,SAAS;MAChB1C,SAAS,EAAE,iBAAiB;MAC5B2C,GAAG,EAAE,iBAAiB;MACtB,GAAG,IAAI,CAAC5C,oBAAoB,CAAC,iBAAiB,CAAC;MAC/C6C,gBAAgB,EAAE,SAAS;MAC3BC,MAAM,EAAEA,CAACC,CAAC,EAAEC,CAAC,KAAKD,CAAC,CAACE,eAAe,CAACC,MAAM,GAAGF,CAAC,CAACC,eAAe,CAACC;IACnE,CAAC,EACD;MACIP,KAAK,EAAE,MAAM;MACb1C,SAAS,EAAE,cAAc;MACzB2C,GAAG,EAAE,cAAc;MACnB,GAAG,IAAI,CAAC5C,oBAAoB,CAAC,cAAc,CAAC;MAC5C6C,gBAAgB,EAAE,SAAS;MAC3BC,MAAM,EAAEA,CAACC,CAAC,EAAEC,CAAC,KAAKD,CAAC,CAACI,YAAY,CAACD,MAAM,GAAGF,CAAC,CAACG,YAAY,CAACD;IAE7D,CAAC,EACD;MACIP,KAAK,EAAE,UAAU;MACjB1C,SAAS,EAAE,kBAAkB;MAC7B2C,GAAG,EAAE,kBAAkB;MACvB,GAAG,IAAI,CAAC5C,oBAAoB,CAAC,kBAAkB,CAAC;MAChD6C,gBAAgB,EAAE,SAAS;MAC3BC,MAAM,EAAEA,CAACC,CAAC,EAAEC,CAAC,KAAKD,CAAC,CAACK,gBAAgB,GAAGJ,CAAC,CAACI;IAC7C,CAAC,EACD;MACIT,KAAK,EAAE,MAAM;MACb1C,SAAS,EAAE,MAAM;MACjB2C,GAAG,EAAE,MAAM;MACXb,MAAM,EAACA,CAACnB,KAAK,EAACW,MAAM,KAAG;QACnB,IAAGX,KAAK,IAAE,CAAC,EAAC;UACR,OAAO,aAAa;QACxB,CAAC,MACI;UACD,OAAO,YAAY;QACvB;MACJ,CAAC;MACDiC,gBAAgB,EAAE,SAAS;MAC3BC,MAAM,EAAEA,CAACC,CAAC,EAAEC,CAAC,KAAKD,CAAC,CAACM,IAAI,CAACH,MAAM,GAAGF,CAAC,CAACK,IAAI,CAACH;IAC7C,CAAC,EACD;MACIP,KAAK,EAAE,qBAAqB;MAC5B1C,SAAS,EAAE,iBAAiB;MAC5B2C,GAAG,EAAE,iBAAiB;MACtBb,MAAM,EAACA,CAACC,IAAI,EAACT,MAAM,KAAG;QAClB,IAAI+B,EAAE,GAAG,IAAIC,IAAI,CAACC,YAAY,CAAC,CAAC;QAChC,IAAIC,GAAG,GAAGH,EAAE,CAACI,MAAM,CAAC1B,IAAI,CAAC;QACzB,OAAO,CAAC,IAAI,CAAC,CAACyB,GAAG,CAAC,EAAE,IAAI,CAAC;MAC7B,CAAC;MACDZ,gBAAgB,EAAE,SAAS;MAC3BC,MAAM,EAAEA,CAACC,CAAC,EAAEC,CAAC,KAAKD,CAAC,CAACY,eAAe,GAAGX,CAAC,CAACW;IAC5C,CAAC,EACD;MACIhB,KAAK,EAAE,mBAAmB;MAC1B1C,SAAS,EAAE,iBAAiB;MAC5B2C,GAAG,EAAE,iBAAiB;MACtBb,MAAM,EAACA,CAACC,IAAI,EAACT,MAAM,KAAG;QAClB,IAAI+B,EAAE,GAAG,IAAIC,IAAI,CAACC,YAAY,CAAC,CAAC;QAChC,IAAIC,GAAG,GAAGH,EAAE,CAACI,MAAM,CAAC1B,IAAI,CAAC;QACzB,OAAO,CAAC,IAAI,CAAC,CAACyB,GAAG,CAAC,EAAE,IAAI,CAAC;MAC7B,CAAC;MACDZ,gBAAgB,EAAE,SAAS;MAC3BC,MAAM,EAAEA,CAACC,CAAC,EAAEC,CAAC,KAAKD,CAAC,CAACa,eAAe,GAAGZ,CAAC,CAACY;IAC5C,CAAC,EACD;MACIjB,KAAK,EAAE,qBAAqB;MAC5B1C,SAAS,EAAE,iBAAiB;MAC5B2C,GAAG,EAAE,iBAAiB;MACtBb,MAAM,EAACA,CAACC,IAAI,EAACT,MAAM,KAAG;QAClB,IAAI+B,EAAE,GAAG,IAAIC,IAAI,CAACC,YAAY,CAAC,CAAC;QAChC,IAAIC,GAAG,GAAGH,EAAE,CAACI,MAAM,CAAC1B,IAAI,CAAC;QACzB,OAAO,CAAC,IAAI,CAAC,CAACyB,GAAG,CAAC,EAAE,IAAI,CAAC;MAC7B,CAAC;MACDZ,gBAAgB,EAAE,SAAS;MAC3BC,MAAM,EAAEA,CAACC,CAAC,EAAEC,CAAC,KAAKD,CAAC,CAACc,eAAe,GAAGb,CAAC,CAACa;IAC5C,CAAC,EACD;MACIlB,KAAK,EAAE,mBAAmB;MAC1B1C,SAAS,EAAE,iBAAiB;MAC5B2C,GAAG,EAAE,iBAAiB;MACtBb,MAAM,EAACA,CAACC,IAAI,EAACT,MAAM,KAAG;QAClB,IAAI+B,EAAE,GAAG,IAAIC,IAAI,CAACC,YAAY,CAAC,CAAC;QAChC,IAAIC,GAAG,GAAGH,EAAE,CAACI,MAAM,CAAC1B,IAAI,CAAC;QACzB,OAAO,CAAC,IAAI,CAAC,CAACyB,GAAG,CAAC,EAAE,IAAI,CAAC;MAC7B,CAAC;MACDZ,gBAAgB,EAAE,SAAS;MAC3BC,MAAM,EAAEA,CAACC,CAAC,EAAEC,CAAC,KAAKD,CAAC,CAACe,eAAe,GAAGd,CAAC,CAACc;IAC5C,CAAC,EACD;MACInB,KAAK,EAAE,MAAM;MACb1C,SAAS,EAAE,IAAI;MACf8B,MAAM,EAAEA,CAACC,IAAI,EAAET,MAAM,KACjB,CAAC,MAAM,CAAC,KAAK,CAAC,QAAQ,CAAC,IAAI,CAAC,QAAQ,CAChC,OAAO,CAAC,CAAC,MAAM,IAAI,CAACY,UAAU,CAACZ,MAAM,CAAC,CAAC;IAEnD,CAAC,CAGJ;IACD,OACI,CAAE,GAAG;AACjB,gBAAgB,CAACiB,YAAY;AAC7B,gBAAgB,CAACD,sBAAsB;AACvC,gBAAgB,CAAC,KAAK,CACF,UAAU,CAAC,CAAC,IAAI,CAACzD,KAAK,CAACiF,QAAQ,CAAC,CAChC,OAAO,CAAC,CAACrB,OAAO,CAAC;AAErC,YAAY,EAAE,GAAG,CAAE;EAEf;AACJ;AAEA,MAAMsB,eAAe,GAAG7E,KAAK,IAAI;EAC7BF,OAAO,CAACC,GAAG,CAACC,KAAK,CAAC;EAClB,OAAO;IACH4E,QAAQ,EAAE5E,KAAK,CAAC4E,QAAQ,CAACA,QAAQ;IACjCE,OAAO,EAAE9E,KAAK,CAAC+E,IAAI,CAACD,OAAO;IAC3BE,KAAK,EAAEhF,KAAK,CAAC+E,IAAI,CAACC,KAAK;IACvBC,KAAK,EAAEjF,KAAK,CAAC+E,IAAI,CAACG,YAAY;IAC9B5B,eAAe,EAAEtD,KAAK,CAAC+E,IAAI,CAACG,YAAY,IAAI,IAAI;IAChDC,gBAAgB,EAAEnF,KAAK,CAAC+E,IAAI,CAACI;EACjC,CAAC;AACL,CAAC;AACD,MAAMC,kBAAkB,GAAGC,QAAQ,IAAI;EACnC,OAAO;IACHC,KAAK,EAAEA,CAACC,KAAK,EAAEC,QAAQ,KAAKH,QAAQ,CAAC9F,OAAO,CAAC+F,KAAK,CAACC,KAAK,EAAEC,QAAQ,CAAC,CAAC;IACpEC,mBAAmB,EAAEA,CAAA,KAAMJ,QAAQ,CAAC9F,OAAO,CAACkG,mBAAmB,CAAC,GAAG,CAAC,CAAC;IACrE7F,YAAY,EAAEA,CAAA,KAAMyF,QAAQ,CAAC9F,OAAO,CAACK,YAAY,CAAC,CAAC,CAAC;IACpDsD,oBAAoB,EAAGwC,iBAAiB,IAAKL,QAAQ,CAAC9F,OAAO,CAAC2D,oBAAoB,CAACwC,iBAAiB,CAAC,CAAC;IACtGvC,mBAAmB,EAAEA,CAAA,KAAMkC,QAAQ,CAAC9F,OAAO,CAAC4D,mBAAmB,CAAC,CAAC,CAAC;IAClEtD,mBAAmB,EAACA,CAAA,KAAIwF,QAAQ,CAAC9F,OAAO,CAACM,mBAAmB,CAAC,CAAC;EAClE,CAAC;AACL,CAAC;AAED,eAAeR,OAAO,CAACwF,eAAe,EAAEO,kBAAkB,CAAC,CAAC3F,gBAAgB,CAAC"}}},"code":"!function (module1) {\n  var _objectSpread;\n  module1.link(\"@babel/runtime/helpers/objectSpread2\", {\n    default: function (v) {\n      _objectSpread = v;\n    }\n  }, 0);\n  var _inheritsLoose;\n  module1.link(\"@babel/runtime/helpers/inheritsLoose\", {\n    default: function (v) {\n      _inheritsLoose = v;\n    }\n  }, 1);\n  var React, Component;\n  module1.link(\"react\", {\n    \"default\": function (v) {\n      React = v;\n    },\n    Component: function (v) {\n      Component = v;\n    }\n  }, 0);\n  var Row, Col, Select, Table, Button, Input, Icon;\n  module1.link(\"antd\", {\n    Row: function (v) {\n      Row = v;\n    },\n    Col: function (v) {\n      Col = v;\n    },\n    Select: function (v) {\n      Select = v;\n    },\n    Table: function (v) {\n      Table = v;\n    },\n    Button: function (v) {\n      Button = v;\n    },\n    Input: function (v) {\n      Input = v;\n    },\n    Icon: function (v) {\n      Icon = v;\n    }\n  }, 1);\n  var connect;\n  module1.link(\"react-redux\", {\n    connect: function (v) {\n      connect = v;\n    }\n  }, 2);\n  var Redirect;\n  module1.link(\"react-router\", {\n    Redirect: function (v) {\n      Redirect = v;\n    }\n  }, 3);\n  var actions;\n  module1.link(\"../../store/actions/index\", {\n    \"*\": function (v) {\n      actions = v;\n    }\n  }, 4);\n  var Highlighter;\n  module1.link(\"react-highlight-words\", {\n    \"default\": function (v) {\n      Highlighter = v;\n    }\n  }, 5);\n  ___INIT_METEOR_FAST_REFRESH(module);\n  var AccountsOverview = /*#__PURE__*/function (_Component) {\n    _inheritsLoose(AccountsOverview, _Component);\n    function AccountsOverview() {\n      var _this;\n      for (var _len = arguments.length, args = new Array(_len), _key = 0; _key < _len; _key++) {\n        args[_key] = arguments[_key];\n      }\n      _this = _Component.call.apply(_Component, [this].concat(args)) || this;\n      _this.state = {\n        goToAccountDetails: false,\n        searchText: '',\n        searchedColumn: ''\n      };\n      // Search Start\n      _this.getByPath = function (obj, path, def) {\n        path = path.replace(/\\[/g, '.').replace(/]/g, '').split('.');\n        path.forEach(function (level) {\n          obj = obj[level];\n        });\n        if (obj === undefined) {\n          return def;\n        }\n        return obj;\n      };\n      _this.getColumnSearchProps = function (dataIndex) {\n        return {\n          filterDropdown: function (_ref) {\n            var setSelectedKeys = _ref.setSelectedKeys,\n              selectedKeys = _ref.selectedKeys,\n              confirm = _ref.confirm,\n              clearFilters = _ref.clearFilters;\n            return /*#__PURE__*/React.createElement(\"div\", {\n              style: {\n                padding: 8\n              }\n            }, /*#__PURE__*/React.createElement(Input, {\n              ref: function (node) {\n                _this.searchInput = node;\n              },\n              placeholder: \"Search \" + dataIndex,\n              value: selectedKeys[0],\n              onChange: function (e) {\n                return setSelectedKeys(e.target.value ? [e.target.value] : []);\n              },\n              onPressEnter: function () {\n                return _this.handleSearch(selectedKeys, confirm, dataIndex);\n              },\n              style: {\n                width: 188,\n                marginBottom: 8,\n                display: 'block'\n              }\n            }), /*#__PURE__*/React.createElement(Button, {\n              type: \"primary\",\n              onClick: function () {\n                return _this.handleSearch(selectedKeys, confirm, dataIndex);\n              },\n              icon: \"search\",\n              size: \"small\",\n              style: {\n                width: 90,\n                marginRight: 8\n              }\n            }, \"Search\"), /*#__PURE__*/React.createElement(Button, {\n              onClick: function () {\n                return _this.handleReset(clearFilters);\n              },\n              size: \"small\",\n              style: {\n                width: 90\n              }\n            }, \"Reset\"));\n          },\n          filterIcon: function (filtered) {\n            return /*#__PURE__*/React.createElement(Icon, {\n              type: \"search\",\n              style: {\n                color: filtered ? '#1890ff' : undefined\n              }\n            });\n          },\n          onFilter: function (value, record) {\n            return _this.getByPath(record, dataIndex).toString().toLowerCase().includes(value.toLowerCase());\n          },\n          onFilterDropdownVisibleChange: function (visible) {\n            if (visible) {\n              setTimeout(function () {\n                return _this.searchInput.select();\n              });\n            }\n          },\n          render: function (text) {\n            return _this.state.searchedColumn === dataIndex ? /*#__PURE__*/React.createElement(Highlighter, {\n              highlightStyle: {\n                backgroundColor: '#ffc069',\n                padding: 0\n              },\n              searchWords: [_this.state.searchText],\n              autoEscape: true,\n              textToHighlight: text.toString()\n            }) : text;\n          }\n        };\n      };\n      _this.handleSearch = function (selectedKeys, confirm, dataIndex) {\n        confirm();\n        _this.setState({\n          searchText: selectedKeys[0],\n          searchedColumn: dataIndex\n        });\n      };\n      _this.handleReset = function (clearFilters) {\n        clearFilters();\n        _this.setState({\n          searchText: ''\n        });\n      };\n      // Search End\n      _this.onRowClick = function (record) {\n        console.log(\"onrowclick\", record);\n        var currAccountId = record['id'];\n        _this.props.setSelectedAccountId(currAccountId);\n        _this.props.unsetSelectedLoanId();\n        _this.setState({\n          goToAccountDetails: true\n        });\n      };\n      return _this;\n    }\n    var _proto = AccountsOverview.prototype;\n    _proto.componentDidMount = function () {\n      function componentDidMount() {\n        this.props.initAccounts();\n        this.props.initGeneralSettings();\n        console.log(\"initAccounts\");\n      }\n      return componentDidMount;\n    }();\n    _proto.render = function () {\n      function render() {\n        var _this2 = this;\n        var accountDetailsRedirect = null;\n        var authRedirect = null;\n        if (!this.props.isAuthenticated) {\n          authRedirect = /*#__PURE__*/React.createElement(Redirect, {\n            to: \"/login\"\n          });\n        }\n        if (this.state.goToAccountDetails === true) {\n          accountDetailsRedirect = /*#__PURE__*/React.createElement(Redirect, {\n            push: true,\n            to: \"/account/details\"\n          });\n        } else {\n          accountDetailsRedirect = null;\n        }\n        var columns = [_objectSpread(_objectSpread({\n          title: 'ID Card',\n          dataIndex: 'account_id_card',\n          key: 'account_id_card'\n        }, this.getColumnSearchProps('account_id_card')), {}, {\n          defaultSortOrder: 'descend',\n          sorter: function (a, b) {\n            return a.account_id_card.length - b.account_id_card.length;\n          }\n        }), _objectSpread(_objectSpread({\n          title: 'Name',\n          dataIndex: 'account_name',\n          key: 'account_name'\n        }, this.getColumnSearchProps('account_name')), {}, {\n          defaultSortOrder: 'descend',\n          sorter: function (a, b) {\n            return a.account_name.length - b.account_name.length;\n          }\n        }), _objectSpread(_objectSpread({\n          title: 'Phone no',\n          dataIndex: 'account_phone_no',\n          key: 'account_phone_no'\n        }, this.getColumnSearchProps('account_phone_no')), {}, {\n          defaultSortOrder: 'descend',\n          sorter: function (a, b) {\n            return a.account_phone_no - b.account_phone_no;\n          }\n        }), {\n          title: 'Type',\n          dataIndex: 'type',\n          key: 'type',\n          render: function (value, record) {\n            if (value == 0) {\n              return \"Orgnization\";\n            } else {\n              return \"Individual\";\n            }\n          },\n          defaultSortOrder: 'descend',\n          sorter: function (a, b) {\n            return a.type.length - b.type.length;\n          }\n        }, {\n          title: 'Amount Issued (MVR)',\n          dataIndex: 'mvr_loan_amount',\n          key: 'mvr_loan_amount',\n          render: function (text, record) {\n            var nf = new Intl.NumberFormat();\n            var cms = nf.format(text);\n            return /*#__PURE__*/React.createElement(\"span\", null, cms);\n          },\n          defaultSortOrder: 'descend',\n          sorter: function (a, b) {\n            return a.mvr_loan_amount - b.mvr_loan_amount;\n          }\n        }, {\n          title: 'Balance Due (MVR)',\n          dataIndex: 'mvr_balance_due',\n          key: 'mvr_balance_due',\n          render: function (text, record) {\n            var nf = new Intl.NumberFormat();\n            var cms = nf.format(text);\n            return /*#__PURE__*/React.createElement(\"span\", null, cms);\n          },\n          defaultSortOrder: 'descend',\n          sorter: function (a, b) {\n            return a.mvr_balance_due - b.mvr_balance_due;\n          }\n        }, {\n          title: 'Amount Issued (USD)',\n          dataIndex: 'usd_loan_amount',\n          key: 'usd_loan_amount',\n          render: function (text, record) {\n            var nf = new Intl.NumberFormat();\n            var cms = nf.format(text);\n            return /*#__PURE__*/React.createElement(\"span\", null, cms);\n          },\n          defaultSortOrder: 'descend',\n          sorter: function (a, b) {\n            return a.usd_loan_amount - b.usd_loan_amount;\n          }\n        }, {\n          title: 'Balance Due (USD)',\n          dataIndex: 'usd_balance_due',\n          key: 'usd_balance_due',\n          render: function (text, record) {\n            var nf = new Intl.NumberFormat();\n            var cms = nf.format(text);\n            return /*#__PURE__*/React.createElement(\"span\", null, cms);\n          },\n          defaultSortOrder: 'descend',\n          sorter: function (a, b) {\n            return a.usd_balance_due - b.usd_balance_due;\n          }\n        }, {\n          title: 'View',\n          dataIndex: 'id',\n          render: function (text, record) {\n            return /*#__PURE__*/React.createElement(Button, {\n              shape: \"circle\",\n              icon: \"select\",\n              onClick: function () {\n                return _this2.onRowClick(record);\n              }\n            });\n          }\n        }];\n        return /*#__PURE__*/React.createElement(\"div\", null, authRedirect, accountDetailsRedirect, /*#__PURE__*/React.createElement(Table, {\n          dataSource: this.props.accounts,\n          columns: columns\n        }));\n      }\n      return render;\n    }();\n    return AccountsOverview;\n  }(Component);\n  var mapStateToProps = function (state) {\n    console.log(state);\n    return {\n      accounts: state.accounts.accounts,\n      loading: state.auth.loading,\n      error: state.auth.error,\n      token: state.auth.access_token,\n      isAuthenticated: state.auth.access_token != null,\n      authRedirectPath: state.auth.authRedirectPath\n    };\n  };\n  var mapDispatchToProps = function (dispatch) {\n    return {\n      login: function (email, password) {\n        return dispatch(actions.login(email, password));\n      },\n      setAuthRedirectPath: function () {\n        return dispatch(actions.setAuthRedirectPath('/'));\n      },\n      initAccounts: function () {\n        return dispatch(actions.initAccounts());\n      },\n      setSelectedAccountId: function (selectedAccountId) {\n        return dispatch(actions.setSelectedAccountId(selectedAccountId));\n      },\n      unsetSelectedLoanId: function () {\n        return dispatch(actions.unsetSelectedLoanId());\n      },\n      initGeneralSettings: function () {\n        return dispatch(actions.initGeneralSettings());\n      }\n    };\n  };\n  module1.exportDefault(connect(mapStateToProps, mapDispatchToProps)(AccountsOverview));\n}.call(this, module);","map":{"version":3,"names":["AccountsOverview","_Component","_inheritsLoose","_this","_len","arguments","length","args","Array","_key","call","apply","concat","state","goToAccountDetails","searchText","searchedColumn","getByPath","obj","path","def","replace","split","forEach","level","undefined","getColumnSearchProps","dataIndex","filterDropdown","_ref","setSelectedKeys","selectedKeys","confirm","clearFilters","React","createElement","style","padding","Input","ref","node","searchInput","placeholder","value","onChange","e","target","onPressEnter","handleSearch","width","marginBottom","display","Button","type","onClick","icon","size","marginRight","handleReset","filterIcon","filtered","Icon","color","onFilter","record","toString","toLowerCase","includes","onFilterDropdownVisibleChange","visible","setTimeout","select","render","text","Highlighter","highlightStyle","backgroundColor","searchWords","autoEscape","textToHighlight","setState","onRowClick","console","log","currAccountId","props","setSelectedAccountId","unsetSelectedLoanId","_proto","prototype","componentDidMount","initAccounts","initGeneralSettings","_this2","accountDetailsRedirect","authRedirect","isAuthenticated","Redirect","to","push","columns","_objectSpread","title","key","defaultSortOrder","sorter","a","b","account_id_card","account_name","account_phone_no","nf","Intl","NumberFormat","cms","format","mvr_loan_amount","mvr_balance_due","usd_loan_amount","usd_balance_due","shape","Table","dataSource","accounts","Component","mapStateToProps","loading","auth","error","token","access_token","authRedirectPath","mapDispatchToProps","dispatch","login","email","password","actions","setAuthRedirectPath","selectedAccountId","connect"],"sources":["imports/ui/components/AccountsOverview/AccountsOverview.js"],"sourcesContent":["import React, { Component } from 'react';\nimport { Row, Col, Select, Table, Button, Input, Icon } from 'antd';\nimport { connect } from 'react-redux';\nimport { Redirect } from 'react-router';\nimport * as actions from '../../store/actions/index';\nimport Highlighter from 'react-highlight-words';\n\nclass AccountsOverview extends Component {\n    componentDidMount() {\n        this.props.initAccounts();\n        this.props.initGeneralSettings();\n        console.log(\"initAccounts\");\n    }\n\n    state = {\n        goToAccountDetails: false,\n        searchText: '',\n        searchedColumn: ''\n    }\n\n    // Search Start\n    getByPath = function(obj, path, def) {\n        path = path\n            .replace(/\\[/g, '.')\n            .replace(/]/g, '')\n            .split('.');\n        path.forEach(function (level) {\n            obj = obj[level];\n        });\n        if (obj === undefined) {\n            return def;\n        }\n        return obj;\n    };\n\n    getColumnSearchProps = dataIndex => ({\n        filterDropdown: ({ setSelectedKeys, selectedKeys, confirm, clearFilters }) => (\n            <div style={{ padding: 8 }}>\n                <Input\n                    ref={node => {\n                        this.searchInput = node;\n                    }}\n                    placeholder={`Search ${dataIndex}`}\n                    value={selectedKeys[0]}\n                    onChange={e => setSelectedKeys(e.target.value ? [e.target.value] : [])}\n                    onPressEnter={() => this.handleSearch(selectedKeys, confirm, dataIndex)}\n                    style={{ width: 188, marginBottom: 8, display: 'block' }}\n                />\n                <Button\n                    type=\"primary\"\n                    onClick={() => this.handleSearch(selectedKeys, confirm, dataIndex)}\n                    icon=\"search\"\n                    size=\"small\"\n                    style={{ width: 90, marginRight: 8 }}\n                >\n                    Search\n                </Button>\n                <Button onClick={() => this.handleReset(clearFilters)} size=\"small\" style={{ width: 90 }}>\n                    Reset\n                </Button>\n            </div>\n        ),\n        filterIcon: filtered => (\n            <Icon type=\"search\" style={{ color: filtered ? '#1890ff' : undefined }} />\n        ),\n        onFilter: (value, record) =>\n            this.getByPath(record,dataIndex)\n                .toString()\n                .toLowerCase()\n                .includes(value.toLowerCase()),\n        onFilterDropdownVisibleChange: visible => {\n            if (visible) {\n                setTimeout(() => this.searchInput.select());\n            }\n        },\n        render: text => (\n            (this.state.searchedColumn === dataIndex) ?\n            <Highlighter\n                highlightStyle={{ backgroundColor: '#ffc069', padding: 0 }}\n                searchWords={[this.state.searchText]}\n                autoEscape\n                textToHighlight={text.toString()}\n            />\n            : text\n        ),\n    });\n\n    handleSearch = (selectedKeys, confirm, dataIndex) => {\n        confirm();\n        this.setState({ \n            searchText: selectedKeys[0],\n            searchedColumn: dataIndex,\n        });\n    };\n\n    handleReset = clearFilters => {\n        clearFilters();\n        this.setState({ searchText: '' });\n    };\n    // Search End\n\n\n    onRowClick = (record) => {\n        console.log(\"onrowclick\", record)\n        let currAccountId = record['id'];\n        this.props.setSelectedAccountId(currAccountId);\n        this.props.unsetSelectedLoanId();\n        this.setState({\n            goToAccountDetails: true\n        })\n    }\n\n    render() {\n        let accountDetailsRedirect = null;\n        let authRedirect = null;\n        if (!this.props.isAuthenticated) {\n            authRedirect = <Redirect to=\"/login\" />\n        }\n\n        if (this.state.goToAccountDetails === true) {\n            accountDetailsRedirect = <Redirect push={true} to=\"/account/details\" />\n        }\n        else {\n            accountDetailsRedirect = null;\n        }\n\n        const columns = [\n            {\n                title: 'ID Card',\n                dataIndex: 'account_id_card',\n                key: 'account_id_card',\n                ...this.getColumnSearchProps('account_id_card'),\n                defaultSortOrder: 'descend',\n                sorter: (a, b) => a.account_id_card.length - b.account_id_card.length,\n            },\n            {\n                title: 'Name',\n                dataIndex: 'account_name',\n                key: 'account_name',\n                ...this.getColumnSearchProps('account_name'),\n                defaultSortOrder: 'descend',\n                sorter: (a, b) => a.account_name.length - b.account_name.length,\n\n            },\n            {\n                title: 'Phone no',\n                dataIndex: 'account_phone_no',\n                key: 'account_phone_no',\n                ...this.getColumnSearchProps('account_phone_no'),\n                defaultSortOrder: 'descend',\n                sorter: (a, b) => a.account_phone_no - b.account_phone_no\n            },\n            {\n                title: 'Type',\n                dataIndex: 'type',\n                key: 'type',\n                render:(value,record)=>{\n                    if(value==0){\n                        return \"Orgnization\";\n                    }\n                    else {\n                        return \"Individual\";\n                    }\n                },\n                defaultSortOrder: 'descend',\n                sorter: (a, b) => a.type.length - b.type.length\n            },\n            {\n                title: 'Amount Issued (MVR)',\n                dataIndex: 'mvr_loan_amount',\n                key: 'mvr_loan_amount',\n                render:(text,record)=>{\n                    var nf = new Intl.NumberFormat();\n                    let cms = nf.format(text);\n                    return <span>{cms}</span>;\n                },\n                defaultSortOrder: 'descend',\n                sorter: (a, b) => a.mvr_loan_amount - b.mvr_loan_amount\n            },\n            {\n                title: 'Balance Due (MVR)',\n                dataIndex: 'mvr_balance_due',\n                key: 'mvr_balance_due',\n                render:(text,record)=>{\n                    var nf = new Intl.NumberFormat();\n                    let cms = nf.format(text);\n                    return <span>{cms}</span>;\n                },\n                defaultSortOrder: 'descend',\n                sorter: (a, b) => a.mvr_balance_due - b.mvr_balance_due\n            },\n            {\n                title: 'Amount Issued (USD)',\n                dataIndex: 'usd_loan_amount',\n                key: 'usd_loan_amount',\n                render:(text,record)=>{\n                    var nf = new Intl.NumberFormat();\n                    let cms = nf.format(text);\n                    return <span>{cms}</span>;\n                },\n                defaultSortOrder: 'descend',\n                sorter: (a, b) => a.usd_loan_amount - b.usd_loan_amount\n            },\n            {\n                title: 'Balance Due (USD)',\n                dataIndex: 'usd_balance_due',\n                key: 'usd_balance_due',\n                render:(text,record)=>{\n                    var nf = new Intl.NumberFormat();\n                    let cms = nf.format(text);\n                    return <span>{cms}</span>;\n                },\n                defaultSortOrder: 'descend',\n                sorter: (a, b) => a.usd_balance_due - b.usd_balance_due\n            },\n            {\n                title: 'View',\n                dataIndex: 'id',\n                render: (text, record) =>\n                    <Button shape=\"circle\" icon=\"select\"\n                        onClick={() => this.onRowClick(record)}\n                    />\n            },\n\n\n        ];\n        return (\n            < div >\n                {authRedirect}\n                {accountDetailsRedirect}\n                <Table\n                    dataSource={this.props.accounts}\n                    columns={columns}\n                />\n            </div >\n        );\n    }\n}\n\nconst mapStateToProps = state => {\n    console.log(state)\n    return {\n        accounts: state.accounts.accounts,\n        loading: state.auth.loading,\n        error: state.auth.error,\n        token: state.auth.access_token,\n        isAuthenticated: state.auth.access_token != null,\n        authRedirectPath: state.auth.authRedirectPath\n    }\n}\nconst mapDispatchToProps = dispatch => {\n    return {\n        login: (email, password) => dispatch(actions.login(email, password)),\n        setAuthRedirectPath: () => dispatch(actions.setAuthRedirectPath('/')),\n        initAccounts: () => dispatch(actions.initAccounts()),\n        setSelectedAccountId: (selectedAccountId) => dispatch(actions.setSelectedAccountId(selectedAccountId)),\n        unsetSelectedLoanId: () => dispatch(actions.unsetSelectedLoanId()),\n        initGeneralSettings:()=>dispatch(actions.initGeneralSettings())\n    }\n}\n\nexport default connect(mapStateToProps, mapDispatchToProps)(AccountsOverview);\n"],"mappings":";;;;;;;;;;;;;;;;;;;;;;;;;;;;;;;;;;;;;;;;;;;;;;;;;;;;;;;;;;;;;;;;;;;;;;;MAOMA,gBAAgB,0BAAAC,UAAA;IAAAC,cAAA,CAAAF,gBAAA,EAAAC,UAAA;IAAA,SAAAD,iBAAA;MAAA,IAAAG,KAAA;MAAA,SAAAC,IAAA,GAAAC,SAAA,CAAAC,MAAA,EAAAC,IAAA,OAAAC,KAAA,CAAAJ,IAAA,GAAAK,IAAA,MAAAA,IAAA,GAAAL,IAAA,EAAAK,IAAA;QAAAF,IAAA,CAAAE,IAAA,IAAAJ,SAAA,CAAAI,IAAA;MAAA;MAAAN,KAAA,GAAAF,UAAA,CAAAS,IAAA,CAAAC,KAAA,CAAAV,UAAA,SAAAW,MAAA,CAAAL,IAAA;MAAAJ,KAAA,CAOlBU,KAAK,GAAG;QACJC,kBAAkB,EAAE,KAAK;QACzBC,UAAU,EAAE,EAAE;QACdC,cAAc,EAAE;MACpB,CAAC;MAED;MAAAb,KAAA,CACAc,SAAS,GAAG,UAASC,GAAG,EAAEC,IAAI,EAAEC,GAAG,EAAE;QACjCD,IAAI,GAAGA,IAAI,CACNE,OAAO,CAAC,KAAK,EAAE,GAAG,CAAC,CACnBA,OAAO,CAAC,IAAI,EAAE,EAAE,CAAC,CACjBC,KAAK,CAAC,GAAG,CAAC;QACfH,IAAI,CAACI,OAAO,CAAC,UAAUC,KAAK,EAAE;UAC1BN,GAAG,GAAGA,GAAG,CAACM,KAAK,CAAC;QACpB,CAAC,CAAC;QACF,IAAIN,GAAG,KAAKO,SAAS,EAAE;UACnB,OAAOL,GAAG;QACd;QACA,OAAOF,GAAG;MACd,CAAC;MAAAf,KAAA,CAEDuB,oBAAoB,GAAG,UAAAC,SAAS;QAAA,OAAK;UACjCC,cAAc,EAAE,SAAAA,CAAAC,IAAA;YAAA,IAAGC,eAAe,GAAAD,IAAA,CAAfC,eAAe;cAAEC,YAAY,GAAAF,IAAA,CAAZE,YAAY;cAAEC,OAAO,GAAAH,IAAA,CAAPG,OAAO;cAAEC,YAAA,GAAAJ,IAAA,CAAAI,YAAA;YAAA,oBACvDC,KAAA,CAAAC,aAAA;cAAKC,KAAK,EAAE;gBAAEC,OAAO,EAAE;cAAE;YAAE,gBACvBH,KAAA,CAAAC,aAAA,CAACG,KAAK;cACFC,GAAG,EAAE,SAAAA,CAAAC,IAAI,EAAI;gBACTrC,KAAA,CAAKsC,WAAW,GAAGD,IAAI;cAC3B,CAAE;cACFE,WAAW,cAAYf,SAAY;cACnCgB,KAAK,EAAEZ,YAAY,CAAC,CAAC,CAAE;cACvBa,QAAQ,EAAE,SAAAA,CAAAC,CAAC;gBAAA,OAAIf,eAAe,CAACe,CAAC,CAACC,MAAM,CAACH,KAAK,GAAG,CAACE,CAAC,CAACC,MAAM,CAACH,KAAK,CAAC,GAAG,EAAE,CAAC;cAAA,CAAC;cACvEI,YAAY,EAAE,SAAAA,CAAA;gBAAA,OAAM5C,KAAA,CAAK6C,YAAY,CAACjB,YAAY,EAAEC,OAAO,EAAEL,SAAS,CAAC;cAAA,CAAC;cACxES,KAAK,EAAE;gBAAEa,KAAK,EAAE,GAAG;gBAAEC,YAAY,EAAE,CAAC;gBAAEC,OAAO,EAAE;cAAQ;YAAE,iBAE7DjB,KAAA,CAAAC,aAAA,CAACiB,MAAM;cACHC,IAAI,EAAC,SAAS;cACdC,OAAO,EAAE,SAAAA,CAAA;gBAAA,OAAMnD,KAAA,CAAK6C,YAAY,CAACjB,YAAY,EAAEC,OAAO,EAAEL,SAAS,CAAC;cAAA,CAAC;cACnE4B,IAAI,EAAC,QAAQ;cACbC,IAAI,EAAC,OAAO;cACZpB,KAAK,EAAE;gBAAEa,KAAK,EAAE,EAAE;gBAAEQ,WAAW,EAAE;cAAE;YAAE,WAGjC,gBACRvB,KAAA,CAAAC,aAAA,CAACiB,MAAM;cAACE,OAAO,EAAE,SAAAA,CAAA;gBAAA,OAAMnD,KAAA,CAAKuD,WAAW,CAACzB,YAAY,CAAC;cAAA,CAAC;cAACuB,IAAI,EAAC,OAAO;cAACpB,KAAK,EAAE;gBAAEa,KAAK,EAAE;cAAG;YAAE,UAEjF,CACP,CACR;UAAA;UACDU,UAAU,EAAE,SAAAA,CAAAC,QAAQ;YAAA,oBAChB1B,KAAA,CAAAC,aAAA,CAAC0B,IAAI;cAACR,IAAI,EAAC,QAAQ;cAACjB,KAAK,EAAE;gBAAE0B,KAAK,EAAEF,QAAQ,GAAG,SAAS,GAAGnC;cAAU;YAAE,EAC1E;UAAA;UACDsC,QAAQ,EAAE,SAAAA,CAACpB,KAAK,EAAEqB,MAAM;YAAA,OACpB7D,KAAA,CAAKc,SAAS,CAAC+C,MAAM,EAACrC,SAAS,CAAC,CAC3BsC,QAAQ,CAAC,CAAC,CACVC,WAAW,CAAC,CAAC,CACbC,QAAQ,CAACxB,KAAK,CAACuB,WAAW,CAAC,CAAC,CAAC;UAAA;UACtCE,6BAA6B,EAAE,SAAAA,CAAAC,OAAO,EAAI;YACtC,IAAIA,OAAO,EAAE;cACTC,UAAU,CAAC;gBAAA,OAAMnE,KAAA,CAAKsC,WAAW,CAAC8B,MAAM,CAAC,CAAC;cAAA,EAAC;YAC/C;UACJ,CAAC;UACDC,MAAM,EAAE,SAAAA,CAAAC,IAAI;YAAA,OACPtE,KAAA,CAAKU,KAAK,CAACG,cAAc,KAAKW,SAAS,gBACxCO,KAAA,CAAAC,aAAA,CAACuC,WAAW;cACRC,cAAc,EAAE;gBAAEC,eAAe,EAAE,SAAS;gBAAEvC,OAAO,EAAE;cAAE,CAAE;cAC3DwC,WAAW,EAAE,CAAC1E,KAAA,CAAKU,KAAK,CAACE,UAAU,CAAE;cACrC+D,UAAU;cACVC,eAAe,EAAEN,IAAI,CAACR,QAAQ,CAAC;YAAE,EACnC,GACAQ,IAAA;UAAA;QAEV,CAAC;MAAA,CAAC;MAAAtE,KAAA,CAEF6C,YAAY,GAAG,UAACjB,YAAY,EAAEC,OAAO,EAAEL,SAAS,EAAK;QACjDK,OAAO,CAAC,CAAC;QACT7B,KAAA,CAAK6E,QAAQ,CAAC;UACVjE,UAAU,EAAEgB,YAAY,CAAC,CAAC,CAAC;UAC3Bf,cAAc,EAAEW;QACpB,CAAC,CAAC;MACN,CAAC;MAAAxB,KAAA,CAEDuD,WAAW,GAAG,UAAAzB,YAAY,EAAI;QAC1BA,YAAY,CAAC,CAAC;QACd9B,KAAA,CAAK6E,QAAQ,CAAC;UAAEjE,UAAU,EAAE;QAAG,CAAC,CAAC;MACrC,CAAC;MACD;MAAAZ,KAAA,CAGA8E,UAAU,GAAI,UAAAjB,MAAM,EAAK;QACrBkB,OAAO,CAACC,GAAG,CAAC,YAAY,EAAEnB,MAAM,CAAC;QACjC,IAAIoB,aAAa,GAAGpB,MAAM,CAAC,IAAI,CAAC;QAChC7D,KAAA,CAAKkF,KAAK,CAACC,oBAAoB,CAACF,aAAa,CAAC;QAC9CjF,KAAA,CAAKkF,KAAK,CAACE,mBAAmB,CAAC,CAAC;QAChCpF,KAAA,CAAK6E,QAAQ,CAAC;UACVlE,kBAAkB,EAAE;QACxB,CAAC,CAAC;MACN,CAAC;MAAA,OAAAX,KAAA;IAAA;IAAA,IAAAqF,MAAA,GAAAxF,gBAAA,CAAAyF,SAAA;IAAAD,MAAA,CAtGDE,iBAAiB;MAAjB,SAAAA,kBAAA,EAAoB;QAChB,IAAI,CAACL,KAAK,CAACM,YAAY,CAAC,CAAC;QACzB,IAAI,CAACN,KAAK,CAACO,mBAAmB,CAAC,CAAC;QAChCV,OAAO,CAACC,GAAG,CAAC,cAAc,CAAC;MAC/B;MAAA,OAAAO,iBAAA;IAAA;IAAAF,MAAA,CAoGAhB,MAAM;MAAN,SAAAA,OAAA,EAAS;QAAA,IAAAqB,MAAA;QACL,IAAIC,sBAAsB,GAAG,IAAI;QACjC,IAAIC,YAAY,GAAG,IAAI;QACvB,IAAI,CAAC,IAAI,CAACV,KAAK,CAACW,eAAe,EAAE;UAC7BD,YAAY,gBAAG7D,KAAA,CAAAC,aAAA,CAAC8D,QAAQ;YAACC,EAAE,EAAC;UAAQ,EAAG;QAC3C;QAEA,IAAI,IAAI,CAACrF,KAAK,CAACC,kBAAkB,KAAK,IAAI,EAAE;UACxCgF,sBAAsB,gBAAG5D,KAAA,CAAAC,aAAA,CAAC8D,QAAQ;YAACE,IAAI,EAAE,IAAK;YAACD,EAAE,EAAC;UAAkB,EAAG;QAC3E,CAAC,MACI;UACDJ,sBAAsB,GAAG,IAAI;QACjC;QAEA,IAAMM,OAAO,GAAG,CAAAC,aAAA,CAAAA,aAAA;UAERC,KAAK,EAAE,SAAS;UAChB3E,SAAS,EAAE,iBAAiB;UAC5B4E,GAAG,EAAE;QAAiB,GACnB,IAAI,CAAC7E,oBAAoB,CAAC,iBAAiB,CAAC;UAC/C8E,gBAAgB,EAAE,SAAS;UAC3BC,MAAM,EAAE,SAAAA,CAACC,CAAC,EAAEC,CAAC;YAAA,OAAKD,CAAC,CAACE,eAAe,CAACtG,MAAM,GAAGqG,CAAC,CAACC,eAAe,CAACtG,MAAA;UAAA;QAAA,IAAA+F,aAAA,CAAAA,aAAA;UAG/DC,KAAK,EAAE,MAAM;UACb3E,SAAS,EAAE,cAAc;UACzB4E,GAAG,EAAE;QAAc,GAChB,IAAI,CAAC7E,oBAAoB,CAAC,cAAc,CAAC;UAC5C8E,gBAAgB,EAAE,SAAS;UAC3BC,MAAM,EAAE,SAAAA,CAACC,CAAC,EAAEC,CAAC;YAAA,OAAKD,CAAC,CAACG,YAAY,CAACvG,MAAM,GAAGqG,CAAC,CAACE,YAAY,CAACvG,MAAA;UAAA;QAAA,IAAA+F,aAAA,CAAAA,aAAA;UAIzDC,KAAK,EAAE,UAAU;UACjB3E,SAAS,EAAE,kBAAkB;UAC7B4E,GAAG,EAAE;QAAkB,GACpB,IAAI,CAAC7E,oBAAoB,CAAC,kBAAkB,CAAC;UAChD8E,gBAAgB,EAAE,SAAS;UAC3BC,MAAM,EAAE,SAAAA,CAACC,CAAC,EAAEC,CAAC;YAAA,OAAKD,CAAC,CAACI,gBAAgB,GAAGH,CAAC,CAACG,gBAAA;UAAA;QAAA,IAE7C;UACIR,KAAK,EAAE,MAAM;UACb3E,SAAS,EAAE,MAAM;UACjB4E,GAAG,EAAE,MAAM;UACX/B,MAAM,EAAC,SAAAA,CAAC7B,KAAK,EAACqB,MAAM,EAAG;YACnB,IAAGrB,KAAK,IAAE,CAAC,EAAC;cACR,OAAO,aAAa;YACxB,CAAC,MACI;cACD,OAAO,YAAY;YACvB;UACJ,CAAC;UACD6D,gBAAgB,EAAE,SAAS;UAC3BC,MAAM,EAAE,SAAAA,CAACC,CAAC,EAAEC,CAAC;YAAA,OAAKD,CAAC,CAACrD,IAAI,CAAC/C,MAAM,GAAGqG,CAAC,CAACtD,IAAI,CAAC/C,MAAA;UAAA;QAC7C,CAAC,EACD;UACIgG,KAAK,EAAE,qBAAqB;UAC5B3E,SAAS,EAAE,iBAAiB;UAC5B4E,GAAG,EAAE,iBAAiB;UACtB/B,MAAM,EAAC,SAAAA,CAACC,IAAI,EAACT,MAAM,EAAG;YAClB,IAAI+C,EAAE,GAAG,IAAIC,IAAI,CAACC,YAAY,CAAC,CAAC;YAChC,IAAIC,GAAG,GAAGH,EAAE,CAACI,MAAM,CAAC1C,IAAI,CAAC;YACzB,oBAAOvC,KAAA,CAAAC,aAAA,eAAO+E,GAAU,CAAC;UAC7B,CAAC;UACDV,gBAAgB,EAAE,SAAS;UAC3BC,MAAM,EAAE,SAAAA,CAACC,CAAC,EAAEC,CAAC;YAAA,OAAKD,CAAC,CAACU,eAAe,GAAGT,CAAC,CAACS,eAAA;UAAA;QAC5C,CAAC,EACD;UACId,KAAK,EAAE,mBAAmB;UAC1B3E,SAAS,EAAE,iBAAiB;UAC5B4E,GAAG,EAAE,iBAAiB;UACtB/B,MAAM,EAAC,SAAAA,CAACC,IAAI,EAACT,MAAM,EAAG;YAClB,IAAI+C,EAAE,GAAG,IAAIC,IAAI,CAACC,YAAY,CAAC,CAAC;YAChC,IAAIC,GAAG,GAAGH,EAAE,CAACI,MAAM,CAAC1C,IAAI,CAAC;YACzB,oBAAOvC,KAAA,CAAAC,aAAA,eAAO+E,GAAU,CAAC;UAC7B,CAAC;UACDV,gBAAgB,EAAE,SAAS;UAC3BC,MAAM,EAAE,SAAAA,CAACC,CAAC,EAAEC,CAAC;YAAA,OAAKD,CAAC,CAACW,eAAe,GAAGV,CAAC,CAACU,eAAA;UAAA;QAC5C,CAAC,EACD;UACIf,KAAK,EAAE,qBAAqB;UAC5B3E,SAAS,EAAE,iBAAiB;UAC5B4E,GAAG,EAAE,iBAAiB;UACtB/B,MAAM,EAAC,SAAAA,CAACC,IAAI,EAACT,MAAM,EAAG;YAClB,IAAI+C,EAAE,GAAG,IAAIC,IAAI,CAACC,YAAY,CAAC,CAAC;YAChC,IAAIC,GAAG,GAAGH,EAAE,CAACI,MAAM,CAAC1C,IAAI,CAAC;YACzB,oBAAOvC,KAAA,CAAAC,aAAA,eAAO+E,GAAU,CAAC;UAC7B,CAAC;UACDV,gBAAgB,EAAE,SAAS;UAC3BC,MAAM,EAAE,SAAAA,CAACC,CAAC,EAAEC,CAAC;YAAA,OAAKD,CAAC,CAACY,eAAe,GAAGX,CAAC,CAACW,eAAA;UAAA;QAC5C,CAAC,EACD;UACIhB,KAAK,EAAE,mBAAmB;UAC1B3E,SAAS,EAAE,iBAAiB;UAC5B4E,GAAG,EAAE,iBAAiB;UACtB/B,MAAM,EAAC,SAAAA,CAACC,IAAI,EAACT,MAAM,EAAG;YAClB,IAAI+C,EAAE,GAAG,IAAIC,IAAI,CAACC,YAAY,CAAC,CAAC;YAChC,IAAIC,GAAG,GAAGH,EAAE,CAACI,MAAM,CAAC1C,IAAI,CAAC;YACzB,oBAAOvC,KAAA,CAAAC,aAAA,eAAO+E,GAAU,CAAC;UAC7B,CAAC;UACDV,gBAAgB,EAAE,SAAS;UAC3BC,MAAM,EAAE,SAAAA,CAACC,CAAC,EAAEC,CAAC;YAAA,OAAKD,CAAC,CAACa,eAAe,GAAGZ,CAAC,CAACY,eAAA;UAAA;QAC5C,CAAC,EACD;UACIjB,KAAK,EAAE,MAAM;UACb3E,SAAS,EAAE,IAAI;UACf6C,MAAM,EAAE,SAAAA,CAACC,IAAI,EAAET,MAAM;YAAA,oBACjB9B,KAAA,CAAAC,aAAA,CAACiB,MAAM;cAACoE,KAAK,EAAC,QAAQ;cAACjE,IAAI,EAAC,QAAQ;cAChCD,OAAO,EAAE,SAAAA,CAAA;gBAAA,OAAMuC,MAAI,CAACZ,UAAU,CAACjB,MAAM,CAAC;cAAA;YAAC;UAAA;QAEnD,CAAC,CAGJ;QACD,oBACI9B,KAAA,CAAAC,aAAA,cACK4D,YAAY,EACZD,sBAAsB,eACvB5D,KAAA,CAAAC,aAAA,CAACsF,KAAK;UACFC,UAAU,EAAE,IAAI,CAACrC,KAAK,CAACsC,QAAS;UAChCvB,OAAO,EAAEA;QAAQ,EAEpB,CAAE;MAEf;MAAA,OAAA5B,MAAA;IAAA;IAAA,OAAAxE,gBAAA;EAAA,EArO2B4H,SAAS;EAwOxC,IAAMC,eAAe,GAAG,SAAAA,CAAAhH,KAAK,EAAI;IAC7BqE,OAAO,CAACC,GAAG,CAACtE,KAAK,CAAC;IAClB,OAAO;MACH8G,QAAQ,EAAE9G,KAAK,CAAC8G,QAAQ,CAACA,QAAQ;MACjCG,OAAO,EAAEjH,KAAK,CAACkH,IAAI,CAACD,OAAO;MAC3BE,KAAK,EAAEnH,KAAK,CAACkH,IAAI,CAACC,KAAK;MACvBC,KAAK,EAAEpH,KAAK,CAACkH,IAAI,CAACG,YAAY;MAC9BlC,eAAe,EAAEnF,KAAK,CAACkH,IAAI,CAACG,YAAY,IAAI,IAAI;MAChDC,gBAAgB,EAAEtH,KAAK,CAACkH,IAAI,CAACI;IACjC,CAAC;EACL,CAAC;EACD,IAAMC,kBAAkB,GAAG,SAAAA,CAAAC,QAAQ,EAAI;IACnC,OAAO;MACHC,KAAK,EAAE,SAAAA,CAACC,KAAK,EAAEC,QAAQ;QAAA,OAAKH,QAAQ,CAACI,OAAO,CAACH,KAAK,CAACC,KAAK,EAAEC,QAAQ,CAAC,CAAC;MAAA;MACpEE,mBAAmB,EAAE,SAAAA,CAAA;QAAA,OAAML,QAAQ,CAACI,OAAO,CAACC,mBAAmB,CAAC,GAAG,CAAC,CAAC;MAAA;MACrE/C,YAAY,EAAE,SAAAA,CAAA;QAAA,OAAM0C,QAAQ,CAACI,OAAO,CAAC9C,YAAY,CAAC,CAAC,CAAC;MAAA;MACpDL,oBAAoB,EAAG,SAAAA,CAAAqD,iBAAiB;QAAA,OAAKN,QAAQ,CAACI,OAAO,CAACnD,oBAAoB,CAACqD,iBAAiB,CAAC,CAAC;MAAA;MACtGpD,mBAAmB,EAAE,SAAAA,CAAA;QAAA,OAAM8C,QAAQ,CAACI,OAAO,CAAClD,mBAAmB,CAAC,CAAC,CAAC;MAAA;MAClEK,mBAAmB,EAAC,SAAAA,CAAA;QAAA,OAAIyC,QAAQ,CAACI,OAAO,CAAC7C,mBAAmB,CAAC,CAAC;MAAA;IAClE,CAAC;EACL,CAAC;wBAEcgD,OAAO,CAACf,eAAe,EAAEO,kBAAkB,CAAC,CAACpI,gBAAgB,C"},"sourceType":"module","externalDependencies":{},"hash":"637b6b96cc874c06566c88629da3cd81fb0f163b"}
