{"metadata":{},"options":{"assumptions":{},"compact":false,"sourceMaps":true,"ast":true,"babelrc":false,"configFile":false,"parserOpts":{"sourceType":"module","sourceFileName":"/home/ani/Mergerware_assignment/Mererware_meteor/Mergerware_loanify/imports/ui/components/ReportsAllAccountsDuesReport/ReportsAllAccountsDuesReport.js","plugins":["*","flow","jsx","asyncGenerators","bigInt","classPrivateMethods","classPrivateProperties","classProperties","doExpressions","dynamicImport","exportDefaultFrom","exportExtensions","exportNamespaceFrom","functionBind","functionSent","importMeta","nullishCoalescingOperator","numericSeparator","objectRestSpread","optionalCatchBinding","optionalChaining",["pipelineOperator",{"proposal":"minimal"}],"throwExpressions","classProperties","classPrivateProperties","jsx","nullishCoalescingOperator","nullishCoalescingOperator","optionalChaining","optionalChaining","optionalCatchBinding","optionalCatchBinding","classProperties","classPrivateProperties","classPrivateMethods","classProperties","classPrivateProperties","asyncGenerators","asyncGenerators","objectRestSpread","objectRestSpread","logicalAssignment"],"allowImportExportEverywhere":true,"allowReturnOutsideFunction":true,"allowUndeclaredExports":true,"strictMode":false},"caller":{"name":"meteor","arch":"web.browser.legacy"},"sourceFileName":"imports/ui/components/ReportsAllAccountsDuesReport/ReportsAllAccountsDuesReport.js","filename":"/home/ani/Mergerware_assignment/Mererware_meteor/Mergerware_loanify/imports/ui/components/ReportsAllAccountsDuesReport/ReportsAllAccountsDuesReport.js","inputSourceMap":{"version":3,"names":["React","Component","Row","Col","Select","Table","Button","Menu","Dropdown","Input","Icon","PageHeader","Descriptions","connect","Redirect","actions","Highlighter","ReportsAllAccountsDuesReport","componentDidMount","props","initAccounts","state","goToAccountDetails","searchText","searchedColumn","getByPath","obj","path","def","replace","split","forEach","level","undefined","getColumnSearchProps","dataIndex","filterDropdown","setSelectedKeys","selectedKeys","confirm","clearFilters","padding","node","searchInput","e","target","value","handleSearch","width","marginBottom","display","marginRight","handleReset","filterIcon","filtered","color","onFilter","record","toString","toLowerCase","includes","onFilterDropdownVisibleChange","visible","setTimeout","select","render","text","backgroundColor","setState","onRowClick","currAccountId","setSelectedAccountId","unsetSelectedLoanId","initAllAccountsDuesReport","accountsMenuClick","item","key","authRedirect","isAuthenticated","accountDetailsRedirect","captionAccountSelect","accountsMenu","accounts","map","val","columns","title","defaultSortOrder","sorter","a","b","account","account_name","length","account_id_card","id","agreement_no","currency","d1","Date","date_loan_start","d2","nf","Intl","NumberFormat","cms","format","loan_amount","msg","payment_interval_type","balance_due","allAccountsDuesReport","mapStateToProps","console","log","selectedAccountId","loading","auth","error","token","access_token","authRedirectPath","allAccountsDuesReportLoading","allAccountsDuesReportMessage","allAccountsDuesReportError","mapDispatchToProps","dispatch","login","email","password","setAuthRedirectPath"],"sources":["imports/ui/components/ReportsAllAccountsDuesReport/ReportsAllAccountsDuesReport.js"],"sourcesContent":["import React, { Component } from 'react';\nimport { Row, Col, Select, Table, Button, Menu, Dropdown, Input, Icon,\n    PageHeader, Descriptions } from 'antd';\nimport { connect } from 'react-redux';\nimport { Redirect } from 'react-router';\nimport * as actions from '../../store/actions/index';\nimport Highlighter from 'react-highlight-words';\n\nclass ReportsAllAccountsDuesReport extends Component {\n    componentDidMount() {\n        this.props.initAccounts();\n    }\n\n    state = {\n        goToAccountDetails: false,\n        searchText: '',\n        searchedColumn: ''\n    }\n\n    // Search Start\n    getByPath = function(obj, path, def) {\n        path = path\n            .replace(/\\[/g, '.')\n            .replace(/]/g, '')\n            .split('.');\n        path.forEach(function (level) {\n            obj = obj[level];\n        });\n        if (obj === undefined) {\n            return def;\n        }\n        return obj;\n    };\n\n    getColumnSearchProps = dataIndex => ({\n        filterDropdown: ({ setSelectedKeys, selectedKeys, confirm, clearFilters }) => (\n            <div style={{ padding: 8 }}>\n                <Input\n                    ref={node => {\n                        this.searchInput = node;\n                    }}\n                    placeholder={`Search ${dataIndex}`}\n                    value={selectedKeys[0]}\n                    onChange={e => setSelectedKeys(e.target.value ? [e.target.value] : [])}\n                    onPressEnter={() => this.handleSearch(selectedKeys, confirm, dataIndex)}\n                    style={{ width: 188, marginBottom: 8, display: 'block' }}\n                />\n                <Button\n                    type=\"primary\"\n                    onClick={() => this.handleSearch(selectedKeys, confirm, dataIndex)}\n                    icon=\"search\"\n                    size=\"small\"\n                    style={{ width: 90, marginRight: 8 }}\n                >\n                    Search\n                </Button>\n                <Button onClick={() => this.handleReset(clearFilters)} size=\"small\" style={{ width: 90 }}>\n                    Reset\n                </Button>\n            </div>\n        ),\n        filterIcon: filtered => (\n            <Icon type=\"search\" style={{ color: filtered ? '#1890ff' : undefined }} />\n        ),\n        onFilter: (value, record) =>\n            this.getByPath(record,dataIndex)\n                .toString()\n                .toLowerCase()\n                .includes(value.toLowerCase()),\n        onFilterDropdownVisibleChange: visible => {\n            if (visible) {\n                setTimeout(() => this.searchInput.select());\n            }\n        },\n        render: text => (\n            (this.state.searchedColumn === dataIndex) ?\n            <Highlighter\n                highlightStyle={{ backgroundColor: '#ffc069', padding: 0 }}\n                searchWords={[this.state.searchText]}\n                autoEscape\n                textToHighlight={text.toString()}\n            />\n            : text\n        ),\n    });\n\n    handleSearch = (selectedKeys, confirm, dataIndex) => {\n        confirm();\n        this.setState({ \n            searchText: selectedKeys[0],\n            searchedColumn: dataIndex,\n        });\n    };\n\n    handleReset = clearFilters => {\n        clearFilters();\n        this.setState({ searchText: '' });\n    };\n    // Search End\n\n    onRowClick = (record) => {\n        let currAccountId = record['id'];\n        this.props.setSelectedAccountId(currAccountId);\n        this.props.unsetSelectedLoanId();\n        this.setState({\n            goToAccountDetails: true\n        });\n    }\n\n    componentDidMount() {\n        this.props.initAllAccountsDuesReport();\n    }\n\n    accountsMenuClick = (item) => {\n        this.props.setSelectedAccountId(item.key);\n    }\n\n    render() {\n        let authRedirect = null;\n        if (!this.props.isAuthenticated) {\n            authRedirect = <Redirect to=\"/login\" />\n        }\n\n\n        let accountDetailsRedirect = null;\n        if (this.state.goToAccountDetails === true) {\n            accountDetailsRedirect = <Redirect push={true} to=\"/account/details\" />;\n        }\n        else {\n            accountDetailsRedirect = null;\n        }\n\n        let captionAccountSelect = \"Select account\";\n\n        let accountsMenu = (\n            <Menu onClick={this.accountsMenuClick}>\n                {this.props.accounts && this.props.accounts.map((val) => (\n                    <Menu.Item key={val['id']}>\n                        {val['account_name']}\n                    </Menu.Item>\n                ))}\n            </Menu>\n        );\n\n        const columns = [\n            {\n                title: 'Account Name',\n                dataIndex: 'account.account_name',\n                key: 'account_name',\n                ...this.getColumnSearchProps('account_name'),\n                defaultSortOrder: 'descend',\n                sorter: (a, b) => a.account.account_name.length - b.account.account_name.length,\n            },\n            {\n                title: 'ID Card',\n                dataIndex: 'account.account_id_card',\n                key: 'due_amount',\n                ...this.getColumnSearchProps('account.account_id_card'),\n                defaultSortOrder: 'descend',\n                sorter: (a, b) => a.account.account_id_card.length - b.account.account_id_card.length,\n            },\n            {\n                title: 'Borrowing id',\n                dataIndex: 'id',\n                key: 'id',\n                ...this.getColumnSearchProps('id'),\n                defaultSortOrder: 'descend',\n                sorter: (a, b) => a.id - b.id,\n            },\n            {\n                title: 'Agreement id',\n                dataIndex: 'agreement_no',\n                key: 'agreement_no',\n                ...this.getColumnSearchProps('agreement_no'),\n                defaultSortOrder: 'descend',\n                sorter: (a, b) => a.agreement_no.length - b.agreement_no.length\n            },\n            {\n                title: 'Currency',\n                dataIndex: 'currency',\n                key: 'currency',\n                ...this.getColumnSearchProps('currency'),\n                defaultSortOrder: 'descend',\n                sorter: (a, b) => a.currency.length - b.currency.length\n            },\n            {\n                title: 'Date Borrowing Start',\n                dataIndex: 'date_loan_start',\n                key: 'date_loan_start',\n                ...this.getColumnSearchProps('date_loan_start'),\n                defaultSortOrder: 'descend',\n                sorter: (a, b) =>  {\n                    let d1 = new Date(a.date_loan_start);\n                    let d2 = new Date(b.date_loan_start);\n                    return d1<d2;\n                },\n            },\n            {\n                title: 'Issued amount',\n                dataIndex: 'loan_amount',\n                key: 'loan_amount',\n                render:(text,record)=>{\n                    var nf = new Intl.NumberFormat();\n                    let cms = nf.format(text);\n                    return <span>{cms}</span>;\n                },\n                defaultSortOrder: 'descend',\n                sorter: (a, b) => a.loan_amount - b.loan_amount,\n            },\n            {\n                title: 'Payment Interval Type',\n                dataIndex: 'payment_interval_type',\n                key: 'payment_interval_type',\n                render:(text,record)=>{\n                    let msg = text==0?\"Daywise\":\"Monthly\";\n                    return msg;\n                },\n                defaultSortOrder: 'descend',\n                sorter: (a, b) => a.payment_interval_type - b.payment_interval_type\n            },\n            {\n                title: 'Balance Due',\n                dataIndex: 'balance_due',\n                key: 'balance_due',\n                render:(text,record)=>{\n                    var nf = new Intl.NumberFormat();\n                    let cms = nf.format(text);\n                    return <span>{cms}</span>;\n                },\n                defaultSortOrder: 'descend',\n                sorter: (a, b) => a.balance_due - b.balance_due,\n            },\n        ];\n\n        return (\n            <div>\n                <Row>\n                    <Col span={24}>\n                        <PageHeader\n                            ghost={false}\n                            backIcon={false}\n                            title=\"All Accounts Dues Report\"\n                            extra={[\n                                <Button key=\"1\" \n                                             href=\"http://fina.mv/api/dues-per-loan-for-all-accounts-report-pdf\"\n                                >PDF</Button>,\n                                <Button key=\"2\"\n                                             href=\"http://fina.mv/api/dues-per-loan-for-all-accounts-report-csv\"\n                                >CSV</Button>,\n                            ]}\n                        >\n                        </PageHeader>\n                    </Col>\n                </Row>\n                <Row gutter={16,16}>\n                    <Col span={24}>\n                        <Table\n                            dataSource={this.props.allAccountsDuesReport}\n                            columns={columns}\n                        />\n                    </Col>\n                </Row>\n            </div>\n        );\n    }\n}\n\nconst mapStateToProps = state => {\n    console.log(state)\n    return {\n        accounts: state.accounts.accounts,\n        selectedAccountId: state.accounts.selectedAccountId,\n        loading: state.auth.loading,\n        error: state.auth.error,\n        token: state.auth.access_token,\n        isAuthenticated: state.auth.access_token !== null,\n        authRedirectPath: state.auth.authRedirectPath,\n        allAccountsDuesReport:state.allAccountsDuesReport.allAccountsDuesReport,\n        allAccountsDuesReportLoading: state.allAccountsDuesReport.allAccountsDuesReportLoading,\n        allAccountsDuesReportMessage: state.allAccountsDuesReport.allAccountsDuesReportMessage,\n        allAccountsDuesReportError: state.allAccountsDuesReport.allAccountsDuesReportError,\n    }\n}\nconst mapDispatchToProps = dispatch => {\n    return {\n        login: (email, password) => dispatch(actions.login(email, password)),\n        setAuthRedirectPath: () => dispatch(actions.setAuthRedirectPath('/ ')),\n        initAccounts: () => dispatch(actions.initAccounts()),\n        setSelectedAccountId: (selectedAccountId) => dispatch(actions.setSelectedAccountId(selectedAccountId)),\n        unsetSelectedLoanId: () => dispatch(actions.unsetSelectedLoanId()),\n        initAllAccountsDuesReport: () => dispatch(actions.initAllAccountsDuesReport()),\n    }\n}\n\nexport default connect(mapStateToProps, mapDispatchToProps)(ReportsAllAccountsDuesReport);\n\n\n\n"],"mappings":";AAAA,OAAOA,KAAK,IAAIC,SAAS,QAAQ,OAAO;AACxC,SAASC,GAAG,EAAEC,GAAG,EAAEC,MAAM,EAAEC,KAAK,EAAEC,MAAM,EAAEC,IAAI,EAAEC,QAAQ,EAAEC,KAAK,EAAEC,IAAI,EACjEC,UAAU,EAAEC,YAAY,QAAQ,MAAM;AAC1C,SAASC,OAAO,QAAQ,aAAa;AACrC,SAASC,QAAQ,QAAQ,cAAc;AACvC,OAAO,KAAKC,OAAO,MAAM,2BAA2B;AACpD,OAAOC,WAAW,MAAM,uBAAuB;AAE/C,MAAMC,4BAA4B,SAAShB,SAAS,CAAC;EACjDiB,iBAAiBA,CAAA,EAAG;IAChB,IAAI,CAACC,KAAK,CAACC,YAAY,CAAC,CAAC;EAC7B;EAEAC,KAAK,GAAG;IACJC,kBAAkB,EAAE,KAAK;IACzBC,UAAU,EAAE,EAAE;IACdC,cAAc,EAAE;EACpB,CAAC;;EAED;EACAC,SAAS,GAAG,SAAAA,CAASC,GAAG,EAAEC,IAAI,EAAEC,GAAG,EAAE;IACjCD,IAAI,GAAGA,IAAI,CACNE,OAAO,CAAC,KAAK,EAAE,GAAG,CAAC,CACnBA,OAAO,CAAC,IAAI,EAAE,EAAE,CAAC,CACjBC,KAAK,CAAC,GAAG,CAAC;IACfH,IAAI,CAACI,OAAO,CAAC,UAAUC,KAAK,EAAE;MAC1BN,GAAG,GAAGA,GAAG,CAACM,KAAK,CAAC;IACpB,CAAC,CAAC;IACF,IAAIN,GAAG,KAAKO,SAAS,EAAE;MACnB,OAAOL,GAAG;IACd;IACA,OAAOF,GAAG;EACd,CAAC;EAEDQ,oBAAoB,GAAGC,SAAS,KAAK;IACjCC,cAAc,EAAEA,CAAC;MAAEC,eAAe;MAAEC,YAAY;MAAEC,OAAO;MAAEC;IAAa,CAAC,KACrE,CAAC,GAAG,CAAC,KAAK,CAAC,CAAC;MAAEC,OAAO,EAAE;IAAE,CAAC,CAAC;AACvC,gBAAgB,CAAC,KAAK,CACF,GAAG,CAAC,CAACC,IAAI,IAAI;QACT,IAAI,CAACC,WAAW,GAAGD,IAAI;MAC3B,CAAC,CAAC,CACF,WAAW,CAAC,CAAE,UAASP,SAAU,EAAC,CAAC,CACnC,KAAK,CAAC,CAACG,YAAY,CAAC,CAAC,CAAC,CAAC,CACvB,QAAQ,CAAC,CAACM,CAAC,IAAIP,eAAe,CAACO,CAAC,CAACC,MAAM,CAACC,KAAK,GAAG,CAACF,CAAC,CAACC,MAAM,CAACC,KAAK,CAAC,GAAG,EAAE,CAAC,CAAC,CACvE,YAAY,CAAC,CAAC,MAAM,IAAI,CAACC,YAAY,CAACT,YAAY,EAAEC,OAAO,EAAEJ,SAAS,CAAC,CAAC,CACxE,KAAK,CAAC,CAAC;QAAEa,KAAK,EAAE,GAAG;QAAEC,YAAY,EAAE,CAAC;QAAEC,OAAO,EAAE;MAAQ,CAAC,CAAC;AAE7E,gBAAgB,CAAC,MAAM,CACH,IAAI,CAAC,SAAS,CACd,OAAO,CAAC,CAAC,MAAM,IAAI,CAACH,YAAY,CAACT,YAAY,EAAEC,OAAO,EAAEJ,SAAS,CAAC,CAAC,CACnE,IAAI,CAAC,QAAQ,CACb,IAAI,CAAC,OAAO,CACZ,KAAK,CAAC,CAAC;QAAEa,KAAK,EAAE,EAAE;QAAEG,WAAW,EAAE;MAAE,CAAC,CAAC;AAEzD;AACA,gBAAgB,EAAE,MAAM;AACxB,gBAAgB,CAAC,MAAM,CAAC,OAAO,CAAC,CAAC,MAAM,IAAI,CAACC,WAAW,CAACZ,YAAY,CAAC,CAAC,CAAC,IAAI,CAAC,OAAO,CAAC,KAAK,CAAC,CAAC;QAAEQ,KAAK,EAAE;MAAG,CAAC,CAAC;AACzG;AACA,gBAAgB,EAAE,MAAM;AACxB,YAAY,EAAE,GAAG,CACR;IACDK,UAAU,EAAEC,QAAQ,IAChB,CAAC,IAAI,CAAC,IAAI,CAAC,QAAQ,CAAC,KAAK,CAAC,CAAC;MAAEC,KAAK,EAAED,QAAQ,GAAG,SAAS,GAAGrB;IAAU,CAAC,CAAC,GAC1E;IACDuB,QAAQ,EAAEA,CAACV,KAAK,EAAEW,MAAM,KACpB,IAAI,CAAChC,SAAS,CAACgC,MAAM,EAACtB,SAAS,CAAC,CAC3BuB,QAAQ,CAAC,CAAC,CACVC,WAAW,CAAC,CAAC,CACbC,QAAQ,CAACd,KAAK,CAACa,WAAW,CAAC,CAAC,CAAC;IACtCE,6BAA6B,EAAEC,OAAO,IAAI;MACtC,IAAIA,OAAO,EAAE;QACTC,UAAU,CAAC,MAAM,IAAI,CAACpB,WAAW,CAACqB,MAAM,CAAC,CAAC,CAAC;MAC/C;IACJ,CAAC;IACDC,MAAM,EAAEC,IAAI,IACP,IAAI,CAAC7C,KAAK,CAACG,cAAc,KAAKW,SAAS,GACxC,CAAC,WAAW,CACR,cAAc,CAAC,CAAC;MAAEgC,eAAe,EAAE,SAAS;MAAE1B,OAAO,EAAE;IAAE,CAAC,CAAC,CAC3D,WAAW,CAAC,CAAC,CAAC,IAAI,CAACpB,KAAK,CAACE,UAAU,CAAC,CAAC,CACrC,UAAU,CACV,eAAe,CAAC,CAAC2C,IAAI,CAACR,QAAQ,CAAC,CAAC,CAAC,GACnC,GACAQ;EAEV,CAAC,CAAC;EAEFnB,YAAY,GAAGA,CAACT,YAAY,EAAEC,OAAO,EAAEJ,SAAS,KAAK;IACjDI,OAAO,CAAC,CAAC;IACT,IAAI,CAAC6B,QAAQ,CAAC;MACV7C,UAAU,EAAEe,YAAY,CAAC,CAAC,CAAC;MAC3Bd,cAAc,EAAEW;IACpB,CAAC,CAAC;EACN,CAAC;EAEDiB,WAAW,GAAGZ,YAAY,IAAI;IAC1BA,YAAY,CAAC,CAAC;IACd,IAAI,CAAC4B,QAAQ,CAAC;MAAE7C,UAAU,EAAE;IAAG,CAAC,CAAC;EACrC,CAAC;EACD;;EAEA8C,UAAU,GAAIZ,MAAM,IAAK;IACrB,IAAIa,aAAa,GAAGb,MAAM,CAAC,IAAI,CAAC;IAChC,IAAI,CAACtC,KAAK,CAACoD,oBAAoB,CAACD,aAAa,CAAC;IAC9C,IAAI,CAACnD,KAAK,CAACqD,mBAAmB,CAAC,CAAC;IAChC,IAAI,CAACJ,QAAQ,CAAC;MACV9C,kBAAkB,EAAE;IACxB,CAAC,CAAC;EACN,CAAC;EAEDJ,iBAAiBA,CAAA,EAAG;IAChB,IAAI,CAACC,KAAK,CAACsD,yBAAyB,CAAC,CAAC;EAC1C;EAEAC,iBAAiB,GAAIC,IAAI,IAAK;IAC1B,IAAI,CAACxD,KAAK,CAACoD,oBAAoB,CAACI,IAAI,CAACC,GAAG,CAAC;EAC7C,CAAC;EAEDX,MAAMA,CAAA,EAAG;IACL,IAAIY,YAAY,GAAG,IAAI;IACvB,IAAI,CAAC,IAAI,CAAC1D,KAAK,CAAC2D,eAAe,EAAE;MAC7BD,YAAY,GAAG,CAAC,QAAQ,CAAC,EAAE,CAAC,QAAQ,GAAG;IAC3C;IAGA,IAAIE,sBAAsB,GAAG,IAAI;IACjC,IAAI,IAAI,CAAC1D,KAAK,CAACC,kBAAkB,KAAK,IAAI,EAAE;MACxCyD,sBAAsB,GAAG,CAAC,QAAQ,CAAC,IAAI,CAAC,CAAC,IAAI,CAAC,CAAC,EAAE,CAAC,kBAAkB,GAAG;IAC3E,CAAC,MACI;MACDA,sBAAsB,GAAG,IAAI;IACjC;IAEA,IAAIC,oBAAoB,GAAG,gBAAgB;IAE3C,IAAIC,YAAY,GACZ,CAAC,IAAI,CAAC,OAAO,CAAC,CAAC,IAAI,CAACP,iBAAiB,CAAC;AAClD,gBAAgB,CAAC,IAAI,CAACvD,KAAK,CAAC+D,QAAQ,IAAI,IAAI,CAAC/D,KAAK,CAAC+D,QAAQ,CAACC,GAAG,CAAEC,GAAG,IAChD,CAAC,IAAI,CAAC,IAAI,CAAC,GAAG,CAAC,CAACA,GAAG,CAAC,IAAI,CAAC,CAAC;AAC9C,wBAAwB,CAACA,GAAG,CAAC,cAAc,CAAC;AAC5C,oBAAoB,EAAE,IAAI,CAAC,IAAI,CACd,CAAC;AAClB,YAAY,EAAE,IAAI,CACT;IAED,MAAMC,OAAO,GAAG,CACZ;MACIC,KAAK,EAAE,cAAc;MACrBnD,SAAS,EAAE,sBAAsB;MACjCyC,GAAG,EAAE,cAAc;MACnB,GAAG,IAAI,CAAC1C,oBAAoB,CAAC,cAAc,CAAC;MAC5CqD,gBAAgB,EAAE,SAAS;MAC3BC,MAAM,EAAEA,CAACC,CAAC,EAAEC,CAAC,KAAKD,CAAC,CAACE,OAAO,CAACC,YAAY,CAACC,MAAM,GAAGH,CAAC,CAACC,OAAO,CAACC,YAAY,CAACC;IAC7E,CAAC,EACD;MACIP,KAAK,EAAE,SAAS;MAChBnD,SAAS,EAAE,yBAAyB;MACpCyC,GAAG,EAAE,YAAY;MACjB,GAAG,IAAI,CAAC1C,oBAAoB,CAAC,yBAAyB,CAAC;MACvDqD,gBAAgB,EAAE,SAAS;MAC3BC,MAAM,EAAEA,CAACC,CAAC,EAAEC,CAAC,KAAKD,CAAC,CAACE,OAAO,CAACG,eAAe,CAACD,MAAM,GAAGH,CAAC,CAACC,OAAO,CAACG,eAAe,CAACD;IACnF,CAAC,EACD;MACIP,KAAK,EAAE,cAAc;MACrBnD,SAAS,EAAE,IAAI;MACfyC,GAAG,EAAE,IAAI;MACT,GAAG,IAAI,CAAC1C,oBAAoB,CAAC,IAAI,CAAC;MAClCqD,gBAAgB,EAAE,SAAS;MAC3BC,MAAM,EAAEA,CAACC,CAAC,EAAEC,CAAC,KAAKD,CAAC,CAACM,EAAE,GAAGL,CAAC,CAACK;IAC/B,CAAC,EACD;MACIT,KAAK,EAAE,cAAc;MACrBnD,SAAS,EAAE,cAAc;MACzByC,GAAG,EAAE,cAAc;MACnB,GAAG,IAAI,CAAC1C,oBAAoB,CAAC,cAAc,CAAC;MAC5CqD,gBAAgB,EAAE,SAAS;MAC3BC,MAAM,EAAEA,CAACC,CAAC,EAAEC,CAAC,KAAKD,CAAC,CAACO,YAAY,CAACH,MAAM,GAAGH,CAAC,CAACM,YAAY,CAACH;IAC7D,CAAC,EACD;MACIP,KAAK,EAAE,UAAU;MACjBnD,SAAS,EAAE,UAAU;MACrByC,GAAG,EAAE,UAAU;MACf,GAAG,IAAI,CAAC1C,oBAAoB,CAAC,UAAU,CAAC;MACxCqD,gBAAgB,EAAE,SAAS;MAC3BC,MAAM,EAAEA,CAACC,CAAC,EAAEC,CAAC,KAAKD,CAAC,CAACQ,QAAQ,CAACJ,MAAM,GAAGH,CAAC,CAACO,QAAQ,CAACJ;IACrD,CAAC,EACD;MACIP,KAAK,EAAE,sBAAsB;MAC7BnD,SAAS,EAAE,iBAAiB;MAC5ByC,GAAG,EAAE,iBAAiB;MACtB,GAAG,IAAI,CAAC1C,oBAAoB,CAAC,iBAAiB,CAAC;MAC/CqD,gBAAgB,EAAE,SAAS;MAC3BC,MAAM,EAAEA,CAACC,CAAC,EAAEC,CAAC,KAAM;QACf,IAAIQ,EAAE,GAAG,IAAIC,IAAI,CAACV,CAAC,CAACW,eAAe,CAAC;QACpC,IAAIC,EAAE,GAAG,IAAIF,IAAI,CAACT,CAAC,CAACU,eAAe,CAAC;QACpC,OAAOF,EAAE,GAACG,EAAE;MAChB;IACJ,CAAC,EACD;MACIf,KAAK,EAAE,eAAe;MACtBnD,SAAS,EAAE,aAAa;MACxByC,GAAG,EAAE,aAAa;MAClBX,MAAM,EAACA,CAACC,IAAI,EAACT,MAAM,KAAG;QAClB,IAAI6C,EAAE,GAAG,IAAIC,IAAI,CAACC,YAAY,CAAC,CAAC;QAChC,IAAIC,GAAG,GAAGH,EAAE,CAACI,MAAM,CAACxC,IAAI,CAAC;QACzB,OAAO,CAAC,IAAI,CAAC,CAACuC,GAAG,CAAC,EAAE,IAAI,CAAC;MAC7B,CAAC;MACDlB,gBAAgB,EAAE,SAAS;MAC3BC,MAAM,EAAEA,CAACC,CAAC,EAAEC,CAAC,KAAKD,CAAC,CAACkB,WAAW,GAAGjB,CAAC,CAACiB;IACxC,CAAC,EACD;MACIrB,KAAK,EAAE,uBAAuB;MAC9BnD,SAAS,EAAE,uBAAuB;MAClCyC,GAAG,EAAE,uBAAuB;MAC5BX,MAAM,EAACA,CAACC,IAAI,EAACT,MAAM,KAAG;QAClB,IAAImD,GAAG,GAAG1C,IAAI,IAAE,CAAC,GAAC,SAAS,GAAC,SAAS;QACrC,OAAO0C,GAAG;MACd,CAAC;MACDrB,gBAAgB,EAAE,SAAS;MAC3BC,MAAM,EAAEA,CAACC,CAAC,EAAEC,CAAC,KAAKD,CAAC,CAACoB,qBAAqB,GAAGnB,CAAC,CAACmB;IAClD,CAAC,EACD;MACIvB,KAAK,EAAE,aAAa;MACpBnD,SAAS,EAAE,aAAa;MACxByC,GAAG,EAAE,aAAa;MAClBX,MAAM,EAACA,CAACC,IAAI,EAACT,MAAM,KAAG;QAClB,IAAI6C,EAAE,GAAG,IAAIC,IAAI,CAACC,YAAY,CAAC,CAAC;QAChC,IAAIC,GAAG,GAAGH,EAAE,CAACI,MAAM,CAACxC,IAAI,CAAC;QACzB,OAAO,CAAC,IAAI,CAAC,CAACuC,GAAG,CAAC,EAAE,IAAI,CAAC;MAC7B,CAAC;MACDlB,gBAAgB,EAAE,SAAS;MAC3BC,MAAM,EAAEA,CAACC,CAAC,EAAEC,CAAC,KAAKD,CAAC,CAACqB,WAAW,GAAGpB,CAAC,CAACoB;IACxC,CAAC,CACJ;IAED,OACI,CAAC,GAAG;AAChB,gBAAgB,CAAC,GAAG;AACpB,oBAAoB,CAAC,GAAG,CAAC,IAAI,CAAC,CAAC,EAAE,CAAC;AAClC,wBAAwB,CAAC,UAAU,CACP,KAAK,CAAC,CAAC,KAAK,CAAC,CACb,QAAQ,CAAC,CAAC,KAAK,CAAC,CAChB,KAAK,CAAC,0BAA0B,CAChC,KAAK,CAAC,CAAC,CACH,CAAC,MAAM,CAAC,GAAG,CAAC,GAAG,CACF,IAAI,CAAC,8DAA8D,CAC/E,GAAG,EAAE,MAAM,CAAC,EACb,CAAC,MAAM,CAAC,GAAG,CAAC,GAAG,CACF,IAAI,CAAC,8DAA8D,CAC/E,GAAG,EAAE,MAAM,CAAC,CAChB,CAAC;AAE9B,wBAAwB,EAAE,UAAU;AACpC,oBAAoB,EAAE,GAAG;AACzB,gBAAgB,EAAE,GAAG;AACrB,gBAAgB,CAAC,GAAG,CAAC,MAAM,CAAC,EAAC,EAAE,EAAC,EAAE,EAAC;AACnC,oBAAoB,CAAC,GAAG,CAAC,IAAI,CAAC,CAAC,EAAE,CAAC;AAClC,wBAAwB,CAAC,KAAK,CACF,UAAU,CAAC,CAAC,IAAI,CAAC3F,KAAK,CAAC4F,qBAAqB,CAAC,CAC7C,OAAO,CAAC,CAAC1B,OAAO,CAAC;AAE7C,oBAAoB,EAAE,GAAG;AACzB,gBAAgB,EAAE,GAAG;AACrB,YAAY,EAAE,GAAG,CAAC;EAEd;AACJ;AAEA,MAAM2B,eAAe,GAAG3F,KAAK,IAAI;EAC7B4F,OAAO,CAACC,GAAG,CAAC7F,KAAK,CAAC;EAClB,OAAO;IACH6D,QAAQ,EAAE7D,KAAK,CAAC6D,QAAQ,CAACA,QAAQ;IACjCiC,iBAAiB,EAAE9F,KAAK,CAAC6D,QAAQ,CAACiC,iBAAiB;IACnDC,OAAO,EAAE/F,KAAK,CAACgG,IAAI,CAACD,OAAO;IAC3BE,KAAK,EAAEjG,KAAK,CAACgG,IAAI,CAACC,KAAK;IACvBC,KAAK,EAAElG,KAAK,CAACgG,IAAI,CAACG,YAAY;IAC9B1C,eAAe,EAAEzD,KAAK,CAACgG,IAAI,CAACG,YAAY,KAAK,IAAI;IACjDC,gBAAgB,EAAEpG,KAAK,CAACgG,IAAI,CAACI,gBAAgB;IAC7CV,qBAAqB,EAAC1F,KAAK,CAAC0F,qBAAqB,CAACA,qBAAqB;IACvEW,4BAA4B,EAAErG,KAAK,CAAC0F,qBAAqB,CAACW,4BAA4B;IACtFC,4BAA4B,EAAEtG,KAAK,CAAC0F,qBAAqB,CAACY,4BAA4B;IACtFC,0BAA0B,EAAEvG,KAAK,CAAC0F,qBAAqB,CAACa;EAC5D,CAAC;AACL,CAAC;AACD,MAAMC,kBAAkB,GAAGC,QAAQ,IAAI;EACnC,OAAO;IACHC,KAAK,EAAEA,CAACC,KAAK,EAAEC,QAAQ,KAAKH,QAAQ,CAAC/G,OAAO,CAACgH,KAAK,CAACC,KAAK,EAAEC,QAAQ,CAAC,CAAC;IACpEC,mBAAmB,EAAEA,CAAA,KAAMJ,QAAQ,CAAC/G,OAAO,CAACmH,mBAAmB,CAAC,IAAI,CAAC,CAAC;IACtE9G,YAAY,EAAEA,CAAA,KAAM0G,QAAQ,CAAC/G,OAAO,CAACK,YAAY,CAAC,CAAC,CAAC;IACpDmD,oBAAoB,EAAG4C,iBAAiB,IAAKW,QAAQ,CAAC/G,OAAO,CAACwD,oBAAoB,CAAC4C,iBAAiB,CAAC,CAAC;IACtG3C,mBAAmB,EAAEA,CAAA,KAAMsD,QAAQ,CAAC/G,OAAO,CAACyD,mBAAmB,CAAC,CAAC,CAAC;IAClEC,yBAAyB,EAAEA,CAAA,KAAMqD,QAAQ,CAAC/G,OAAO,CAAC0D,yBAAyB,CAAC,CAAC;EACjF,CAAC;AACL,CAAC;AAED,eAAe5D,OAAO,CAACmG,eAAe,EAAEa,kBAAkB,CAAC,CAAC5G,4BAA4B,CAAC"},"targets":{},"cloneInputAst":true,"browserslistConfigFile":false,"passPerPreset":false,"envName":"development","cwd":"/home/ani/Mergerware_assignment/Mererware_meteor/Mergerware_loanify","root":"/home/ani/Mergerware_assignment/Mererware_meteor/Mergerware_loanify","rootMode":"root","plugins":[{"key":"base$0","visitor":{"_exploded":true,"_verified":true},"options":{},"externalDependencies":[]},{"key":"base$0$0","visitor":{"Program":{"enter":[null],"exit":[null]},"_exploded":true,"_verified":true},"options":{"avoidModernSyntax":true,"enforceStrictMode":false,"dynamicImport":true},"externalDependencies":[]},{"key":"transform-runtime","visitor":{"MemberExpression":{"enter":[null]},"ObjectPattern":{"enter":[null]},"BinaryExpression":{"enter":[null]},"Identifier":{"enter":[null]},"JSXIdentifier":{"enter":[null]},"_exploded":true,"_verified":true},"options":{"version":"7.17.2","helpers":true,"useESModules":false,"corejs":false},"externalDependencies":[]},{"key":"proposal-class-properties","visitor":{"ExportDefaultDeclaration":{"enter":[null]},"_exploded":true,"_verified":true,"ClassExpression":{"enter":[null]},"ClassDeclaration":{"enter":[null]}},"options":{"loose":true},"externalDependencies":[]},{"key":"base$0$3","visitor":{"FunctionExpression":{"exit":[null]},"_exploded":true,"_verified":true},"options":{},"externalDependencies":[]},{"key":"base$0$4","visitor":{"ForInStatement":{"enter":[null]},"_exploded":true,"_verified":true},"options":{},"externalDependencies":[]},{"key":"transform-react-jsx","visitor":{"JSXNamespacedName":{"enter":[null]},"JSXSpreadChild":{"enter":[null]},"Program":{"enter":[null]},"JSXFragment":{"exit":[null]},"JSXElement":{"exit":[null]},"JSXAttribute":{"enter":[null]},"_exploded":true,"_verified":true},"options":{"pragma":"React.createElement","pragmaFrag":"React.Fragment","runtime":"classic","throwIfNamespace":true,"useBuiltIns":false},"externalDependencies":[]},{"key":"transform-react-display-name","visitor":{"ExportDefaultDeclaration":{"enter":[null]},"CallExpression":{"enter":[null]},"_exploded":true,"_verified":true},"options":{},"externalDependencies":[]},{"key":"transform-react-pure-annotations","visitor":{"CallExpression":{"enter":[null]},"_exploded":true,"_verified":true},"options":{},"externalDependencies":[]},{"key":"syntax-nullish-coalescing-operator","visitor":{"_exploded":true,"_verified":true},"options":{},"externalDependencies":[]},{"key":"proposal-nullish-coalescing-operator","visitor":{"LogicalExpression":{"enter":[null]},"_exploded":true,"_verified":true},"options":{},"externalDependencies":[]},{"key":"syntax-optional-chaining","visitor":{"_exploded":true,"_verified":true},"options":{},"externalDependencies":[]},{"key":"proposal-optional-chaining","visitor":{"OptionalCallExpression":{"enter":[null]},"OptionalMemberExpression":{"enter":[null]},"_exploded":true,"_verified":true},"options":{},"externalDependencies":[]},{"key":"syntax-optional-catch-binding","visitor":{"_exploded":true,"_verified":true},"options":{},"externalDependencies":[]},{"key":"proposal-optional-catch-binding","visitor":{"CatchClause":{"enter":[null]},"_exploded":true,"_verified":true},"options":{},"externalDependencies":[]},{"key":"syntax-class-properties","visitor":{"_exploded":true,"_verified":true},"options":{},"externalDependencies":[]},{"key":"proposal-class-properties","visitor":{"ExportDefaultDeclaration":{"enter":[null]},"_exploded":true,"_verified":true,"ClassExpression":{"enter":[null]},"ClassDeclaration":{"enter":[null]}},"options":{},"externalDependencies":[]},{"key":"syntax-async-generators","visitor":{"_exploded":true,"_verified":true},"options":{},"externalDependencies":[]},{"key":"proposal-async-generator-functions","visitor":{"Program":{"enter":[null]},"_exploded":true,"_verified":true},"options":{},"externalDependencies":[]},{"key":"syntax-object-rest-spread","visitor":{"_exploded":true,"_verified":true},"options":{},"externalDependencies":[]},{"key":"proposal-object-rest-spread","visitor":{"VariableDeclarator":{"enter":[null]},"ExportNamedDeclaration":{"enter":[null]},"CatchClause":{"enter":[null]},"AssignmentExpression":{"enter":[null]},"ArrayPattern":{"enter":[null]},"ObjectExpression":{"enter":[null]},"FunctionDeclaration":{"enter":[null]},"FunctionExpression":{"enter":[null]},"ObjectMethod":{"enter":[null]},"ArrowFunctionExpression":{"enter":[null]},"ClassMethod":{"enter":[null]},"ClassPrivateMethod":{"enter":[null]},"ForInStatement":{"enter":[null]},"ForOfStatement":{"enter":[null]},"_exploded":true,"_verified":true},"options":{},"externalDependencies":[]},{"key":"proposal-logical-assignment-operators","visitor":{"AssignmentExpression":{"enter":[null]},"_exploded":true,"_verified":true},"options":{},"externalDependencies":[]},{"key":"transform-arrow-functions","visitor":{"ArrowFunctionExpression":{"enter":[null]},"_exploded":true,"_verified":true},"options":{},"externalDependencies":[]},{"key":"transform-block-scoped-functions","visitor":{"BlockStatement":{"enter":[null]},"SwitchCase":{"enter":[null]},"_exploded":true,"_verified":true},"options":{},"externalDependencies":[]},{"key":"transform-block-scoping","visitor":{"VariableDeclaration":{"enter":[null,null]},"BlockStatement":{"enter":[null]},"SwitchCase":{"enter":[null]},"ClassDeclaration":{"enter":[null]},"DoWhileStatement":{"enter":[null]},"ForInStatement":{"enter":[null]},"ForStatement":{"enter":[null]},"WhileStatement":{"enter":[null]},"ForOfStatement":{"enter":[null]},"_exploded":true,"_verified":true},"options":{},"externalDependencies":[]},{"key":"transform-classes","visitor":{"ExportDefaultDeclaration":{"enter":[null]},"ClassDeclaration":{"enter":[null]},"ClassExpression":{"enter":[null]},"_exploded":true,"_verified":true},"options":{"loose":true},"externalDependencies":[]},{"key":"transform-computed-properties","visitor":{"ObjectExpression":{"exit":[null]},"_exploded":true,"_verified":true},"options":{"loose":true},"externalDependencies":[]},{"key":"transform-destructuring","visitor":{"ExportNamedDeclaration":{"enter":[null]},"CatchClause":{"enter":[null]},"AssignmentExpression":{"enter":[null]},"VariableDeclaration":{"enter":[null]},"_exploded":true,"_verified":true,"ForInStatement":{"enter":[null]},"ForOfStatement":{"enter":[null]}},"options":{},"externalDependencies":[]},{"key":"transform-for-of","visitor":{"ForOfStatement":{"enter":[null]},"_exploded":true,"_verified":true},"options":{"loose":true},"externalDependencies":[]},{"key":"transform-literals","visitor":{"NumericLiteral":{"enter":[null]},"StringLiteral":{"enter":[null]},"_exploded":true,"_verified":true},"options":{},"externalDependencies":[]},{"key":"transform-object-super","visitor":{"ObjectExpression":{"enter":[null]},"_exploded":true,"_verified":true,"DoWhileStatement":{"exit":[null]},"ForInStatement":{"exit":[null]},"ForStatement":{"exit":[null]},"WhileStatement":{"exit":[null]},"ForOfStatement":{"exit":[null]}},"options":{},"externalDependencies":[]},{"key":"transform-parameters","visitor":{"_exploded":true,"_verified":true,"FunctionDeclaration":{"enter":[null]},"FunctionExpression":{"enter":[null]},"ObjectMethod":{"enter":[null]},"ArrowFunctionExpression":{"enter":[null]},"ClassMethod":{"enter":[null]},"ClassPrivateMethod":{"enter":[null]}},"options":{},"externalDependencies":[]},{"key":"transform-shorthand-properties","visitor":{"ObjectMethod":{"enter":[null]},"ObjectProperty":{"enter":[null]},"_exploded":true,"_verified":true},"options":{},"externalDependencies":[]},{"key":"transform-spread","visitor":{"ArrayExpression":{"enter":[null]},"CallExpression":{"enter":[null]},"NewExpression":{"enter":[null]},"_exploded":true,"_verified":true},"options":{},"externalDependencies":[]},{"key":"transform-sticky-regex","visitor":{"RegExpLiteral":{"enter":[null]},"_exploded":true,"_verified":true},"options":{},"externalDependencies":[]},{"key":"transform-template-literals","visitor":{"TaggedTemplateExpression":{"enter":[null]},"TemplateLiteral":{"enter":[null]},"_exploded":true,"_verified":true},"options":{"loose":true},"externalDependencies":[]},{"key":"transform-typeof-symbol","visitor":{"UnaryExpression":{"enter":[null]},"_exploded":true,"_verified":true,"BlockStatement":{"enter":[null]},"CatchClause":{"enter":[null]},"DoWhileStatement":{"enter":[null]},"ForInStatement":{"enter":[null]},"ForStatement":{"enter":[null]},"FunctionDeclaration":{"enter":[null]},"FunctionExpression":{"enter":[null]},"Program":{"enter":[null]},"ObjectMethod":{"enter":[null]},"SwitchStatement":{"enter":[null]},"WhileStatement":{"enter":[null]},"ArrowFunctionExpression":{"enter":[null]},"ClassExpression":{"enter":[null]},"ClassDeclaration":{"enter":[null]},"ForOfStatement":{"enter":[null]},"ClassMethod":{"enter":[null]},"ClassPrivateMethod":{"enter":[null]},"StaticBlock":{"enter":[null]},"TSModuleBlock":{"enter":[null]},"AssignmentPattern":{"enter":[null]},"ArrayPattern":{"enter":[null]},"ObjectPattern":{"enter":[null]}},"options":{},"externalDependencies":[]},{"key":"transform-unicode-regex","visitor":{"RegExpLiteral":{"enter":[null]},"_exploded":true,"_verified":true},"options":{},"externalDependencies":[]},{"key":"transform-property-literals","visitor":{"ObjectProperty":{"exit":[null]},"_exploded":true,"_verified":true},"options":{},"externalDependencies":[]},{"key":"transform-exponentiation-operator","visitor":{"AssignmentExpression":{"enter":[null]},"BinaryExpression":{"enter":[null]},"_exploded":true,"_verified":true},"options":{},"externalDependencies":[]},{"key":"transform-regenerator","visitor":{"ObjectMethod":{"enter":[null],"exit":[null]},"ClassMethod":{"enter":[null],"exit":[null]},"ClassPrivateMethod":{"enter":[null],"exit":[null]},"FunctionDeclaration":{"exit":[null]},"FunctionExpression":{"exit":[null]},"ArrowFunctionExpression":{"exit":[null]},"MemberExpression":{"enter":[null]},"_exploded":true,"_verified":true},"options":{},"externalDependencies":[]}],"presets":[],"generatorOpts":{"filename":"/home/ani/Mergerware_assignment/Mererware_meteor/Mergerware_loanify/imports/ui/components/ReportsAllAccountsDuesReport/ReportsAllAccountsDuesReport.js","comments":true,"compact":false,"sourceMaps":true,"sourceFileName":"imports/ui/components/ReportsAllAccountsDuesReport/ReportsAllAccountsDuesReport.js","inputSourceMap":{"version":3,"names":["React","Component","Row","Col","Select","Table","Button","Menu","Dropdown","Input","Icon","PageHeader","Descriptions","connect","Redirect","actions","Highlighter","ReportsAllAccountsDuesReport","componentDidMount","props","initAccounts","state","goToAccountDetails","searchText","searchedColumn","getByPath","obj","path","def","replace","split","forEach","level","undefined","getColumnSearchProps","dataIndex","filterDropdown","setSelectedKeys","selectedKeys","confirm","clearFilters","padding","node","searchInput","e","target","value","handleSearch","width","marginBottom","display","marginRight","handleReset","filterIcon","filtered","color","onFilter","record","toString","toLowerCase","includes","onFilterDropdownVisibleChange","visible","setTimeout","select","render","text","backgroundColor","setState","onRowClick","currAccountId","setSelectedAccountId","unsetSelectedLoanId","initAllAccountsDuesReport","accountsMenuClick","item","key","authRedirect","isAuthenticated","accountDetailsRedirect","captionAccountSelect","accountsMenu","accounts","map","val","columns","title","defaultSortOrder","sorter","a","b","account","account_name","length","account_id_card","id","agreement_no","currency","d1","Date","date_loan_start","d2","nf","Intl","NumberFormat","cms","format","loan_amount","msg","payment_interval_type","balance_due","allAccountsDuesReport","mapStateToProps","console","log","selectedAccountId","loading","auth","error","token","access_token","authRedirectPath","allAccountsDuesReportLoading","allAccountsDuesReportMessage","allAccountsDuesReportError","mapDispatchToProps","dispatch","login","email","password","setAuthRedirectPath"],"sources":["imports/ui/components/ReportsAllAccountsDuesReport/ReportsAllAccountsDuesReport.js"],"sourcesContent":["import React, { Component } from 'react';\nimport { Row, Col, Select, Table, Button, Menu, Dropdown, Input, Icon,\n    PageHeader, Descriptions } from 'antd';\nimport { connect } from 'react-redux';\nimport { Redirect } from 'react-router';\nimport * as actions from '../../store/actions/index';\nimport Highlighter from 'react-highlight-words';\n\nclass ReportsAllAccountsDuesReport extends Component {\n    componentDidMount() {\n        this.props.initAccounts();\n    }\n\n    state = {\n        goToAccountDetails: false,\n        searchText: '',\n        searchedColumn: ''\n    }\n\n    // Search Start\n    getByPath = function(obj, path, def) {\n        path = path\n            .replace(/\\[/g, '.')\n            .replace(/]/g, '')\n            .split('.');\n        path.forEach(function (level) {\n            obj = obj[level];\n        });\n        if (obj === undefined) {\n            return def;\n        }\n        return obj;\n    };\n\n    getColumnSearchProps = dataIndex => ({\n        filterDropdown: ({ setSelectedKeys, selectedKeys, confirm, clearFilters }) => (\n            <div style={{ padding: 8 }}>\n                <Input\n                    ref={node => {\n                        this.searchInput = node;\n                    }}\n                    placeholder={`Search ${dataIndex}`}\n                    value={selectedKeys[0]}\n                    onChange={e => setSelectedKeys(e.target.value ? [e.target.value] : [])}\n                    onPressEnter={() => this.handleSearch(selectedKeys, confirm, dataIndex)}\n                    style={{ width: 188, marginBottom: 8, display: 'block' }}\n                />\n                <Button\n                    type=\"primary\"\n                    onClick={() => this.handleSearch(selectedKeys, confirm, dataIndex)}\n                    icon=\"search\"\n                    size=\"small\"\n                    style={{ width: 90, marginRight: 8 }}\n                >\n                    Search\n                </Button>\n                <Button onClick={() => this.handleReset(clearFilters)} size=\"small\" style={{ width: 90 }}>\n                    Reset\n                </Button>\n            </div>\n        ),\n        filterIcon: filtered => (\n            <Icon type=\"search\" style={{ color: filtered ? '#1890ff' : undefined }} />\n        ),\n        onFilter: (value, record) =>\n            this.getByPath(record,dataIndex)\n                .toString()\n                .toLowerCase()\n                .includes(value.toLowerCase()),\n        onFilterDropdownVisibleChange: visible => {\n            if (visible) {\n                setTimeout(() => this.searchInput.select());\n            }\n        },\n        render: text => (\n            (this.state.searchedColumn === dataIndex) ?\n            <Highlighter\n                highlightStyle={{ backgroundColor: '#ffc069', padding: 0 }}\n                searchWords={[this.state.searchText]}\n                autoEscape\n                textToHighlight={text.toString()}\n            />\n            : text\n        ),\n    });\n\n    handleSearch = (selectedKeys, confirm, dataIndex) => {\n        confirm();\n        this.setState({ \n            searchText: selectedKeys[0],\n            searchedColumn: dataIndex,\n        });\n    };\n\n    handleReset = clearFilters => {\n        clearFilters();\n        this.setState({ searchText: '' });\n    };\n    // Search End\n\n    onRowClick = (record) => {\n        let currAccountId = record['id'];\n        this.props.setSelectedAccountId(currAccountId);\n        this.props.unsetSelectedLoanId();\n        this.setState({\n            goToAccountDetails: true\n        });\n    }\n\n    componentDidMount() {\n        this.props.initAllAccountsDuesReport();\n    }\n\n    accountsMenuClick = (item) => {\n        this.props.setSelectedAccountId(item.key);\n    }\n\n    render() {\n        let authRedirect = null;\n        if (!this.props.isAuthenticated) {\n            authRedirect = <Redirect to=\"/login\" />\n        }\n\n\n        let accountDetailsRedirect = null;\n        if (this.state.goToAccountDetails === true) {\n            accountDetailsRedirect = <Redirect push={true} to=\"/account/details\" />;\n        }\n        else {\n            accountDetailsRedirect = null;\n        }\n\n        let captionAccountSelect = \"Select account\";\n\n        let accountsMenu = (\n            <Menu onClick={this.accountsMenuClick}>\n                {this.props.accounts && this.props.accounts.map((val) => (\n                    <Menu.Item key={val['id']}>\n                        {val['account_name']}\n                    </Menu.Item>\n                ))}\n            </Menu>\n        );\n\n        const columns = [\n            {\n                title: 'Account Name',\n                dataIndex: 'account.account_name',\n                key: 'account_name',\n                ...this.getColumnSearchProps('account_name'),\n                defaultSortOrder: 'descend',\n                sorter: (a, b) => a.account.account_name.length - b.account.account_name.length,\n            },\n            {\n                title: 'ID Card',\n                dataIndex: 'account.account_id_card',\n                key: 'due_amount',\n                ...this.getColumnSearchProps('account.account_id_card'),\n                defaultSortOrder: 'descend',\n                sorter: (a, b) => a.account.account_id_card.length - b.account.account_id_card.length,\n            },\n            {\n                title: 'Borrowing id',\n                dataIndex: 'id',\n                key: 'id',\n                ...this.getColumnSearchProps('id'),\n                defaultSortOrder: 'descend',\n                sorter: (a, b) => a.id - b.id,\n            },\n            {\n                title: 'Agreement id',\n                dataIndex: 'agreement_no',\n                key: 'agreement_no',\n                ...this.getColumnSearchProps('agreement_no'),\n                defaultSortOrder: 'descend',\n                sorter: (a, b) => a.agreement_no.length - b.agreement_no.length\n            },\n            {\n                title: 'Currency',\n                dataIndex: 'currency',\n                key: 'currency',\n                ...this.getColumnSearchProps('currency'),\n                defaultSortOrder: 'descend',\n                sorter: (a, b) => a.currency.length - b.currency.length\n            },\n            {\n                title: 'Date Borrowing Start',\n                dataIndex: 'date_loan_start',\n                key: 'date_loan_start',\n                ...this.getColumnSearchProps('date_loan_start'),\n                defaultSortOrder: 'descend',\n                sorter: (a, b) =>  {\n                    let d1 = new Date(a.date_loan_start);\n                    let d2 = new Date(b.date_loan_start);\n                    return d1<d2;\n                },\n            },\n            {\n                title: 'Issued amount',\n                dataIndex: 'loan_amount',\n                key: 'loan_amount',\n                render:(text,record)=>{\n                    var nf = new Intl.NumberFormat();\n                    let cms = nf.format(text);\n                    return <span>{cms}</span>;\n                },\n                defaultSortOrder: 'descend',\n                sorter: (a, b) => a.loan_amount - b.loan_amount,\n            },\n            {\n                title: 'Payment Interval Type',\n                dataIndex: 'payment_interval_type',\n                key: 'payment_interval_type',\n                render:(text,record)=>{\n                    let msg = text==0?\"Daywise\":\"Monthly\";\n                    return msg;\n                },\n                defaultSortOrder: 'descend',\n                sorter: (a, b) => a.payment_interval_type - b.payment_interval_type\n            },\n            {\n                title: 'Balance Due',\n                dataIndex: 'balance_due',\n                key: 'balance_due',\n                render:(text,record)=>{\n                    var nf = new Intl.NumberFormat();\n                    let cms = nf.format(text);\n                    return <span>{cms}</span>;\n                },\n                defaultSortOrder: 'descend',\n                sorter: (a, b) => a.balance_due - b.balance_due,\n            },\n        ];\n\n        return (\n            <div>\n                <Row>\n                    <Col span={24}>\n                        <PageHeader\n                            ghost={false}\n                            backIcon={false}\n                            title=\"All Accounts Dues Report\"\n                            extra={[\n                                <Button key=\"1\" \n                                             href=\"http://fina.mv/api/dues-per-loan-for-all-accounts-report-pdf\"\n                                >PDF</Button>,\n                                <Button key=\"2\"\n                                             href=\"http://fina.mv/api/dues-per-loan-for-all-accounts-report-csv\"\n                                >CSV</Button>,\n                            ]}\n                        >\n                        </PageHeader>\n                    </Col>\n                </Row>\n                <Row gutter={16,16}>\n                    <Col span={24}>\n                        <Table\n                            dataSource={this.props.allAccountsDuesReport}\n                            columns={columns}\n                        />\n                    </Col>\n                </Row>\n            </div>\n        );\n    }\n}\n\nconst mapStateToProps = state => {\n    console.log(state)\n    return {\n        accounts: state.accounts.accounts,\n        selectedAccountId: state.accounts.selectedAccountId,\n        loading: state.auth.loading,\n        error: state.auth.error,\n        token: state.auth.access_token,\n        isAuthenticated: state.auth.access_token !== null,\n        authRedirectPath: state.auth.authRedirectPath,\n        allAccountsDuesReport:state.allAccountsDuesReport.allAccountsDuesReport,\n        allAccountsDuesReportLoading: state.allAccountsDuesReport.allAccountsDuesReportLoading,\n        allAccountsDuesReportMessage: state.allAccountsDuesReport.allAccountsDuesReportMessage,\n        allAccountsDuesReportError: state.allAccountsDuesReport.allAccountsDuesReportError,\n    }\n}\nconst mapDispatchToProps = dispatch => {\n    return {\n        login: (email, password) => dispatch(actions.login(email, password)),\n        setAuthRedirectPath: () => dispatch(actions.setAuthRedirectPath('/ ')),\n        initAccounts: () => dispatch(actions.initAccounts()),\n        setSelectedAccountId: (selectedAccountId) => dispatch(actions.setSelectedAccountId(selectedAccountId)),\n        unsetSelectedLoanId: () => dispatch(actions.unsetSelectedLoanId()),\n        initAllAccountsDuesReport: () => dispatch(actions.initAllAccountsDuesReport()),\n    }\n}\n\nexport default connect(mapStateToProps, mapDispatchToProps)(ReportsAllAccountsDuesReport);\n\n\n\n"],"mappings":";AAAA,OAAOA,KAAK,IAAIC,SAAS,QAAQ,OAAO;AACxC,SAASC,GAAG,EAAEC,GAAG,EAAEC,MAAM,EAAEC,KAAK,EAAEC,MAAM,EAAEC,IAAI,EAAEC,QAAQ,EAAEC,KAAK,EAAEC,IAAI,EACjEC,UAAU,EAAEC,YAAY,QAAQ,MAAM;AAC1C,SAASC,OAAO,QAAQ,aAAa;AACrC,SAASC,QAAQ,QAAQ,cAAc;AACvC,OAAO,KAAKC,OAAO,MAAM,2BAA2B;AACpD,OAAOC,WAAW,MAAM,uBAAuB;AAE/C,MAAMC,4BAA4B,SAAShB,SAAS,CAAC;EACjDiB,iBAAiBA,CAAA,EAAG;IAChB,IAAI,CAACC,KAAK,CAACC,YAAY,CAAC,CAAC;EAC7B;EAEAC,KAAK,GAAG;IACJC,kBAAkB,EAAE,KAAK;IACzBC,UAAU,EAAE,EAAE;IACdC,cAAc,EAAE;EACpB,CAAC;;EAED;EACAC,SAAS,GAAG,SAAAA,CAASC,GAAG,EAAEC,IAAI,EAAEC,GAAG,EAAE;IACjCD,IAAI,GAAGA,IAAI,CACNE,OAAO,CAAC,KAAK,EAAE,GAAG,CAAC,CACnBA,OAAO,CAAC,IAAI,EAAE,EAAE,CAAC,CACjBC,KAAK,CAAC,GAAG,CAAC;IACfH,IAAI,CAACI,OAAO,CAAC,UAAUC,KAAK,EAAE;MAC1BN,GAAG,GAAGA,GAAG,CAACM,KAAK,CAAC;IACpB,CAAC,CAAC;IACF,IAAIN,GAAG,KAAKO,SAAS,EAAE;MACnB,OAAOL,GAAG;IACd;IACA,OAAOF,GAAG;EACd,CAAC;EAEDQ,oBAAoB,GAAGC,SAAS,KAAK;IACjCC,cAAc,EAAEA,CAAC;MAAEC,eAAe;MAAEC,YAAY;MAAEC,OAAO;MAAEC;IAAa,CAAC,KACrE,CAAC,GAAG,CAAC,KAAK,CAAC,CAAC;MAAEC,OAAO,EAAE;IAAE,CAAC,CAAC;AACvC,gBAAgB,CAAC,KAAK,CACF,GAAG,CAAC,CAACC,IAAI,IAAI;QACT,IAAI,CAACC,WAAW,GAAGD,IAAI;MAC3B,CAAC,CAAC,CACF,WAAW,CAAC,CAAE,UAASP,SAAU,EAAC,CAAC,CACnC,KAAK,CAAC,CAACG,YAAY,CAAC,CAAC,CAAC,CAAC,CACvB,QAAQ,CAAC,CAACM,CAAC,IAAIP,eAAe,CAACO,CAAC,CAACC,MAAM,CAACC,KAAK,GAAG,CAACF,CAAC,CAACC,MAAM,CAACC,KAAK,CAAC,GAAG,EAAE,CAAC,CAAC,CACvE,YAAY,CAAC,CAAC,MAAM,IAAI,CAACC,YAAY,CAACT,YAAY,EAAEC,OAAO,EAAEJ,SAAS,CAAC,CAAC,CACxE,KAAK,CAAC,CAAC;QAAEa,KAAK,EAAE,GAAG;QAAEC,YAAY,EAAE,CAAC;QAAEC,OAAO,EAAE;MAAQ,CAAC,CAAC;AAE7E,gBAAgB,CAAC,MAAM,CACH,IAAI,CAAC,SAAS,CACd,OAAO,CAAC,CAAC,MAAM,IAAI,CAACH,YAAY,CAACT,YAAY,EAAEC,OAAO,EAAEJ,SAAS,CAAC,CAAC,CACnE,IAAI,CAAC,QAAQ,CACb,IAAI,CAAC,OAAO,CACZ,KAAK,CAAC,CAAC;QAAEa,KAAK,EAAE,EAAE;QAAEG,WAAW,EAAE;MAAE,CAAC,CAAC;AAEzD;AACA,gBAAgB,EAAE,MAAM;AACxB,gBAAgB,CAAC,MAAM,CAAC,OAAO,CAAC,CAAC,MAAM,IAAI,CAACC,WAAW,CAACZ,YAAY,CAAC,CAAC,CAAC,IAAI,CAAC,OAAO,CAAC,KAAK,CAAC,CAAC;QAAEQ,KAAK,EAAE;MAAG,CAAC,CAAC;AACzG;AACA,gBAAgB,EAAE,MAAM;AACxB,YAAY,EAAE,GAAG,CACR;IACDK,UAAU,EAAEC,QAAQ,IAChB,CAAC,IAAI,CAAC,IAAI,CAAC,QAAQ,CAAC,KAAK,CAAC,CAAC;MAAEC,KAAK,EAAED,QAAQ,GAAG,SAAS,GAAGrB;IAAU,CAAC,CAAC,GAC1E;IACDuB,QAAQ,EAAEA,CAACV,KAAK,EAAEW,MAAM,KACpB,IAAI,CAAChC,SAAS,CAACgC,MAAM,EAACtB,SAAS,CAAC,CAC3BuB,QAAQ,CAAC,CAAC,CACVC,WAAW,CAAC,CAAC,CACbC,QAAQ,CAACd,KAAK,CAACa,WAAW,CAAC,CAAC,CAAC;IACtCE,6BAA6B,EAAEC,OAAO,IAAI;MACtC,IAAIA,OAAO,EAAE;QACTC,UAAU,CAAC,MAAM,IAAI,CAACpB,WAAW,CAACqB,MAAM,CAAC,CAAC,CAAC;MAC/C;IACJ,CAAC;IACDC,MAAM,EAAEC,IAAI,IACP,IAAI,CAAC7C,KAAK,CAACG,cAAc,KAAKW,SAAS,GACxC,CAAC,WAAW,CACR,cAAc,CAAC,CAAC;MAAEgC,eAAe,EAAE,SAAS;MAAE1B,OAAO,EAAE;IAAE,CAAC,CAAC,CAC3D,WAAW,CAAC,CAAC,CAAC,IAAI,CAACpB,KAAK,CAACE,UAAU,CAAC,CAAC,CACrC,UAAU,CACV,eAAe,CAAC,CAAC2C,IAAI,CAACR,QAAQ,CAAC,CAAC,CAAC,GACnC,GACAQ;EAEV,CAAC,CAAC;EAEFnB,YAAY,GAAGA,CAACT,YAAY,EAAEC,OAAO,EAAEJ,SAAS,KAAK;IACjDI,OAAO,CAAC,CAAC;IACT,IAAI,CAAC6B,QAAQ,CAAC;MACV7C,UAAU,EAAEe,YAAY,CAAC,CAAC,CAAC;MAC3Bd,cAAc,EAAEW;IACpB,CAAC,CAAC;EACN,CAAC;EAEDiB,WAAW,GAAGZ,YAAY,IAAI;IAC1BA,YAAY,CAAC,CAAC;IACd,IAAI,CAAC4B,QAAQ,CAAC;MAAE7C,UAAU,EAAE;IAAG,CAAC,CAAC;EACrC,CAAC;EACD;;EAEA8C,UAAU,GAAIZ,MAAM,IAAK;IACrB,IAAIa,aAAa,GAAGb,MAAM,CAAC,IAAI,CAAC;IAChC,IAAI,CAACtC,KAAK,CAACoD,oBAAoB,CAACD,aAAa,CAAC;IAC9C,IAAI,CAACnD,KAAK,CAACqD,mBAAmB,CAAC,CAAC;IAChC,IAAI,CAACJ,QAAQ,CAAC;MACV9C,kBAAkB,EAAE;IACxB,CAAC,CAAC;EACN,CAAC;EAEDJ,iBAAiBA,CAAA,EAAG;IAChB,IAAI,CAACC,KAAK,CAACsD,yBAAyB,CAAC,CAAC;EAC1C;EAEAC,iBAAiB,GAAIC,IAAI,IAAK;IAC1B,IAAI,CAACxD,KAAK,CAACoD,oBAAoB,CAACI,IAAI,CAACC,GAAG,CAAC;EAC7C,CAAC;EAEDX,MAAMA,CAAA,EAAG;IACL,IAAIY,YAAY,GAAG,IAAI;IACvB,IAAI,CAAC,IAAI,CAAC1D,KAAK,CAAC2D,eAAe,EAAE;MAC7BD,YAAY,GAAG,CAAC,QAAQ,CAAC,EAAE,CAAC,QAAQ,GAAG;IAC3C;IAGA,IAAIE,sBAAsB,GAAG,IAAI;IACjC,IAAI,IAAI,CAAC1D,KAAK,CAACC,kBAAkB,KAAK,IAAI,EAAE;MACxCyD,sBAAsB,GAAG,CAAC,QAAQ,CAAC,IAAI,CAAC,CAAC,IAAI,CAAC,CAAC,EAAE,CAAC,kBAAkB,GAAG;IAC3E,CAAC,MACI;MACDA,sBAAsB,GAAG,IAAI;IACjC;IAEA,IAAIC,oBAAoB,GAAG,gBAAgB;IAE3C,IAAIC,YAAY,GACZ,CAAC,IAAI,CAAC,OAAO,CAAC,CAAC,IAAI,CAACP,iBAAiB,CAAC;AAClD,gBAAgB,CAAC,IAAI,CAACvD,KAAK,CAAC+D,QAAQ,IAAI,IAAI,CAAC/D,KAAK,CAAC+D,QAAQ,CAACC,GAAG,CAAEC,GAAG,IAChD,CAAC,IAAI,CAAC,IAAI,CAAC,GAAG,CAAC,CAACA,GAAG,CAAC,IAAI,CAAC,CAAC;AAC9C,wBAAwB,CAACA,GAAG,CAAC,cAAc,CAAC;AAC5C,oBAAoB,EAAE,IAAI,CAAC,IAAI,CACd,CAAC;AAClB,YAAY,EAAE,IAAI,CACT;IAED,MAAMC,OAAO,GAAG,CACZ;MACIC,KAAK,EAAE,cAAc;MACrBnD,SAAS,EAAE,sBAAsB;MACjCyC,GAAG,EAAE,cAAc;MACnB,GAAG,IAAI,CAAC1C,oBAAoB,CAAC,cAAc,CAAC;MAC5CqD,gBAAgB,EAAE,SAAS;MAC3BC,MAAM,EAAEA,CAACC,CAAC,EAAEC,CAAC,KAAKD,CAAC,CAACE,OAAO,CAACC,YAAY,CAACC,MAAM,GAAGH,CAAC,CAACC,OAAO,CAACC,YAAY,CAACC;IAC7E,CAAC,EACD;MACIP,KAAK,EAAE,SAAS;MAChBnD,SAAS,EAAE,yBAAyB;MACpCyC,GAAG,EAAE,YAAY;MACjB,GAAG,IAAI,CAAC1C,oBAAoB,CAAC,yBAAyB,CAAC;MACvDqD,gBAAgB,EAAE,SAAS;MAC3BC,MAAM,EAAEA,CAACC,CAAC,EAAEC,CAAC,KAAKD,CAAC,CAACE,OAAO,CAACG,eAAe,CAACD,MAAM,GAAGH,CAAC,CAACC,OAAO,CAACG,eAAe,CAACD;IACnF,CAAC,EACD;MACIP,KAAK,EAAE,cAAc;MACrBnD,SAAS,EAAE,IAAI;MACfyC,GAAG,EAAE,IAAI;MACT,GAAG,IAAI,CAAC1C,oBAAoB,CAAC,IAAI,CAAC;MAClCqD,gBAAgB,EAAE,SAAS;MAC3BC,MAAM,EAAEA,CAACC,CAAC,EAAEC,CAAC,KAAKD,CAAC,CAACM,EAAE,GAAGL,CAAC,CAACK;IAC/B,CAAC,EACD;MACIT,KAAK,EAAE,cAAc;MACrBnD,SAAS,EAAE,cAAc;MACzByC,GAAG,EAAE,cAAc;MACnB,GAAG,IAAI,CAAC1C,oBAAoB,CAAC,cAAc,CAAC;MAC5CqD,gBAAgB,EAAE,SAAS;MAC3BC,MAAM,EAAEA,CAACC,CAAC,EAAEC,CAAC,KAAKD,CAAC,CAACO,YAAY,CAACH,MAAM,GAAGH,CAAC,CAACM,YAAY,CAACH;IAC7D,CAAC,EACD;MACIP,KAAK,EAAE,UAAU;MACjBnD,SAAS,EAAE,UAAU;MACrByC,GAAG,EAAE,UAAU;MACf,GAAG,IAAI,CAAC1C,oBAAoB,CAAC,UAAU,CAAC;MACxCqD,gBAAgB,EAAE,SAAS;MAC3BC,MAAM,EAAEA,CAACC,CAAC,EAAEC,CAAC,KAAKD,CAAC,CAACQ,QAAQ,CAACJ,MAAM,GAAGH,CAAC,CAACO,QAAQ,CAACJ;IACrD,CAAC,EACD;MACIP,KAAK,EAAE,sBAAsB;MAC7BnD,SAAS,EAAE,iBAAiB;MAC5ByC,GAAG,EAAE,iBAAiB;MACtB,GAAG,IAAI,CAAC1C,oBAAoB,CAAC,iBAAiB,CAAC;MAC/CqD,gBAAgB,EAAE,SAAS;MAC3BC,MAAM,EAAEA,CAACC,CAAC,EAAEC,CAAC,KAAM;QACf,IAAIQ,EAAE,GAAG,IAAIC,IAAI,CAACV,CAAC,CAACW,eAAe,CAAC;QACpC,IAAIC,EAAE,GAAG,IAAIF,IAAI,CAACT,CAAC,CAACU,eAAe,CAAC;QACpC,OAAOF,EAAE,GAACG,EAAE;MAChB;IACJ,CAAC,EACD;MACIf,KAAK,EAAE,eAAe;MACtBnD,SAAS,EAAE,aAAa;MACxByC,GAAG,EAAE,aAAa;MAClBX,MAAM,EAACA,CAACC,IAAI,EAACT,MAAM,KAAG;QAClB,IAAI6C,EAAE,GAAG,IAAIC,IAAI,CAACC,YAAY,CAAC,CAAC;QAChC,IAAIC,GAAG,GAAGH,EAAE,CAACI,MAAM,CAACxC,IAAI,CAAC;QACzB,OAAO,CAAC,IAAI,CAAC,CAACuC,GAAG,CAAC,EAAE,IAAI,CAAC;MAC7B,CAAC;MACDlB,gBAAgB,EAAE,SAAS;MAC3BC,MAAM,EAAEA,CAACC,CAAC,EAAEC,CAAC,KAAKD,CAAC,CAACkB,WAAW,GAAGjB,CAAC,CAACiB;IACxC,CAAC,EACD;MACIrB,KAAK,EAAE,uBAAuB;MAC9BnD,SAAS,EAAE,uBAAuB;MAClCyC,GAAG,EAAE,uBAAuB;MAC5BX,MAAM,EAACA,CAACC,IAAI,EAACT,MAAM,KAAG;QAClB,IAAImD,GAAG,GAAG1C,IAAI,IAAE,CAAC,GAAC,SAAS,GAAC,SAAS;QACrC,OAAO0C,GAAG;MACd,CAAC;MACDrB,gBAAgB,EAAE,SAAS;MAC3BC,MAAM,EAAEA,CAACC,CAAC,EAAEC,CAAC,KAAKD,CAAC,CAACoB,qBAAqB,GAAGnB,CAAC,CAACmB;IAClD,CAAC,EACD;MACIvB,KAAK,EAAE,aAAa;MACpBnD,SAAS,EAAE,aAAa;MACxByC,GAAG,EAAE,aAAa;MAClBX,MAAM,EAACA,CAACC,IAAI,EAACT,MAAM,KAAG;QAClB,IAAI6C,EAAE,GAAG,IAAIC,IAAI,CAACC,YAAY,CAAC,CAAC;QAChC,IAAIC,GAAG,GAAGH,EAAE,CAACI,MAAM,CAACxC,IAAI,CAAC;QACzB,OAAO,CAAC,IAAI,CAAC,CAACuC,GAAG,CAAC,EAAE,IAAI,CAAC;MAC7B,CAAC;MACDlB,gBAAgB,EAAE,SAAS;MAC3BC,MAAM,EAAEA,CAACC,CAAC,EAAEC,CAAC,KAAKD,CAAC,CAACqB,WAAW,GAAGpB,CAAC,CAACoB;IACxC,CAAC,CACJ;IAED,OACI,CAAC,GAAG;AAChB,gBAAgB,CAAC,GAAG;AACpB,oBAAoB,CAAC,GAAG,CAAC,IAAI,CAAC,CAAC,EAAE,CAAC;AAClC,wBAAwB,CAAC,UAAU,CACP,KAAK,CAAC,CAAC,KAAK,CAAC,CACb,QAAQ,CAAC,CAAC,KAAK,CAAC,CAChB,KAAK,CAAC,0BAA0B,CAChC,KAAK,CAAC,CAAC,CACH,CAAC,MAAM,CAAC,GAAG,CAAC,GAAG,CACF,IAAI,CAAC,8DAA8D,CAC/E,GAAG,EAAE,MAAM,CAAC,EACb,CAAC,MAAM,CAAC,GAAG,CAAC,GAAG,CACF,IAAI,CAAC,8DAA8D,CAC/E,GAAG,EAAE,MAAM,CAAC,CAChB,CAAC;AAE9B,wBAAwB,EAAE,UAAU;AACpC,oBAAoB,EAAE,GAAG;AACzB,gBAAgB,EAAE,GAAG;AACrB,gBAAgB,CAAC,GAAG,CAAC,MAAM,CAAC,EAAC,EAAE,EAAC,EAAE,EAAC;AACnC,oBAAoB,CAAC,GAAG,CAAC,IAAI,CAAC,CAAC,EAAE,CAAC;AAClC,wBAAwB,CAAC,KAAK,CACF,UAAU,CAAC,CAAC,IAAI,CAAC3F,KAAK,CAAC4F,qBAAqB,CAAC,CAC7C,OAAO,CAAC,CAAC1B,OAAO,CAAC;AAE7C,oBAAoB,EAAE,GAAG;AACzB,gBAAgB,EAAE,GAAG;AACrB,YAAY,EAAE,GAAG,CAAC;EAEd;AACJ;AAEA,MAAM2B,eAAe,GAAG3F,KAAK,IAAI;EAC7B4F,OAAO,CAACC,GAAG,CAAC7F,KAAK,CAAC;EAClB,OAAO;IACH6D,QAAQ,EAAE7D,KAAK,CAAC6D,QAAQ,CAACA,QAAQ;IACjCiC,iBAAiB,EAAE9F,KAAK,CAAC6D,QAAQ,CAACiC,iBAAiB;IACnDC,OAAO,EAAE/F,KAAK,CAACgG,IAAI,CAACD,OAAO;IAC3BE,KAAK,EAAEjG,KAAK,CAACgG,IAAI,CAACC,KAAK;IACvBC,KAAK,EAAElG,KAAK,CAACgG,IAAI,CAACG,YAAY;IAC9B1C,eAAe,EAAEzD,KAAK,CAACgG,IAAI,CAACG,YAAY,KAAK,IAAI;IACjDC,gBAAgB,EAAEpG,KAAK,CAACgG,IAAI,CAACI,gBAAgB;IAC7CV,qBAAqB,EAAC1F,KAAK,CAAC0F,qBAAqB,CAACA,qBAAqB;IACvEW,4BAA4B,EAAErG,KAAK,CAAC0F,qBAAqB,CAACW,4BAA4B;IACtFC,4BAA4B,EAAEtG,KAAK,CAAC0F,qBAAqB,CAACY,4BAA4B;IACtFC,0BAA0B,EAAEvG,KAAK,CAAC0F,qBAAqB,CAACa;EAC5D,CAAC;AACL,CAAC;AACD,MAAMC,kBAAkB,GAAGC,QAAQ,IAAI;EACnC,OAAO;IACHC,KAAK,EAAEA,CAACC,KAAK,EAAEC,QAAQ,KAAKH,QAAQ,CAAC/G,OAAO,CAACgH,KAAK,CAACC,KAAK,EAAEC,QAAQ,CAAC,CAAC;IACpEC,mBAAmB,EAAEA,CAAA,KAAMJ,QAAQ,CAAC/G,OAAO,CAACmH,mBAAmB,CAAC,IAAI,CAAC,CAAC;IACtE9G,YAAY,EAAEA,CAAA,KAAM0G,QAAQ,CAAC/G,OAAO,CAACK,YAAY,CAAC,CAAC,CAAC;IACpDmD,oBAAoB,EAAG4C,iBAAiB,IAAKW,QAAQ,CAAC/G,OAAO,CAACwD,oBAAoB,CAAC4C,iBAAiB,CAAC,CAAC;IACtG3C,mBAAmB,EAAEA,CAAA,KAAMsD,QAAQ,CAAC/G,OAAO,CAACyD,mBAAmB,CAAC,CAAC,CAAC;IAClEC,yBAAyB,EAAEA,CAAA,KAAMqD,QAAQ,CAAC/G,OAAO,CAAC0D,yBAAyB,CAAC,CAAC;EACjF,CAAC;AACL,CAAC;AAED,eAAe5D,OAAO,CAACmG,eAAe,EAAEa,kBAAkB,CAAC,CAAC5G,4BAA4B,CAAC"}}},"code":"!function (module1) {\n  var _objectSpread;\n  module1.link(\"@babel/runtime/helpers/objectSpread2\", {\n    default: function (v) {\n      _objectSpread = v;\n    }\n  }, 0);\n  var _inheritsLoose;\n  module1.link(\"@babel/runtime/helpers/inheritsLoose\", {\n    default: function (v) {\n      _inheritsLoose = v;\n    }\n  }, 1);\n  var React, Component;\n  module1.link(\"react\", {\n    \"default\": function (v) {\n      React = v;\n    },\n    Component: function (v) {\n      Component = v;\n    }\n  }, 0);\n  var Row, Col, Select, Table, Button, Menu, Dropdown, Input, Icon, PageHeader, Descriptions;\n  module1.link(\"antd\", {\n    Row: function (v) {\n      Row = v;\n    },\n    Col: function (v) {\n      Col = v;\n    },\n    Select: function (v) {\n      Select = v;\n    },\n    Table: function (v) {\n      Table = v;\n    },\n    Button: function (v) {\n      Button = v;\n    },\n    Menu: function (v) {\n      Menu = v;\n    },\n    Dropdown: function (v) {\n      Dropdown = v;\n    },\n    Input: function (v) {\n      Input = v;\n    },\n    Icon: function (v) {\n      Icon = v;\n    },\n    PageHeader: function (v) {\n      PageHeader = v;\n    },\n    Descriptions: function (v) {\n      Descriptions = v;\n    }\n  }, 1);\n  var connect;\n  module1.link(\"react-redux\", {\n    connect: function (v) {\n      connect = v;\n    }\n  }, 2);\n  var Redirect;\n  module1.link(\"react-router\", {\n    Redirect: function (v) {\n      Redirect = v;\n    }\n  }, 3);\n  var actions;\n  module1.link(\"../../store/actions/index\", {\n    \"*\": function (v) {\n      actions = v;\n    }\n  }, 4);\n  var Highlighter;\n  module1.link(\"react-highlight-words\", {\n    \"default\": function (v) {\n      Highlighter = v;\n    }\n  }, 5);\n  ___INIT_METEOR_FAST_REFRESH(module);\n  var ReportsAllAccountsDuesReport = /*#__PURE__*/function (_Component) {\n    _inheritsLoose(ReportsAllAccountsDuesReport, _Component);\n    function ReportsAllAccountsDuesReport() {\n      var _this;\n      for (var _len = arguments.length, args = new Array(_len), _key = 0; _key < _len; _key++) {\n        args[_key] = arguments[_key];\n      }\n      _this = _Component.call.apply(_Component, [this].concat(args)) || this;\n      _this.state = {\n        goToAccountDetails: false,\n        searchText: '',\n        searchedColumn: ''\n      };\n      // Search Start\n      _this.getByPath = function (obj, path, def) {\n        path = path.replace(/\\[/g, '.').replace(/]/g, '').split('.');\n        path.forEach(function (level) {\n          obj = obj[level];\n        });\n        if (obj === undefined) {\n          return def;\n        }\n        return obj;\n      };\n      _this.getColumnSearchProps = function (dataIndex) {\n        return {\n          filterDropdown: function (_ref) {\n            var setSelectedKeys = _ref.setSelectedKeys,\n              selectedKeys = _ref.selectedKeys,\n              confirm = _ref.confirm,\n              clearFilters = _ref.clearFilters;\n            return /*#__PURE__*/React.createElement(\"div\", {\n              style: {\n                padding: 8\n              }\n            }, /*#__PURE__*/React.createElement(Input, {\n              ref: function (node) {\n                _this.searchInput = node;\n              },\n              placeholder: \"Search \" + dataIndex,\n              value: selectedKeys[0],\n              onChange: function (e) {\n                return setSelectedKeys(e.target.value ? [e.target.value] : []);\n              },\n              onPressEnter: function () {\n                return _this.handleSearch(selectedKeys, confirm, dataIndex);\n              },\n              style: {\n                width: 188,\n                marginBottom: 8,\n                display: 'block'\n              }\n            }), /*#__PURE__*/React.createElement(Button, {\n              type: \"primary\",\n              onClick: function () {\n                return _this.handleSearch(selectedKeys, confirm, dataIndex);\n              },\n              icon: \"search\",\n              size: \"small\",\n              style: {\n                width: 90,\n                marginRight: 8\n              }\n            }, \"Search\"), /*#__PURE__*/React.createElement(Button, {\n              onClick: function () {\n                return _this.handleReset(clearFilters);\n              },\n              size: \"small\",\n              style: {\n                width: 90\n              }\n            }, \"Reset\"));\n          },\n          filterIcon: function (filtered) {\n            return /*#__PURE__*/React.createElement(Icon, {\n              type: \"search\",\n              style: {\n                color: filtered ? '#1890ff' : undefined\n              }\n            });\n          },\n          onFilter: function (value, record) {\n            return _this.getByPath(record, dataIndex).toString().toLowerCase().includes(value.toLowerCase());\n          },\n          onFilterDropdownVisibleChange: function (visible) {\n            if (visible) {\n              setTimeout(function () {\n                return _this.searchInput.select();\n              });\n            }\n          },\n          render: function (text) {\n            return _this.state.searchedColumn === dataIndex ? /*#__PURE__*/React.createElement(Highlighter, {\n              highlightStyle: {\n                backgroundColor: '#ffc069',\n                padding: 0\n              },\n              searchWords: [_this.state.searchText],\n              autoEscape: true,\n              textToHighlight: text.toString()\n            }) : text;\n          }\n        };\n      };\n      _this.handleSearch = function (selectedKeys, confirm, dataIndex) {\n        confirm();\n        _this.setState({\n          searchText: selectedKeys[0],\n          searchedColumn: dataIndex\n        });\n      };\n      _this.handleReset = function (clearFilters) {\n        clearFilters();\n        _this.setState({\n          searchText: ''\n        });\n      };\n      // Search End\n      _this.onRowClick = function (record) {\n        var currAccountId = record['id'];\n        _this.props.setSelectedAccountId(currAccountId);\n        _this.props.unsetSelectedLoanId();\n        _this.setState({\n          goToAccountDetails: true\n        });\n      };\n      _this.accountsMenuClick = function (item) {\n        _this.props.setSelectedAccountId(item.key);\n      };\n      return _this;\n    }\n    var _proto = ReportsAllAccountsDuesReport.prototype;\n    _proto.componentDidMount = function () {\n      function componentDidMount() {\n        this.props.initAccounts();\n      }\n      return componentDidMount;\n    }();\n    _proto.componentDidMount = function () {\n      function componentDidMount() {\n        this.props.initAllAccountsDuesReport();\n      }\n      return componentDidMount;\n    }();\n    _proto.render = function () {\n      function render() {\n        var authRedirect = null;\n        if (!this.props.isAuthenticated) {\n          authRedirect = /*#__PURE__*/React.createElement(Redirect, {\n            to: \"/login\"\n          });\n        }\n        var accountDetailsRedirect = null;\n        if (this.state.goToAccountDetails === true) {\n          accountDetailsRedirect = /*#__PURE__*/React.createElement(Redirect, {\n            push: true,\n            to: \"/account/details\"\n          });\n        } else {\n          accountDetailsRedirect = null;\n        }\n        var captionAccountSelect = \"Select account\";\n        var accountsMenu = /*#__PURE__*/React.createElement(Menu, {\n          onClick: this.accountsMenuClick\n        }, this.props.accounts && this.props.accounts.map(function (val) {\n          return /*#__PURE__*/React.createElement(Menu.Item, {\n            key: val['id']\n          }, val['account_name']);\n        }));\n        var columns = [_objectSpread(_objectSpread({\n          title: 'Account Name',\n          dataIndex: 'account.account_name',\n          key: 'account_name'\n        }, this.getColumnSearchProps('account_name')), {}, {\n          defaultSortOrder: 'descend',\n          sorter: function (a, b) {\n            return a.account.account_name.length - b.account.account_name.length;\n          }\n        }), _objectSpread(_objectSpread({\n          title: 'ID Card',\n          dataIndex: 'account.account_id_card',\n          key: 'due_amount'\n        }, this.getColumnSearchProps('account.account_id_card')), {}, {\n          defaultSortOrder: 'descend',\n          sorter: function (a, b) {\n            return a.account.account_id_card.length - b.account.account_id_card.length;\n          }\n        }), _objectSpread(_objectSpread({\n          title: 'Borrowing id',\n          dataIndex: 'id',\n          key: 'id'\n        }, this.getColumnSearchProps('id')), {}, {\n          defaultSortOrder: 'descend',\n          sorter: function (a, b) {\n            return a.id - b.id;\n          }\n        }), _objectSpread(_objectSpread({\n          title: 'Agreement id',\n          dataIndex: 'agreement_no',\n          key: 'agreement_no'\n        }, this.getColumnSearchProps('agreement_no')), {}, {\n          defaultSortOrder: 'descend',\n          sorter: function (a, b) {\n            return a.agreement_no.length - b.agreement_no.length;\n          }\n        }), _objectSpread(_objectSpread({\n          title: 'Currency',\n          dataIndex: 'currency',\n          key: 'currency'\n        }, this.getColumnSearchProps('currency')), {}, {\n          defaultSortOrder: 'descend',\n          sorter: function (a, b) {\n            return a.currency.length - b.currency.length;\n          }\n        }), _objectSpread(_objectSpread({\n          title: 'Date Borrowing Start',\n          dataIndex: 'date_loan_start',\n          key: 'date_loan_start'\n        }, this.getColumnSearchProps('date_loan_start')), {}, {\n          defaultSortOrder: 'descend',\n          sorter: function (a, b) {\n            var d1 = new Date(a.date_loan_start);\n            var d2 = new Date(b.date_loan_start);\n            return d1 < d2;\n          }\n        }), {\n          title: 'Issued amount',\n          dataIndex: 'loan_amount',\n          key: 'loan_amount',\n          render: function (text, record) {\n            var nf = new Intl.NumberFormat();\n            var cms = nf.format(text);\n            return /*#__PURE__*/React.createElement(\"span\", null, cms);\n          },\n          defaultSortOrder: 'descend',\n          sorter: function (a, b) {\n            return a.loan_amount - b.loan_amount;\n          }\n        }, {\n          title: 'Payment Interval Type',\n          dataIndex: 'payment_interval_type',\n          key: 'payment_interval_type',\n          render: function (text, record) {\n            var msg = text == 0 ? \"Daywise\" : \"Monthly\";\n            return msg;\n          },\n          defaultSortOrder: 'descend',\n          sorter: function (a, b) {\n            return a.payment_interval_type - b.payment_interval_type;\n          }\n        }, {\n          title: 'Balance Due',\n          dataIndex: 'balance_due',\n          key: 'balance_due',\n          render: function (text, record) {\n            var nf = new Intl.NumberFormat();\n            var cms = nf.format(text);\n            return /*#__PURE__*/React.createElement(\"span\", null, cms);\n          },\n          defaultSortOrder: 'descend',\n          sorter: function (a, b) {\n            return a.balance_due - b.balance_due;\n          }\n        }];\n        return /*#__PURE__*/React.createElement(\"div\", null, /*#__PURE__*/React.createElement(Row, null, /*#__PURE__*/React.createElement(Col, {\n          span: 24\n        }, /*#__PURE__*/React.createElement(PageHeader, {\n          ghost: false,\n          backIcon: false,\n          title: \"All Accounts Dues Report\",\n          extra: [/*#__PURE__*/React.createElement(Button, {\n            key: \"1\",\n            href: \"http://fina.mv/api/dues-per-loan-for-all-accounts-report-pdf\"\n          }, \"PDF\"), /*#__PURE__*/React.createElement(Button, {\n            key: \"2\",\n            href: \"http://fina.mv/api/dues-per-loan-for-all-accounts-report-csv\"\n          }, \"CSV\")]\n        }))), /*#__PURE__*/React.createElement(Row, {\n          gutter: (16, 16)\n        }, /*#__PURE__*/React.createElement(Col, {\n          span: 24\n        }, /*#__PURE__*/React.createElement(Table, {\n          dataSource: this.props.allAccountsDuesReport,\n          columns: columns\n        }))));\n      }\n      return render;\n    }();\n    return ReportsAllAccountsDuesReport;\n  }(Component);\n  var mapStateToProps = function (state) {\n    console.log(state);\n    return {\n      accounts: state.accounts.accounts,\n      selectedAccountId: state.accounts.selectedAccountId,\n      loading: state.auth.loading,\n      error: state.auth.error,\n      token: state.auth.access_token,\n      isAuthenticated: state.auth.access_token !== null,\n      authRedirectPath: state.auth.authRedirectPath,\n      allAccountsDuesReport: state.allAccountsDuesReport.allAccountsDuesReport,\n      allAccountsDuesReportLoading: state.allAccountsDuesReport.allAccountsDuesReportLoading,\n      allAccountsDuesReportMessage: state.allAccountsDuesReport.allAccountsDuesReportMessage,\n      allAccountsDuesReportError: state.allAccountsDuesReport.allAccountsDuesReportError\n    };\n  };\n  var mapDispatchToProps = function (dispatch) {\n    return {\n      login: function (email, password) {\n        return dispatch(actions.login(email, password));\n      },\n      setAuthRedirectPath: function () {\n        return dispatch(actions.setAuthRedirectPath('/ '));\n      },\n      initAccounts: function () {\n        return dispatch(actions.initAccounts());\n      },\n      setSelectedAccountId: function (selectedAccountId) {\n        return dispatch(actions.setSelectedAccountId(selectedAccountId));\n      },\n      unsetSelectedLoanId: function () {\n        return dispatch(actions.unsetSelectedLoanId());\n      },\n      initAllAccountsDuesReport: function () {\n        return dispatch(actions.initAllAccountsDuesReport());\n      }\n    };\n  };\n  module1.exportDefault(connect(mapStateToProps, mapDispatchToProps)(ReportsAllAccountsDuesReport));\n}.call(this, module);","map":{"version":3,"names":["ReportsAllAccountsDuesReport","_Component","_inheritsLoose","_this","_len","arguments","length","args","Array","_key","call","apply","concat","state","goToAccountDetails","searchText","searchedColumn","getByPath","obj","path","def","replace","split","forEach","level","undefined","getColumnSearchProps","dataIndex","filterDropdown","_ref","setSelectedKeys","selectedKeys","confirm","clearFilters","React","createElement","style","padding","Input","ref","node","searchInput","placeholder","value","onChange","e","target","onPressEnter","handleSearch","width","marginBottom","display","Button","type","onClick","icon","size","marginRight","handleReset","filterIcon","filtered","Icon","color","onFilter","record","toString","toLowerCase","includes","onFilterDropdownVisibleChange","visible","setTimeout","select","render","text","Highlighter","highlightStyle","backgroundColor","searchWords","autoEscape","textToHighlight","setState","onRowClick","currAccountId","props","setSelectedAccountId","unsetSelectedLoanId","accountsMenuClick","item","key","_proto","prototype","componentDidMount","initAccounts","initAllAccountsDuesReport","authRedirect","isAuthenticated","Redirect","to","accountDetailsRedirect","push","captionAccountSelect","accountsMenu","Menu","accounts","map","val","Item","columns","_objectSpread","title","defaultSortOrder","sorter","a","b","account","account_name","account_id_card","id","agreement_no","currency","d1","Date","date_loan_start","d2","nf","Intl","NumberFormat","cms","format","loan_amount","msg","payment_interval_type","balance_due","Row","Col","span","PageHeader","ghost","backIcon","extra","href","gutter","Table","dataSource","allAccountsDuesReport","Component","mapStateToProps","console","log","selectedAccountId","loading","auth","error","token","access_token","authRedirectPath","allAccountsDuesReportLoading","allAccountsDuesReportMessage","allAccountsDuesReportError","mapDispatchToProps","dispatch","login","email","password","actions","setAuthRedirectPath","connect"],"sources":["imports/ui/components/ReportsAllAccountsDuesReport/ReportsAllAccountsDuesReport.js"],"sourcesContent":["import React, { Component } from 'react';\nimport { Row, Col, Select, Table, Button, Menu, Dropdown, Input, Icon,\n    PageHeader, Descriptions } from 'antd';\nimport { connect } from 'react-redux';\nimport { Redirect } from 'react-router';\nimport * as actions from '../../store/actions/index';\nimport Highlighter from 'react-highlight-words';\n\nclass ReportsAllAccountsDuesReport extends Component {\n    componentDidMount() {\n        this.props.initAccounts();\n    }\n\n    state = {\n        goToAccountDetails: false,\n        searchText: '',\n        searchedColumn: ''\n    }\n\n    // Search Start\n    getByPath = function(obj, path, def) {\n        path = path\n            .replace(/\\[/g, '.')\n            .replace(/]/g, '')\n            .split('.');\n        path.forEach(function (level) {\n            obj = obj[level];\n        });\n        if (obj === undefined) {\n            return def;\n        }\n        return obj;\n    };\n\n    getColumnSearchProps = dataIndex => ({\n        filterDropdown: ({ setSelectedKeys, selectedKeys, confirm, clearFilters }) => (\n            <div style={{ padding: 8 }}>\n                <Input\n                    ref={node => {\n                        this.searchInput = node;\n                    }}\n                    placeholder={`Search ${dataIndex}`}\n                    value={selectedKeys[0]}\n                    onChange={e => setSelectedKeys(e.target.value ? [e.target.value] : [])}\n                    onPressEnter={() => this.handleSearch(selectedKeys, confirm, dataIndex)}\n                    style={{ width: 188, marginBottom: 8, display: 'block' }}\n                />\n                <Button\n                    type=\"primary\"\n                    onClick={() => this.handleSearch(selectedKeys, confirm, dataIndex)}\n                    icon=\"search\"\n                    size=\"small\"\n                    style={{ width: 90, marginRight: 8 }}\n                >\n                    Search\n                </Button>\n                <Button onClick={() => this.handleReset(clearFilters)} size=\"small\" style={{ width: 90 }}>\n                    Reset\n                </Button>\n            </div>\n        ),\n        filterIcon: filtered => (\n            <Icon type=\"search\" style={{ color: filtered ? '#1890ff' : undefined }} />\n        ),\n        onFilter: (value, record) =>\n            this.getByPath(record,dataIndex)\n                .toString()\n                .toLowerCase()\n                .includes(value.toLowerCase()),\n        onFilterDropdownVisibleChange: visible => {\n            if (visible) {\n                setTimeout(() => this.searchInput.select());\n            }\n        },\n        render: text => (\n            (this.state.searchedColumn === dataIndex) ?\n            <Highlighter\n                highlightStyle={{ backgroundColor: '#ffc069', padding: 0 }}\n                searchWords={[this.state.searchText]}\n                autoEscape\n                textToHighlight={text.toString()}\n            />\n            : text\n        ),\n    });\n\n    handleSearch = (selectedKeys, confirm, dataIndex) => {\n        confirm();\n        this.setState({ \n            searchText: selectedKeys[0],\n            searchedColumn: dataIndex,\n        });\n    };\n\n    handleReset = clearFilters => {\n        clearFilters();\n        this.setState({ searchText: '' });\n    };\n    // Search End\n\n    onRowClick = (record) => {\n        let currAccountId = record['id'];\n        this.props.setSelectedAccountId(currAccountId);\n        this.props.unsetSelectedLoanId();\n        this.setState({\n            goToAccountDetails: true\n        });\n    }\n\n    componentDidMount() {\n        this.props.initAllAccountsDuesReport();\n    }\n\n    accountsMenuClick = (item) => {\n        this.props.setSelectedAccountId(item.key);\n    }\n\n    render() {\n        let authRedirect = null;\n        if (!this.props.isAuthenticated) {\n            authRedirect = <Redirect to=\"/login\" />\n        }\n\n\n        let accountDetailsRedirect = null;\n        if (this.state.goToAccountDetails === true) {\n            accountDetailsRedirect = <Redirect push={true} to=\"/account/details\" />;\n        }\n        else {\n            accountDetailsRedirect = null;\n        }\n\n        let captionAccountSelect = \"Select account\";\n\n        let accountsMenu = (\n            <Menu onClick={this.accountsMenuClick}>\n                {this.props.accounts && this.props.accounts.map((val) => (\n                    <Menu.Item key={val['id']}>\n                        {val['account_name']}\n                    </Menu.Item>\n                ))}\n            </Menu>\n        );\n\n        const columns = [\n            {\n                title: 'Account Name',\n                dataIndex: 'account.account_name',\n                key: 'account_name',\n                ...this.getColumnSearchProps('account_name'),\n                defaultSortOrder: 'descend',\n                sorter: (a, b) => a.account.account_name.length - b.account.account_name.length,\n            },\n            {\n                title: 'ID Card',\n                dataIndex: 'account.account_id_card',\n                key: 'due_amount',\n                ...this.getColumnSearchProps('account.account_id_card'),\n                defaultSortOrder: 'descend',\n                sorter: (a, b) => a.account.account_id_card.length - b.account.account_id_card.length,\n            },\n            {\n                title: 'Borrowing id',\n                dataIndex: 'id',\n                key: 'id',\n                ...this.getColumnSearchProps('id'),\n                defaultSortOrder: 'descend',\n                sorter: (a, b) => a.id - b.id,\n            },\n            {\n                title: 'Agreement id',\n                dataIndex: 'agreement_no',\n                key: 'agreement_no',\n                ...this.getColumnSearchProps('agreement_no'),\n                defaultSortOrder: 'descend',\n                sorter: (a, b) => a.agreement_no.length - b.agreement_no.length\n            },\n            {\n                title: 'Currency',\n                dataIndex: 'currency',\n                key: 'currency',\n                ...this.getColumnSearchProps('currency'),\n                defaultSortOrder: 'descend',\n                sorter: (a, b) => a.currency.length - b.currency.length\n            },\n            {\n                title: 'Date Borrowing Start',\n                dataIndex: 'date_loan_start',\n                key: 'date_loan_start',\n                ...this.getColumnSearchProps('date_loan_start'),\n                defaultSortOrder: 'descend',\n                sorter: (a, b) =>  {\n                    let d1 = new Date(a.date_loan_start);\n                    let d2 = new Date(b.date_loan_start);\n                    return d1<d2;\n                },\n            },\n            {\n                title: 'Issued amount',\n                dataIndex: 'loan_amount',\n                key: 'loan_amount',\n                render:(text,record)=>{\n                    var nf = new Intl.NumberFormat();\n                    let cms = nf.format(text);\n                    return <span>{cms}</span>;\n                },\n                defaultSortOrder: 'descend',\n                sorter: (a, b) => a.loan_amount - b.loan_amount,\n            },\n            {\n                title: 'Payment Interval Type',\n                dataIndex: 'payment_interval_type',\n                key: 'payment_interval_type',\n                render:(text,record)=>{\n                    let msg = text==0?\"Daywise\":\"Monthly\";\n                    return msg;\n                },\n                defaultSortOrder: 'descend',\n                sorter: (a, b) => a.payment_interval_type - b.payment_interval_type\n            },\n            {\n                title: 'Balance Due',\n                dataIndex: 'balance_due',\n                key: 'balance_due',\n                render:(text,record)=>{\n                    var nf = new Intl.NumberFormat();\n                    let cms = nf.format(text);\n                    return <span>{cms}</span>;\n                },\n                defaultSortOrder: 'descend',\n                sorter: (a, b) => a.balance_due - b.balance_due,\n            },\n        ];\n\n        return (\n            <div>\n                <Row>\n                    <Col span={24}>\n                        <PageHeader\n                            ghost={false}\n                            backIcon={false}\n                            title=\"All Accounts Dues Report\"\n                            extra={[\n                                <Button key=\"1\" \n                                             href=\"http://fina.mv/api/dues-per-loan-for-all-accounts-report-pdf\"\n                                >PDF</Button>,\n                                <Button key=\"2\"\n                                             href=\"http://fina.mv/api/dues-per-loan-for-all-accounts-report-csv\"\n                                >CSV</Button>,\n                            ]}\n                        >\n                        </PageHeader>\n                    </Col>\n                </Row>\n                <Row gutter={16,16}>\n                    <Col span={24}>\n                        <Table\n                            dataSource={this.props.allAccountsDuesReport}\n                            columns={columns}\n                        />\n                    </Col>\n                </Row>\n            </div>\n        );\n    }\n}\n\nconst mapStateToProps = state => {\n    console.log(state)\n    return {\n        accounts: state.accounts.accounts,\n        selectedAccountId: state.accounts.selectedAccountId,\n        loading: state.auth.loading,\n        error: state.auth.error,\n        token: state.auth.access_token,\n        isAuthenticated: state.auth.access_token !== null,\n        authRedirectPath: state.auth.authRedirectPath,\n        allAccountsDuesReport:state.allAccountsDuesReport.allAccountsDuesReport,\n        allAccountsDuesReportLoading: state.allAccountsDuesReport.allAccountsDuesReportLoading,\n        allAccountsDuesReportMessage: state.allAccountsDuesReport.allAccountsDuesReportMessage,\n        allAccountsDuesReportError: state.allAccountsDuesReport.allAccountsDuesReportError,\n    }\n}\nconst mapDispatchToProps = dispatch => {\n    return {\n        login: (email, password) => dispatch(actions.login(email, password)),\n        setAuthRedirectPath: () => dispatch(actions.setAuthRedirectPath('/ ')),\n        initAccounts: () => dispatch(actions.initAccounts()),\n        setSelectedAccountId: (selectedAccountId) => dispatch(actions.setSelectedAccountId(selectedAccountId)),\n        unsetSelectedLoanId: () => dispatch(actions.unsetSelectedLoanId()),\n        initAllAccountsDuesReport: () => dispatch(actions.initAllAccountsDuesReport()),\n    }\n}\n\nexport default connect(mapStateToProps, mapDispatchToProps)(ReportsAllAccountsDuesReport);\n\n\n\n"],"mappings":";;;;;;;;;;;;;;;;;;;;;;;;;;;;;;;;;;;;;;;;;;;;;;;;;;;;;;;;;;;;;;;;;;;;;;;;;;;;;;;;;;;MAQMA,4BAA4B,0BAAAC,UAAA;IAAAC,cAAA,CAAAF,4BAAA,EAAAC,UAAA;IAAA,SAAAD,6BAAA;MAAA,IAAAG,KAAA;MAAA,SAAAC,IAAA,GAAAC,SAAA,CAAAC,MAAA,EAAAC,IAAA,OAAAC,KAAA,CAAAJ,IAAA,GAAAK,IAAA,MAAAA,IAAA,GAAAL,IAAA,EAAAK,IAAA;QAAAF,IAAA,CAAAE,IAAA,IAAAJ,SAAA,CAAAI,IAAA;MAAA;MAAAN,KAAA,GAAAF,UAAA,CAAAS,IAAA,CAAAC,KAAA,CAAAV,UAAA,SAAAW,MAAA,CAAAL,IAAA;MAAAJ,KAAA,CAK9BU,KAAK,GAAG;QACJC,kBAAkB,EAAE,KAAK;QACzBC,UAAU,EAAE,EAAE;QACdC,cAAc,EAAE;MACpB,CAAC;MAED;MAAAb,KAAA,CACAc,SAAS,GAAG,UAASC,GAAG,EAAEC,IAAI,EAAEC,GAAG,EAAE;QACjCD,IAAI,GAAGA,IAAI,CACNE,OAAO,CAAC,KAAK,EAAE,GAAG,CAAC,CACnBA,OAAO,CAAC,IAAI,EAAE,EAAE,CAAC,CACjBC,KAAK,CAAC,GAAG,CAAC;QACfH,IAAI,CAACI,OAAO,CAAC,UAAUC,KAAK,EAAE;UAC1BN,GAAG,GAAGA,GAAG,CAACM,KAAK,CAAC;QACpB,CAAC,CAAC;QACF,IAAIN,GAAG,KAAKO,SAAS,EAAE;UACnB,OAAOL,GAAG;QACd;QACA,OAAOF,GAAG;MACd,CAAC;MAAAf,KAAA,CAEDuB,oBAAoB,GAAG,UAAAC,SAAS;QAAA,OAAK;UACjCC,cAAc,EAAE,SAAAA,CAAAC,IAAA;YAAA,IAAGC,eAAe,GAAAD,IAAA,CAAfC,eAAe;cAAEC,YAAY,GAAAF,IAAA,CAAZE,YAAY;cAAEC,OAAO,GAAAH,IAAA,CAAPG,OAAO;cAAEC,YAAA,GAAAJ,IAAA,CAAAI,YAAA;YAAA,oBACvDC,KAAA,CAAAC,aAAA;cAAKC,KAAK,EAAE;gBAAEC,OAAO,EAAE;cAAE;YAAE,gBACvBH,KAAA,CAAAC,aAAA,CAACG,KAAK;cACFC,GAAG,EAAE,SAAAA,CAAAC,IAAI,EAAI;gBACTrC,KAAA,CAAKsC,WAAW,GAAGD,IAAI;cAC3B,CAAE;cACFE,WAAW,cAAYf,SAAY;cACnCgB,KAAK,EAAEZ,YAAY,CAAC,CAAC,CAAE;cACvBa,QAAQ,EAAE,SAAAA,CAAAC,CAAC;gBAAA,OAAIf,eAAe,CAACe,CAAC,CAACC,MAAM,CAACH,KAAK,GAAG,CAACE,CAAC,CAACC,MAAM,CAACH,KAAK,CAAC,GAAG,EAAE,CAAC;cAAA,CAAC;cACvEI,YAAY,EAAE,SAAAA,CAAA;gBAAA,OAAM5C,KAAA,CAAK6C,YAAY,CAACjB,YAAY,EAAEC,OAAO,EAAEL,SAAS,CAAC;cAAA,CAAC;cACxES,KAAK,EAAE;gBAAEa,KAAK,EAAE,GAAG;gBAAEC,YAAY,EAAE,CAAC;gBAAEC,OAAO,EAAE;cAAQ;YAAE,iBAE7DjB,KAAA,CAAAC,aAAA,CAACiB,MAAM;cACHC,IAAI,EAAC,SAAS;cACdC,OAAO,EAAE,SAAAA,CAAA;gBAAA,OAAMnD,KAAA,CAAK6C,YAAY,CAACjB,YAAY,EAAEC,OAAO,EAAEL,SAAS,CAAC;cAAA,CAAC;cACnE4B,IAAI,EAAC,QAAQ;cACbC,IAAI,EAAC,OAAO;cACZpB,KAAK,EAAE;gBAAEa,KAAK,EAAE,EAAE;gBAAEQ,WAAW,EAAE;cAAE;YAAE,WAGjC,gBACRvB,KAAA,CAAAC,aAAA,CAACiB,MAAM;cAACE,OAAO,EAAE,SAAAA,CAAA;gBAAA,OAAMnD,KAAA,CAAKuD,WAAW,CAACzB,YAAY,CAAC;cAAA,CAAC;cAACuB,IAAI,EAAC,OAAO;cAACpB,KAAK,EAAE;gBAAEa,KAAK,EAAE;cAAG;YAAE,UAEjF,CACP,CACR;UAAA;UACDU,UAAU,EAAE,SAAAA,CAAAC,QAAQ;YAAA,oBAChB1B,KAAA,CAAAC,aAAA,CAAC0B,IAAI;cAACR,IAAI,EAAC,QAAQ;cAACjB,KAAK,EAAE;gBAAE0B,KAAK,EAAEF,QAAQ,GAAG,SAAS,GAAGnC;cAAU;YAAE,EAC1E;UAAA;UACDsC,QAAQ,EAAE,SAAAA,CAACpB,KAAK,EAAEqB,MAAM;YAAA,OACpB7D,KAAA,CAAKc,SAAS,CAAC+C,MAAM,EAACrC,SAAS,CAAC,CAC3BsC,QAAQ,CAAC,CAAC,CACVC,WAAW,CAAC,CAAC,CACbC,QAAQ,CAACxB,KAAK,CAACuB,WAAW,CAAC,CAAC,CAAC;UAAA;UACtCE,6BAA6B,EAAE,SAAAA,CAAAC,OAAO,EAAI;YACtC,IAAIA,OAAO,EAAE;cACTC,UAAU,CAAC;gBAAA,OAAMnE,KAAA,CAAKsC,WAAW,CAAC8B,MAAM,CAAC,CAAC;cAAA,EAAC;YAC/C;UACJ,CAAC;UACDC,MAAM,EAAE,SAAAA,CAAAC,IAAI;YAAA,OACPtE,KAAA,CAAKU,KAAK,CAACG,cAAc,KAAKW,SAAS,gBACxCO,KAAA,CAAAC,aAAA,CAACuC,WAAW;cACRC,cAAc,EAAE;gBAAEC,eAAe,EAAE,SAAS;gBAAEvC,OAAO,EAAE;cAAE,CAAE;cAC3DwC,WAAW,EAAE,CAAC1E,KAAA,CAAKU,KAAK,CAACE,UAAU,CAAE;cACrC+D,UAAU;cACVC,eAAe,EAAEN,IAAI,CAACR,QAAQ,CAAC;YAAE,EACnC,GACAQ,IAAA;UAAA;QAEV,CAAC;MAAA,CAAC;MAAAtE,KAAA,CAEF6C,YAAY,GAAG,UAACjB,YAAY,EAAEC,OAAO,EAAEL,SAAS,EAAK;QACjDK,OAAO,CAAC,CAAC;QACT7B,KAAA,CAAK6E,QAAQ,CAAC;UACVjE,UAAU,EAAEgB,YAAY,CAAC,CAAC,CAAC;UAC3Bf,cAAc,EAAEW;QACpB,CAAC,CAAC;MACN,CAAC;MAAAxB,KAAA,CAEDuD,WAAW,GAAG,UAAAzB,YAAY,EAAI;QAC1BA,YAAY,CAAC,CAAC;QACd9B,KAAA,CAAK6E,QAAQ,CAAC;UAAEjE,UAAU,EAAE;QAAG,CAAC,CAAC;MACrC,CAAC;MACD;MAAAZ,KAAA,CAEA8E,UAAU,GAAI,UAAAjB,MAAM,EAAK;QACrB,IAAIkB,aAAa,GAAGlB,MAAM,CAAC,IAAI,CAAC;QAChC7D,KAAA,CAAKgF,KAAK,CAACC,oBAAoB,CAACF,aAAa,CAAC;QAC9C/E,KAAA,CAAKgF,KAAK,CAACE,mBAAmB,CAAC,CAAC;QAChClF,KAAA,CAAK6E,QAAQ,CAAC;UACVlE,kBAAkB,EAAE;QACxB,CAAC,CAAC;MACN,CAAC;MAAAX,KAAA,CAMDmF,iBAAiB,GAAI,UAAAC,IAAI,EAAK;QAC1BpF,KAAA,CAAKgF,KAAK,CAACC,oBAAoB,CAACG,IAAI,CAACC,GAAG,CAAC;MAC7C,CAAC;MAAA,OAAArF,KAAA;IAAA;IAAA,IAAAsF,MAAA,GAAAzF,4BAAA,CAAA0F,SAAA;IAAAD,MAAA,CA1GDE,iBAAiB;MAAjB,SAAAA,kBAAA,EAAoB;QAChB,IAAI,CAACR,KAAK,CAACS,YAAY,CAAC,CAAC;MAC7B;MAAA,OAAAD,iBAAA;IAAA;IAAAF,MAAA,CAkGAE,iBAAiB;MAAjB,SAAAA,kBAAA,EAAoB;QAChB,IAAI,CAACR,KAAK,CAACU,yBAAyB,CAAC,CAAC;MAC1C;MAAA,OAAAF,iBAAA;IAAA;IAAAF,MAAA,CAMAjB,MAAM;MAAN,SAAAA,OAAA,EAAS;QACL,IAAIsB,YAAY,GAAG,IAAI;QACvB,IAAI,CAAC,IAAI,CAACX,KAAK,CAACY,eAAe,EAAE;UAC7BD,YAAY,gBAAG5D,KAAA,CAAAC,aAAA,CAAC6D,QAAQ;YAACC,EAAE,EAAC;UAAQ,EAAG;QAC3C;QAGA,IAAIC,sBAAsB,GAAG,IAAI;QACjC,IAAI,IAAI,CAACrF,KAAK,CAACC,kBAAkB,KAAK,IAAI,EAAE;UACxCoF,sBAAsB,gBAAGhE,KAAA,CAAAC,aAAA,CAAC6D,QAAQ;YAACG,IAAI,EAAE,IAAK;YAACF,EAAE,EAAC;UAAkB,EAAG;QAC3E,CAAC,MACI;UACDC,sBAAsB,GAAG,IAAI;QACjC;QAEA,IAAIE,oBAAoB,GAAG,gBAAgB;QAE3C,IAAIC,YAAY,gBACZnE,KAAA,CAAAC,aAAA,CAACmE,IAAI;UAAChD,OAAO,EAAE,IAAI,CAACgC;QAAkB,GACjC,IAAI,CAACH,KAAK,CAACoB,QAAQ,IAAI,IAAI,CAACpB,KAAK,CAACoB,QAAQ,CAACC,GAAG,CAAE,UAAAC,GAAG;UAAA,oBAChDvE,KAAA,CAAAC,aAAA,CAACmE,IAAI,CAACI,IAAI;YAAClB,GAAG,EAAEiB,GAAG,CAAC,IAAI;UAAE,GACrBA,GAAG,CAAC,cAAc,CACZ,CACd;QAAA,EACC,CACT;QAED,IAAME,OAAO,GAAG,CAAAC,aAAA,CAAAA,aAAA;UAERC,KAAK,EAAE,cAAc;UACrBlF,SAAS,EAAE,sBAAsB;UACjC6D,GAAG,EAAE;QAAc,GAChB,IAAI,CAAC9D,oBAAoB,CAAC,cAAc,CAAC;UAC5CoF,gBAAgB,EAAE,SAAS;UAC3BC,MAAM,EAAE,SAAAA,CAACC,CAAC,EAAEC,CAAC;YAAA,OAAKD,CAAC,CAACE,OAAO,CAACC,YAAY,CAAC7G,MAAM,GAAG2G,CAAC,CAACC,OAAO,CAACC,YAAY,CAAC7G,MAAA;UAAA;QAAA,IAAAsG,aAAA,CAAAA,aAAA;UAGzEC,KAAK,EAAE,SAAS;UAChBlF,SAAS,EAAE,yBAAyB;UACpC6D,GAAG,EAAE;QAAY,GACd,IAAI,CAAC9D,oBAAoB,CAAC,yBAAyB,CAAC;UACvDoF,gBAAgB,EAAE,SAAS;UAC3BC,MAAM,EAAE,SAAAA,CAACC,CAAC,EAAEC,CAAC;YAAA,OAAKD,CAAC,CAACE,OAAO,CAACE,eAAe,CAAC9G,MAAM,GAAG2G,CAAC,CAACC,OAAO,CAACE,eAAe,CAAC9G,MAAA;UAAA;QAAA,IAAAsG,aAAA,CAAAA,aAAA;UAG/EC,KAAK,EAAE,cAAc;UACrBlF,SAAS,EAAE,IAAI;UACf6D,GAAG,EAAE;QAAI,GACN,IAAI,CAAC9D,oBAAoB,CAAC,IAAI,CAAC;UAClCoF,gBAAgB,EAAE,SAAS;UAC3BC,MAAM,EAAE,SAAAA,CAACC,CAAC,EAAEC,CAAC;YAAA,OAAKD,CAAC,CAACK,EAAE,GAAGJ,CAAC,CAACI,EAAA;UAAA;QAAA,IAAAT,aAAA,CAAAA,aAAA;UAG3BC,KAAK,EAAE,cAAc;UACrBlF,SAAS,EAAE,cAAc;UACzB6D,GAAG,EAAE;QAAc,GAChB,IAAI,CAAC9D,oBAAoB,CAAC,cAAc,CAAC;UAC5CoF,gBAAgB,EAAE,SAAS;UAC3BC,MAAM,EAAE,SAAAA,CAACC,CAAC,EAAEC,CAAC;YAAA,OAAKD,CAAC,CAACM,YAAY,CAAChH,MAAM,GAAG2G,CAAC,CAACK,YAAY,CAAChH,MAAA;UAAA;QAAA,IAAAsG,aAAA,CAAAA,aAAA;UAGzDC,KAAK,EAAE,UAAU;UACjBlF,SAAS,EAAE,UAAU;UACrB6D,GAAG,EAAE;QAAU,GACZ,IAAI,CAAC9D,oBAAoB,CAAC,UAAU,CAAC;UACxCoF,gBAAgB,EAAE,SAAS;UAC3BC,MAAM,EAAE,SAAAA,CAACC,CAAC,EAAEC,CAAC;YAAA,OAAKD,CAAC,CAACO,QAAQ,CAACjH,MAAM,GAAG2G,CAAC,CAACM,QAAQ,CAACjH,MAAA;UAAA;QAAA,IAAAsG,aAAA,CAAAA,aAAA;UAGjDC,KAAK,EAAE,sBAAsB;UAC7BlF,SAAS,EAAE,iBAAiB;UAC5B6D,GAAG,EAAE;QAAiB,GACnB,IAAI,CAAC9D,oBAAoB,CAAC,iBAAiB,CAAC;UAC/CoF,gBAAgB,EAAE,SAAS;UAC3BC,MAAM,EAAE,SAAAA,CAACC,CAAC,EAAEC,CAAC,EAAM;YACf,IAAIO,EAAE,GAAG,IAAIC,IAAI,CAACT,CAAC,CAACU,eAAe,CAAC;YACpC,IAAIC,EAAE,GAAG,IAAIF,IAAI,CAACR,CAAC,CAACS,eAAe,CAAC;YACpC,OAAOF,EAAE,GAACG,EAAE;UAChB;QAAA,IAEJ;UACId,KAAK,EAAE,eAAe;UACtBlF,SAAS,EAAE,aAAa;UACxB6D,GAAG,EAAE,aAAa;UAClBhB,MAAM,EAAC,SAAAA,CAACC,IAAI,EAACT,MAAM,EAAG;YAClB,IAAI4D,EAAE,GAAG,IAAIC,IAAI,CAACC,YAAY,CAAC,CAAC;YAChC,IAAIC,GAAG,GAAGH,EAAE,CAACI,MAAM,CAACvD,IAAI,CAAC;YACzB,oBAAOvC,KAAA,CAAAC,aAAA,eAAO4F,GAAU,CAAC;UAC7B,CAAC;UACDjB,gBAAgB,EAAE,SAAS;UAC3BC,MAAM,EAAE,SAAAA,CAACC,CAAC,EAAEC,CAAC;YAAA,OAAKD,CAAC,CAACiB,WAAW,GAAGhB,CAAC,CAACgB,WAAA;UAAA;QACxC,CAAC,EACD;UACIpB,KAAK,EAAE,uBAAuB;UAC9BlF,SAAS,EAAE,uBAAuB;UAClC6D,GAAG,EAAE,uBAAuB;UAC5BhB,MAAM,EAAC,SAAAA,CAACC,IAAI,EAACT,MAAM,EAAG;YAClB,IAAIkE,GAAG,GAAGzD,IAAI,IAAE,CAAC,GAAC,SAAS,GAAC,SAAS;YACrC,OAAOyD,GAAG;UACd,CAAC;UACDpB,gBAAgB,EAAE,SAAS;UAC3BC,MAAM,EAAE,SAAAA,CAACC,CAAC,EAAEC,CAAC;YAAA,OAAKD,CAAC,CAACmB,qBAAqB,GAAGlB,CAAC,CAACkB,qBAAA;UAAA;QAClD,CAAC,EACD;UACItB,KAAK,EAAE,aAAa;UACpBlF,SAAS,EAAE,aAAa;UACxB6D,GAAG,EAAE,aAAa;UAClBhB,MAAM,EAAC,SAAAA,CAACC,IAAI,EAACT,MAAM,EAAG;YAClB,IAAI4D,EAAE,GAAG,IAAIC,IAAI,CAACC,YAAY,CAAC,CAAC;YAChC,IAAIC,GAAG,GAAGH,EAAE,CAACI,MAAM,CAACvD,IAAI,CAAC;YACzB,oBAAOvC,KAAA,CAAAC,aAAA,eAAO4F,GAAU,CAAC;UAC7B,CAAC;UACDjB,gBAAgB,EAAE,SAAS;UAC3BC,MAAM,EAAE,SAAAA,CAACC,CAAC,EAAEC,CAAC;YAAA,OAAKD,CAAC,CAACoB,WAAW,GAAGnB,CAAC,CAACmB,WAAA;UAAA;QACxC,CAAC,CACJ;QAED,oBACIlG,KAAA,CAAAC,aAAA,2BACID,KAAA,CAAAC,aAAA,CAACkG,GAAG,qBACAnG,KAAA,CAAAC,aAAA,CAACmG,GAAG;UAACC,IAAI,EAAE;QAAG,gBACVrG,KAAA,CAAAC,aAAA,CAACqG,UAAU;UACPC,KAAK,EAAE,KAAM;UACbC,QAAQ,EAAE,KAAM;UAChB7B,KAAK,EAAC,0BAA0B;UAChC8B,KAAK,EAAE,cACHzG,KAAA,CAAAC,aAAA,CAACiB,MAAM;YAACoC,GAAG,EAAC,GAAG;YACFoD,IAAI,EAAC;UAA8D,GAC/E,KAAW,CAAC,eACb1G,KAAA,CAAAC,aAAA,CAACiB,MAAM;YAACoC,GAAG,EAAC,GAAG;YACFoD,IAAI,EAAC;UAA8D,GAC/E,KAAW,CAAC;QACf,CAEM,CACX,CACJ,gBACL1G,KAAA,CAAAC,aAAA,CAACkG,GAAG;UAACQ,MAAM,GAAE,EAAE,EAAC,EAAE;QAAC,gBACf3G,KAAA,CAAAC,aAAA,CAACmG,GAAG;UAACC,IAAI,EAAE;QAAG,gBACVrG,KAAA,CAAAC,aAAA,CAAC2G,KAAK;UACFC,UAAU,EAAE,IAAI,CAAC5D,KAAK,CAAC6D,qBAAsB;UAC7CrC,OAAO,EAAEA;QAAQ,EAEpB,CACJ,CACJ,CAAC;MAEd;MAAA,OAAAnC,MAAA;IAAA;IAAA,OAAAxE,4BAAA;EAAA,EAhQuCiJ,SAAS;EAmQpD,IAAMC,eAAe,GAAG,SAAAA,CAAArI,KAAK,EAAI;IAC7BsI,OAAO,CAACC,GAAG,CAACvI,KAAK,CAAC;IAClB,OAAO;MACH0F,QAAQ,EAAE1F,KAAK,CAAC0F,QAAQ,CAACA,QAAQ;MACjC8C,iBAAiB,EAAExI,KAAK,CAAC0F,QAAQ,CAAC8C,iBAAiB;MACnDC,OAAO,EAAEzI,KAAK,CAAC0I,IAAI,CAACD,OAAO;MAC3BE,KAAK,EAAE3I,KAAK,CAAC0I,IAAI,CAACC,KAAK;MACvBC,KAAK,EAAE5I,KAAK,CAAC0I,IAAI,CAACG,YAAY;MAC9B3D,eAAe,EAAElF,KAAK,CAAC0I,IAAI,CAACG,YAAY,KAAK,IAAI;MACjDC,gBAAgB,EAAE9I,KAAK,CAAC0I,IAAI,CAACI,gBAAgB;MAC7CX,qBAAqB,EAACnI,KAAK,CAACmI,qBAAqB,CAACA,qBAAqB;MACvEY,4BAA4B,EAAE/I,KAAK,CAACmI,qBAAqB,CAACY,4BAA4B;MACtFC,4BAA4B,EAAEhJ,KAAK,CAACmI,qBAAqB,CAACa,4BAA4B;MACtFC,0BAA0B,EAAEjJ,KAAK,CAACmI,qBAAqB,CAACc;IAC5D,CAAC;EACL,CAAC;EACD,IAAMC,kBAAkB,GAAG,SAAAA,CAAAC,QAAQ,EAAI;IACnC,OAAO;MACHC,KAAK,EAAE,SAAAA,CAACC,KAAK,EAAEC,QAAQ;QAAA,OAAKH,QAAQ,CAACI,OAAO,CAACH,KAAK,CAACC,KAAK,EAAEC,QAAQ,CAAC,CAAC;MAAA;MACpEE,mBAAmB,EAAE,SAAAA,CAAA;QAAA,OAAML,QAAQ,CAACI,OAAO,CAACC,mBAAmB,CAAC,IAAI,CAAC,CAAC;MAAA;MACtEzE,YAAY,EAAE,SAAAA,CAAA;QAAA,OAAMoE,QAAQ,CAACI,OAAO,CAACxE,YAAY,CAAC,CAAC,CAAC;MAAA;MACpDR,oBAAoB,EAAG,SAAAA,CAAAiE,iBAAiB;QAAA,OAAKW,QAAQ,CAACI,OAAO,CAAChF,oBAAoB,CAACiE,iBAAiB,CAAC,CAAC;MAAA;MACtGhE,mBAAmB,EAAE,SAAAA,CAAA;QAAA,OAAM2E,QAAQ,CAACI,OAAO,CAAC/E,mBAAmB,CAAC,CAAC,CAAC;MAAA;MAClEQ,yBAAyB,EAAE,SAAAA,CAAA;QAAA,OAAMmE,QAAQ,CAACI,OAAO,CAACvE,yBAAyB,CAAC,CAAC;MAAA;IACjF,CAAC;EACL,CAAC;wBAEcyE,OAAO,CAACpB,eAAe,EAAEa,kBAAkB,CAAC,CAAC/J,4BAA4B,C"},"sourceType":"module","externalDependencies":{},"hash":"6818aebc1d2ba5187aadd2aa0ae0da5e19341ef5"}
