{"metadata":{},"options":{"assumptions":{},"compact":false,"sourceMaps":true,"ast":true,"babelrc":false,"configFile":false,"parserOpts":{"sourceType":"module","sourceFileName":"/home/ani/Mergerware_assignment/Mererware_meteor/Mergerware_loanify/imports/ui/components/Auth/RegisterForm/RegisterForm.js","plugins":["*","flow","jsx","asyncGenerators","bigInt","classPrivateMethods","classPrivateProperties","classProperties","doExpressions","dynamicImport","exportDefaultFrom","exportExtensions","exportNamespaceFrom","functionBind","functionSent","importMeta","nullishCoalescingOperator","numericSeparator","objectRestSpread","optionalCatchBinding","optionalChaining",["pipelineOperator",{"proposal":"minimal"}],"throwExpressions","classProperties","classPrivateProperties","jsx","nullishCoalescingOperator","nullishCoalescingOperator","optionalChaining","optionalChaining","optionalCatchBinding","optionalCatchBinding","classProperties","classPrivateProperties","classPrivateMethods","classProperties","classPrivateProperties","asyncGenerators","asyncGenerators","objectRestSpread","objectRestSpread","logicalAssignment"],"allowImportExportEverywhere":true,"allowReturnOutsideFunction":true,"allowUndeclaredExports":true,"strictMode":false},"caller":{"name":"meteor","arch":"web.browser.legacy"},"sourceFileName":"imports/ui/components/Auth/RegisterForm/RegisterForm.js","filename":"/home/ani/Mergerware_assignment/Mererware_meteor/Mergerware_loanify/imports/ui/components/Auth/RegisterForm/RegisterForm.js","inputSourceMap":{"version":3,"names":["React","Component","Form","Icon","Input","Button","Checkbox","Result","Typography","styles","actions","connect","Redirect","RegisterForm","handleSubmit","e","preventDefault","props","form","validateFields","err","values","console","log","register","name","email","password","c_password","render","authRedirect","isAuthenticated","getFieldDecorator","registerForm","register_message","login","rules","required","message","color","RegisterFormButton","errors","error","Object","keys","map","key","mapStateToProps","state","loading","auth","access_token","authRedirectPath","mapDispatchToProps","dispatch","setAuthRedirectPath","create"],"sources":["imports/ui/components/Auth/RegisterForm/RegisterForm.js"],"sourcesContent":["import React, { Component } from 'react';\nimport { Form, Icon, Input, Button, Checkbox, Result, Typography } from 'antd';\nimport styles from './RegisterForm.module.css';\nimport * as actions from '../../../store/actions/index';\nimport { connect } from 'react-redux';\nimport { Redirect } from 'react-router-dom';\n\nclass RegisterForm extends Component {\n    handleSubmit = e => {\n        e.preventDefault();\n        this.props.form.validateFields((err, values) => {\n            if (!err) {\n                console.log('Received values of form: ', values);\n                this.props.register(values.name, values.email, values.password, values.c_password)\n            }\n        });\n    };\n\n    render() {\n        let authRedirect = null;\n        if (!this.props.isAuthenticated) {\n            authRedirect = <Redirect to=\"/\" />\n        }\n        const { getFieldDecorator } = this.props.form;\n\n        let registerForm = null;\n\n        if (this.props.register_message) {\n            registerForm = (\n                <Result\n                    status=\"success\"\n                    title=\"Successfully Registered!\"\n                    subTitle={this.props.register_message}\n                    extra={[\n                        <Button type=\"primary\" key=\"loginButton\" onClick={this.props.login}>\n                            Go to Login\n                        </Button>,\n                    ]}\n                />\n            );\n        }\n        else {\n            registerForm = (\n                < Form onSubmit={this.handleSubmit} className=\"login-form\" >\n                    <Form.Item>\n                        {getFieldDecorator('name', {\n                            rules: [{ required: true, message: 'Please input your name!' }],\n                        })(\n                            <Input\n                                prefix={<Icon type=\"user\" style={{ color: 'rgba(0,0,0,.25)' }} />}\n                                placeholder=\"Name\"\n                                size=\"large\"\n                            />,\n                        )}\n                    </Form.Item>\n                    <Form.Item>\n                        {getFieldDecorator('email', {\n                            rules: [{ required: true, message: 'Please input your email!' }],\n                        })(\n                            <Input\n                                prefix={<Icon type=\"user\" style={{ color: 'rgba(0,0,0,.25)' }} />}\n                                type=\"email\"\n                                placeholder=\"Email\"\n                                size=\"large\"\n                            />,\n                        )}\n                    </Form.Item>\n                    <Form.Item>\n                        {getFieldDecorator('password', {\n                            rules: [{ required: true, message: 'Please input your Password!' }],\n                        })(\n                            <Input\n                                prefix={<Icon type=\"lock\" style={{ color: 'rgba(0,0,0,.25)' }} />}\n                                type=\"password\"\n                                placeholder=\"Password\"\n                                size=\"large\"\n                            />,\n                        )}\n                    </Form.Item>\n                    <Form.Item>\n                        {getFieldDecorator('c_password', {\n                            rules: [{ required: true, message: 'Retype your Password!' }],\n                        })(\n                            <Input\n                                prefix={<Icon type=\"lock\" style={{ color: 'rgba(0,0,0,.25)' }} />}\n                                type=\"password\"\n                                placeholder=\"Retype Password\"\n                                size=\"large\"\n                            />,\n                        )}\n                    </Form.Item>\n\n                    <Form.Item>\n                        <Button type=\"primary\"\n                            htmlType=\"submit\"\n                            className={styles.RegisterFormButton}\n                            size=\"large\"\n                        >\n                            Register\n                    </Button>\n                    </Form.Item>\n                </Form >\n            );\n        }\n\n        let errors = null;\n        if (this.props.error) {\n            errors = Object.keys(this.props.error).map(\n                (key) => <Typography.Text key={key} type=\"danger\">{this.props.error[key]}</Typography.Text>\n            );\n        }\n        return (\n            <div>\n                {errors}\n                {registerForm}\n            </div>\n        );\n    }\n}\n\nconst mapStateToProps = state => {\n    return {\n        loading: state.register.loading,\n        error: state.register.error,\n        register_message: state.register.register_message,\n        isAuthenticated: state.auth.access_token !== null,\n        authRedirectPath: state.auth.authRedirectPath\n    }\n}\nconst mapDispatchToProps = dispatch => {\n    return {\n        register: (name, email, password, c_password) => dispatch(actions.register(name, email, password, c_password)),\n        setAuthRedirectPath: () => dispatch(actions.setAuthRedirectPath('/ '))\n    }\n}\n//export default Form.create()(RegisterForm);\nexport default connect(mapStateToProps, mapDispatchToProps)(Form.create()(RegisterForm));\n"],"mappings":";AAAA,OAAOA,KAAK,IAAIC,SAAS,QAAQ,OAAO;AACxC,SAASC,IAAI,EAAEC,IAAI,EAAEC,KAAK,EAAEC,MAAM,EAAEC,QAAQ,EAAEC,MAAM,EAAEC,UAAU,QAAQ,MAAM;AAC9E,OAAOC,MAAM,MAAM,2BAA2B;AAC9C,OAAO,KAAKC,OAAO,MAAM,8BAA8B;AACvD,SAASC,OAAO,QAAQ,aAAa;AACrC,SAASC,QAAQ,QAAQ,kBAAkB;AAE3C,MAAMC,YAAY,SAASZ,SAAS,CAAC;EACjCa,YAAY,GAAGC,CAAC,IAAI;IAChBA,CAAC,CAACC,cAAc,CAAC,CAAC;IAClB,IAAI,CAACC,KAAK,CAACC,IAAI,CAACC,cAAc,CAAC,CAACC,GAAG,EAAEC,MAAM,KAAK;MAC5C,IAAI,CAACD,GAAG,EAAE;QACNE,OAAO,CAACC,GAAG,CAAC,2BAA2B,EAAEF,MAAM,CAAC;QAChD,IAAI,CAACJ,KAAK,CAACO,QAAQ,CAACH,MAAM,CAACI,IAAI,EAAEJ,MAAM,CAACK,KAAK,EAAEL,MAAM,CAACM,QAAQ,EAAEN,MAAM,CAACO,UAAU,CAAC;MACtF;IACJ,CAAC,CAAC;EACN,CAAC;EAEDC,MAAMA,CAAA,EAAG;IACL,IAAIC,YAAY,GAAG,IAAI;IACvB,IAAI,CAAC,IAAI,CAACb,KAAK,CAACc,eAAe,EAAE;MAC7BD,YAAY,GAAG,CAAC,QAAQ,CAAC,EAAE,CAAC,GAAG,GAAG;IACtC;IACA,MAAM;MAAEE;IAAkB,CAAC,GAAG,IAAI,CAACf,KAAK,CAACC,IAAI;IAE7C,IAAIe,YAAY,GAAG,IAAI;IAEvB,IAAI,IAAI,CAAChB,KAAK,CAACiB,gBAAgB,EAAE;MAC7BD,YAAY,GACR,CAAC,MAAM,CACH,MAAM,CAAC,SAAS,CAChB,KAAK,CAAC,0BAA0B,CAChC,QAAQ,CAAC,CAAC,IAAI,CAAChB,KAAK,CAACiB,gBAAgB,CAAC,CACtC,KAAK,CAAC,CAAC,CACH,CAAC,MAAM,CAAC,IAAI,CAAC,SAAS,CAAC,GAAG,CAAC,aAAa,CAAC,OAAO,CAAC,CAAC,IAAI,CAACjB,KAAK,CAACkB,KAAK,CAAC;AAC3F;AACA,wBAAwB,EAAE,MAAM,CAAC,CACZ,CAAC,GAET;IACL,CAAC,MACI;MACDF,YAAY,GACR,CAAE,IAAI,CAAC,QAAQ,CAAC,CAAC,IAAI,CAACnB,YAAY,CAAC,CAAC,SAAS,CAAC,YAAY;AAC1E,oBAAoB,CAAC,IAAI,CAAC,IAAI;AAC9B,wBAAwB,CAACkB,iBAAiB,CAAC,MAAM,EAAE;YACvBI,KAAK,EAAE,CAAC;cAAEC,QAAQ,EAAE,IAAI;cAAEC,OAAO,EAAE;YAA0B,CAAC;UAClE,CAAC,CAAC,CACE,CAAC,KAAK,CACF,MAAM,CAAC,CAAC,CAAC,IAAI,CAAC,IAAI,CAAC,MAAM,CAAC,KAAK,CAAC,CAAC;YAAEC,KAAK,EAAE;UAAkB,CAAC,CAAC,GAAG,CAAC,CAClE,WAAW,CAAC,MAAM,CAClB,IAAI,CAAC,OAAO,GAEpB,CAAC;AACzB,oBAAoB,EAAE,IAAI,CAAC,IAAI;AAC/B,oBAAoB,CAAC,IAAI,CAAC,IAAI;AAC9B,wBAAwB,CAACP,iBAAiB,CAAC,OAAO,EAAE;YACxBI,KAAK,EAAE,CAAC;cAAEC,QAAQ,EAAE,IAAI;cAAEC,OAAO,EAAE;YAA2B,CAAC;UACnE,CAAC,CAAC,CACE,CAAC,KAAK,CACF,MAAM,CAAC,CAAC,CAAC,IAAI,CAAC,IAAI,CAAC,MAAM,CAAC,KAAK,CAAC,CAAC;YAAEC,KAAK,EAAE;UAAkB,CAAC,CAAC,GAAG,CAAC,CAClE,IAAI,CAAC,OAAO,CACZ,WAAW,CAAC,OAAO,CACnB,IAAI,CAAC,OAAO,GAEpB,CAAC;AACzB,oBAAoB,EAAE,IAAI,CAAC,IAAI;AAC/B,oBAAoB,CAAC,IAAI,CAAC,IAAI;AAC9B,wBAAwB,CAACP,iBAAiB,CAAC,UAAU,EAAE;YAC3BI,KAAK,EAAE,CAAC;cAAEC,QAAQ,EAAE,IAAI;cAAEC,OAAO,EAAE;YAA8B,CAAC;UACtE,CAAC,CAAC,CACE,CAAC,KAAK,CACF,MAAM,CAAC,CAAC,CAAC,IAAI,CAAC,IAAI,CAAC,MAAM,CAAC,KAAK,CAAC,CAAC;YAAEC,KAAK,EAAE;UAAkB,CAAC,CAAC,GAAG,CAAC,CAClE,IAAI,CAAC,UAAU,CACf,WAAW,CAAC,UAAU,CACtB,IAAI,CAAC,OAAO,GAEpB,CAAC;AACzB,oBAAoB,EAAE,IAAI,CAAC,IAAI;AAC/B,oBAAoB,CAAC,IAAI,CAAC,IAAI;AAC9B,wBAAwB,CAACP,iBAAiB,CAAC,YAAY,EAAE;YAC7BI,KAAK,EAAE,CAAC;cAAEC,QAAQ,EAAE,IAAI;cAAEC,OAAO,EAAE;YAAwB,CAAC;UAChE,CAAC,CAAC,CACE,CAAC,KAAK,CACF,MAAM,CAAC,CAAC,CAAC,IAAI,CAAC,IAAI,CAAC,MAAM,CAAC,KAAK,CAAC,CAAC;YAAEC,KAAK,EAAE;UAAkB,CAAC,CAAC,GAAG,CAAC,CAClE,IAAI,CAAC,UAAU,CACf,WAAW,CAAC,iBAAiB,CAC7B,IAAI,CAAC,OAAO,GAEpB,CAAC;AACzB,oBAAoB,EAAE,IAAI,CAAC,IAAI;AAC/B;AACA,oBAAoB,CAAC,IAAI,CAAC,IAAI;AAC9B,wBAAwB,CAAC,MAAM,CAAC,IAAI,CAAC,SAAS,CAClB,QAAQ,CAAC,QAAQ,CACjB,SAAS,CAAC,CAAC9B,MAAM,CAAC+B,kBAAkB,CAAC,CACrC,IAAI,CAAC,OAAO;AAExC;AACA,oBAAoB,EAAE,MAAM;AAC5B,oBAAoB,EAAE,IAAI,CAAC,IAAI;AAC/B,gBAAgB,EAAE,IAAI,CACT;IACL;IAEA,IAAIC,MAAM,GAAG,IAAI;IACjB,IAAI,IAAI,CAACxB,KAAK,CAACyB,KAAK,EAAE;MAClBD,MAAM,GAAGE,MAAM,CAACC,IAAI,CAAC,IAAI,CAAC3B,KAAK,CAACyB,KAAK,CAAC,CAACG,GAAG,CACrCC,GAAG,IAAK,CAAC,UAAU,CAAC,IAAI,CAAC,GAAG,CAAC,CAACA,GAAG,CAAC,CAAC,IAAI,CAAC,QAAQ,CAAC,CAAC,IAAI,CAAC7B,KAAK,CAACyB,KAAK,CAACI,GAAG,CAAC,CAAC,EAAE,UAAU,CAAC,IAAI,CAC9F,CAAC;IACL;IACA,OACI,CAAC,GAAG;AAChB,gBAAgB,CAACL,MAAM;AACvB,gBAAgB,CAACR,YAAY;AAC7B,YAAY,EAAE,GAAG,CAAC;EAEd;AACJ;AAEA,MAAMc,eAAe,GAAGC,KAAK,IAAI;EAC7B,OAAO;IACHC,OAAO,EAAED,KAAK,CAACxB,QAAQ,CAACyB,OAAO;IAC/BP,KAAK,EAAEM,KAAK,CAACxB,QAAQ,CAACkB,KAAK;IAC3BR,gBAAgB,EAAEc,KAAK,CAACxB,QAAQ,CAACU,gBAAgB;IACjDH,eAAe,EAAEiB,KAAK,CAACE,IAAI,CAACC,YAAY,KAAK,IAAI;IACjDC,gBAAgB,EAAEJ,KAAK,CAACE,IAAI,CAACE;EACjC,CAAC;AACL,CAAC;AACD,MAAMC,kBAAkB,GAAGC,QAAQ,IAAI;EACnC,OAAO;IACH9B,QAAQ,EAAEA,CAACC,IAAI,EAAEC,KAAK,EAAEC,QAAQ,EAAEC,UAAU,KAAK0B,QAAQ,CAAC5C,OAAO,CAACc,QAAQ,CAACC,IAAI,EAAEC,KAAK,EAAEC,QAAQ,EAAEC,UAAU,CAAC,CAAC;IAC9G2B,mBAAmB,EAAEA,CAAA,KAAMD,QAAQ,CAAC5C,OAAO,CAAC6C,mBAAmB,CAAC,IAAI,CAAC;EACzE,CAAC;AACL,CAAC;AACD;AACA,eAAe5C,OAAO,CAACoC,eAAe,EAAEM,kBAAkB,CAAC,CAACnD,IAAI,CAACsD,MAAM,CAAC,CAAC,CAAC3C,YAAY,CAAC,CAAC"},"targets":{},"cloneInputAst":true,"browserslistConfigFile":false,"passPerPreset":false,"envName":"development","cwd":"/home/ani/Mergerware_assignment/Mererware_meteor/Mergerware_loanify","root":"/home/ani/Mergerware_assignment/Mererware_meteor/Mergerware_loanify","rootMode":"root","plugins":[{"key":"base$0","visitor":{"_exploded":true,"_verified":true},"options":{},"externalDependencies":[]},{"key":"base$0$0","visitor":{"Program":{"enter":[null],"exit":[null]},"_exploded":true,"_verified":true},"options":{"avoidModernSyntax":true,"enforceStrictMode":false,"dynamicImport":true},"externalDependencies":[]},{"key":"transform-runtime","visitor":{"MemberExpression":{"enter":[null]},"ObjectPattern":{"enter":[null]},"BinaryExpression":{"enter":[null]},"Identifier":{"enter":[null]},"JSXIdentifier":{"enter":[null]},"_exploded":true,"_verified":true},"options":{"version":"7.17.2","helpers":true,"useESModules":false,"corejs":false},"externalDependencies":[]},{"key":"proposal-class-properties","visitor":{"ExportDefaultDeclaration":{"enter":[null]},"_exploded":true,"_verified":true,"ClassExpression":{"enter":[null]},"ClassDeclaration":{"enter":[null]}},"options":{"loose":true},"externalDependencies":[]},{"key":"base$0$3","visitor":{"FunctionExpression":{"exit":[null]},"_exploded":true,"_verified":true},"options":{},"externalDependencies":[]},{"key":"base$0$4","visitor":{"ForInStatement":{"enter":[null]},"_exploded":true,"_verified":true},"options":{},"externalDependencies":[]},{"key":"transform-react-jsx","visitor":{"JSXNamespacedName":{"enter":[null]},"JSXSpreadChild":{"enter":[null]},"Program":{"enter":[null]},"JSXFragment":{"exit":[null]},"JSXElement":{"exit":[null]},"JSXAttribute":{"enter":[null]},"_exploded":true,"_verified":true},"options":{"pragma":"React.createElement","pragmaFrag":"React.Fragment","runtime":"classic","throwIfNamespace":true,"useBuiltIns":false},"externalDependencies":[]},{"key":"transform-react-display-name","visitor":{"ExportDefaultDeclaration":{"enter":[null]},"CallExpression":{"enter":[null]},"_exploded":true,"_verified":true},"options":{},"externalDependencies":[]},{"key":"transform-react-pure-annotations","visitor":{"CallExpression":{"enter":[null]},"_exploded":true,"_verified":true},"options":{},"externalDependencies":[]},{"key":"syntax-nullish-coalescing-operator","visitor":{"_exploded":true,"_verified":true},"options":{},"externalDependencies":[]},{"key":"proposal-nullish-coalescing-operator","visitor":{"LogicalExpression":{"enter":[null]},"_exploded":true,"_verified":true},"options":{},"externalDependencies":[]},{"key":"syntax-optional-chaining","visitor":{"_exploded":true,"_verified":true},"options":{},"externalDependencies":[]},{"key":"proposal-optional-chaining","visitor":{"OptionalCallExpression":{"enter":[null]},"OptionalMemberExpression":{"enter":[null]},"_exploded":true,"_verified":true},"options":{},"externalDependencies":[]},{"key":"syntax-optional-catch-binding","visitor":{"_exploded":true,"_verified":true},"options":{},"externalDependencies":[]},{"key":"proposal-optional-catch-binding","visitor":{"CatchClause":{"enter":[null]},"_exploded":true,"_verified":true},"options":{},"externalDependencies":[]},{"key":"syntax-class-properties","visitor":{"_exploded":true,"_verified":true},"options":{},"externalDependencies":[]},{"key":"proposal-class-properties","visitor":{"ExportDefaultDeclaration":{"enter":[null]},"_exploded":true,"_verified":true,"ClassExpression":{"enter":[null]},"ClassDeclaration":{"enter":[null]}},"options":{},"externalDependencies":[]},{"key":"syntax-async-generators","visitor":{"_exploded":true,"_verified":true},"options":{},"externalDependencies":[]},{"key":"proposal-async-generator-functions","visitor":{"Program":{"enter":[null]},"_exploded":true,"_verified":true},"options":{},"externalDependencies":[]},{"key":"syntax-object-rest-spread","visitor":{"_exploded":true,"_verified":true},"options":{},"externalDependencies":[]},{"key":"proposal-object-rest-spread","visitor":{"VariableDeclarator":{"enter":[null]},"ExportNamedDeclaration":{"enter":[null]},"CatchClause":{"enter":[null]},"AssignmentExpression":{"enter":[null]},"ArrayPattern":{"enter":[null]},"ObjectExpression":{"enter":[null]},"FunctionDeclaration":{"enter":[null]},"FunctionExpression":{"enter":[null]},"ObjectMethod":{"enter":[null]},"ArrowFunctionExpression":{"enter":[null]},"ClassMethod":{"enter":[null]},"ClassPrivateMethod":{"enter":[null]},"ForInStatement":{"enter":[null]},"ForOfStatement":{"enter":[null]},"_exploded":true,"_verified":true},"options":{},"externalDependencies":[]},{"key":"proposal-logical-assignment-operators","visitor":{"AssignmentExpression":{"enter":[null]},"_exploded":true,"_verified":true},"options":{},"externalDependencies":[]},{"key":"transform-arrow-functions","visitor":{"ArrowFunctionExpression":{"enter":[null]},"_exploded":true,"_verified":true},"options":{},"externalDependencies":[]},{"key":"transform-block-scoped-functions","visitor":{"BlockStatement":{"enter":[null]},"SwitchCase":{"enter":[null]},"_exploded":true,"_verified":true},"options":{},"externalDependencies":[]},{"key":"transform-block-scoping","visitor":{"VariableDeclaration":{"enter":[null,null]},"BlockStatement":{"enter":[null]},"SwitchCase":{"enter":[null]},"ClassDeclaration":{"enter":[null]},"DoWhileStatement":{"enter":[null]},"ForInStatement":{"enter":[null]},"ForStatement":{"enter":[null]},"WhileStatement":{"enter":[null]},"ForOfStatement":{"enter":[null]},"_exploded":true,"_verified":true},"options":{},"externalDependencies":[]},{"key":"transform-classes","visitor":{"ExportDefaultDeclaration":{"enter":[null]},"ClassDeclaration":{"enter":[null]},"ClassExpression":{"enter":[null]},"_exploded":true,"_verified":true},"options":{"loose":true},"externalDependencies":[]},{"key":"transform-computed-properties","visitor":{"ObjectExpression":{"exit":[null]},"_exploded":true,"_verified":true},"options":{"loose":true},"externalDependencies":[]},{"key":"transform-destructuring","visitor":{"ExportNamedDeclaration":{"enter":[null]},"CatchClause":{"enter":[null]},"AssignmentExpression":{"enter":[null]},"VariableDeclaration":{"enter":[null]},"_exploded":true,"_verified":true,"ForInStatement":{"enter":[null]},"ForOfStatement":{"enter":[null]}},"options":{},"externalDependencies":[]},{"key":"transform-for-of","visitor":{"ForOfStatement":{"enter":[null]},"_exploded":true,"_verified":true},"options":{"loose":true},"externalDependencies":[]},{"key":"transform-literals","visitor":{"NumericLiteral":{"enter":[null]},"StringLiteral":{"enter":[null]},"_exploded":true,"_verified":true},"options":{},"externalDependencies":[]},{"key":"transform-object-super","visitor":{"ObjectExpression":{"enter":[null]},"_exploded":true,"_verified":true,"DoWhileStatement":{"exit":[null]},"ForInStatement":{"exit":[null]},"ForStatement":{"exit":[null]},"WhileStatement":{"exit":[null]},"ForOfStatement":{"exit":[null]}},"options":{},"externalDependencies":[]},{"key":"transform-parameters","visitor":{"_exploded":true,"_verified":true,"FunctionDeclaration":{"enter":[null]},"FunctionExpression":{"enter":[null]},"ObjectMethod":{"enter":[null]},"ArrowFunctionExpression":{"enter":[null]},"ClassMethod":{"enter":[null]},"ClassPrivateMethod":{"enter":[null]}},"options":{},"externalDependencies":[]},{"key":"transform-shorthand-properties","visitor":{"ObjectMethod":{"enter":[null]},"ObjectProperty":{"enter":[null]},"_exploded":true,"_verified":true},"options":{},"externalDependencies":[]},{"key":"transform-spread","visitor":{"ArrayExpression":{"enter":[null]},"CallExpression":{"enter":[null]},"NewExpression":{"enter":[null]},"_exploded":true,"_verified":true},"options":{},"externalDependencies":[]},{"key":"transform-sticky-regex","visitor":{"RegExpLiteral":{"enter":[null]},"_exploded":true,"_verified":true},"options":{},"externalDependencies":[]},{"key":"transform-template-literals","visitor":{"TaggedTemplateExpression":{"enter":[null]},"TemplateLiteral":{"enter":[null]},"_exploded":true,"_verified":true},"options":{"loose":true},"externalDependencies":[]},{"key":"transform-typeof-symbol","visitor":{"UnaryExpression":{"enter":[null]},"_exploded":true,"_verified":true,"BlockStatement":{"enter":[null]},"CatchClause":{"enter":[null]},"DoWhileStatement":{"enter":[null]},"ForInStatement":{"enter":[null]},"ForStatement":{"enter":[null]},"FunctionDeclaration":{"enter":[null]},"FunctionExpression":{"enter":[null]},"Program":{"enter":[null]},"ObjectMethod":{"enter":[null]},"SwitchStatement":{"enter":[null]},"WhileStatement":{"enter":[null]},"ArrowFunctionExpression":{"enter":[null]},"ClassExpression":{"enter":[null]},"ClassDeclaration":{"enter":[null]},"ForOfStatement":{"enter":[null]},"ClassMethod":{"enter":[null]},"ClassPrivateMethod":{"enter":[null]},"StaticBlock":{"enter":[null]},"TSModuleBlock":{"enter":[null]},"AssignmentPattern":{"enter":[null]},"ArrayPattern":{"enter":[null]},"ObjectPattern":{"enter":[null]}},"options":{},"externalDependencies":[]},{"key":"transform-unicode-regex","visitor":{"RegExpLiteral":{"enter":[null]},"_exploded":true,"_verified":true},"options":{},"externalDependencies":[]},{"key":"transform-property-literals","visitor":{"ObjectProperty":{"exit":[null]},"_exploded":true,"_verified":true},"options":{},"externalDependencies":[]},{"key":"transform-exponentiation-operator","visitor":{"AssignmentExpression":{"enter":[null]},"BinaryExpression":{"enter":[null]},"_exploded":true,"_verified":true},"options":{},"externalDependencies":[]},{"key":"transform-regenerator","visitor":{"ObjectMethod":{"enter":[null],"exit":[null]},"ClassMethod":{"enter":[null],"exit":[null]},"ClassPrivateMethod":{"enter":[null],"exit":[null]},"FunctionDeclaration":{"exit":[null]},"FunctionExpression":{"exit":[null]},"ArrowFunctionExpression":{"exit":[null]},"MemberExpression":{"enter":[null]},"_exploded":true,"_verified":true},"options":{},"externalDependencies":[]}],"presets":[],"generatorOpts":{"filename":"/home/ani/Mergerware_assignment/Mererware_meteor/Mergerware_loanify/imports/ui/components/Auth/RegisterForm/RegisterForm.js","comments":true,"compact":false,"sourceMaps":true,"sourceFileName":"imports/ui/components/Auth/RegisterForm/RegisterForm.js","inputSourceMap":{"version":3,"names":["React","Component","Form","Icon","Input","Button","Checkbox","Result","Typography","styles","actions","connect","Redirect","RegisterForm","handleSubmit","e","preventDefault","props","form","validateFields","err","values","console","log","register","name","email","password","c_password","render","authRedirect","isAuthenticated","getFieldDecorator","registerForm","register_message","login","rules","required","message","color","RegisterFormButton","errors","error","Object","keys","map","key","mapStateToProps","state","loading","auth","access_token","authRedirectPath","mapDispatchToProps","dispatch","setAuthRedirectPath","create"],"sources":["imports/ui/components/Auth/RegisterForm/RegisterForm.js"],"sourcesContent":["import React, { Component } from 'react';\nimport { Form, Icon, Input, Button, Checkbox, Result, Typography } from 'antd';\nimport styles from './RegisterForm.module.css';\nimport * as actions from '../../../store/actions/index';\nimport { connect } from 'react-redux';\nimport { Redirect } from 'react-router-dom';\n\nclass RegisterForm extends Component {\n    handleSubmit = e => {\n        e.preventDefault();\n        this.props.form.validateFields((err, values) => {\n            if (!err) {\n                console.log('Received values of form: ', values);\n                this.props.register(values.name, values.email, values.password, values.c_password)\n            }\n        });\n    };\n\n    render() {\n        let authRedirect = null;\n        if (!this.props.isAuthenticated) {\n            authRedirect = <Redirect to=\"/\" />\n        }\n        const { getFieldDecorator } = this.props.form;\n\n        let registerForm = null;\n\n        if (this.props.register_message) {\n            registerForm = (\n                <Result\n                    status=\"success\"\n                    title=\"Successfully Registered!\"\n                    subTitle={this.props.register_message}\n                    extra={[\n                        <Button type=\"primary\" key=\"loginButton\" onClick={this.props.login}>\n                            Go to Login\n                        </Button>,\n                    ]}\n                />\n            );\n        }\n        else {\n            registerForm = (\n                < Form onSubmit={this.handleSubmit} className=\"login-form\" >\n                    <Form.Item>\n                        {getFieldDecorator('name', {\n                            rules: [{ required: true, message: 'Please input your name!' }],\n                        })(\n                            <Input\n                                prefix={<Icon type=\"user\" style={{ color: 'rgba(0,0,0,.25)' }} />}\n                                placeholder=\"Name\"\n                                size=\"large\"\n                            />,\n                        )}\n                    </Form.Item>\n                    <Form.Item>\n                        {getFieldDecorator('email', {\n                            rules: [{ required: true, message: 'Please input your email!' }],\n                        })(\n                            <Input\n                                prefix={<Icon type=\"user\" style={{ color: 'rgba(0,0,0,.25)' }} />}\n                                type=\"email\"\n                                placeholder=\"Email\"\n                                size=\"large\"\n                            />,\n                        )}\n                    </Form.Item>\n                    <Form.Item>\n                        {getFieldDecorator('password', {\n                            rules: [{ required: true, message: 'Please input your Password!' }],\n                        })(\n                            <Input\n                                prefix={<Icon type=\"lock\" style={{ color: 'rgba(0,0,0,.25)' }} />}\n                                type=\"password\"\n                                placeholder=\"Password\"\n                                size=\"large\"\n                            />,\n                        )}\n                    </Form.Item>\n                    <Form.Item>\n                        {getFieldDecorator('c_password', {\n                            rules: [{ required: true, message: 'Retype your Password!' }],\n                        })(\n                            <Input\n                                prefix={<Icon type=\"lock\" style={{ color: 'rgba(0,0,0,.25)' }} />}\n                                type=\"password\"\n                                placeholder=\"Retype Password\"\n                                size=\"large\"\n                            />,\n                        )}\n                    </Form.Item>\n\n                    <Form.Item>\n                        <Button type=\"primary\"\n                            htmlType=\"submit\"\n                            className={styles.RegisterFormButton}\n                            size=\"large\"\n                        >\n                            Register\n                    </Button>\n                    </Form.Item>\n                </Form >\n            );\n        }\n\n        let errors = null;\n        if (this.props.error) {\n            errors = Object.keys(this.props.error).map(\n                (key) => <Typography.Text key={key} type=\"danger\">{this.props.error[key]}</Typography.Text>\n            );\n        }\n        return (\n            <div>\n                {errors}\n                {registerForm}\n            </div>\n        );\n    }\n}\n\nconst mapStateToProps = state => {\n    return {\n        loading: state.register.loading,\n        error: state.register.error,\n        register_message: state.register.register_message,\n        isAuthenticated: state.auth.access_token !== null,\n        authRedirectPath: state.auth.authRedirectPath\n    }\n}\nconst mapDispatchToProps = dispatch => {\n    return {\n        register: (name, email, password, c_password) => dispatch(actions.register(name, email, password, c_password)),\n        setAuthRedirectPath: () => dispatch(actions.setAuthRedirectPath('/ '))\n    }\n}\n//export default Form.create()(RegisterForm);\nexport default connect(mapStateToProps, mapDispatchToProps)(Form.create()(RegisterForm));\n"],"mappings":";AAAA,OAAOA,KAAK,IAAIC,SAAS,QAAQ,OAAO;AACxC,SAASC,IAAI,EAAEC,IAAI,EAAEC,KAAK,EAAEC,MAAM,EAAEC,QAAQ,EAAEC,MAAM,EAAEC,UAAU,QAAQ,MAAM;AAC9E,OAAOC,MAAM,MAAM,2BAA2B;AAC9C,OAAO,KAAKC,OAAO,MAAM,8BAA8B;AACvD,SAASC,OAAO,QAAQ,aAAa;AACrC,SAASC,QAAQ,QAAQ,kBAAkB;AAE3C,MAAMC,YAAY,SAASZ,SAAS,CAAC;EACjCa,YAAY,GAAGC,CAAC,IAAI;IAChBA,CAAC,CAACC,cAAc,CAAC,CAAC;IAClB,IAAI,CAACC,KAAK,CAACC,IAAI,CAACC,cAAc,CAAC,CAACC,GAAG,EAAEC,MAAM,KAAK;MAC5C,IAAI,CAACD,GAAG,EAAE;QACNE,OAAO,CAACC,GAAG,CAAC,2BAA2B,EAAEF,MAAM,CAAC;QAChD,IAAI,CAACJ,KAAK,CAACO,QAAQ,CAACH,MAAM,CAACI,IAAI,EAAEJ,MAAM,CAACK,KAAK,EAAEL,MAAM,CAACM,QAAQ,EAAEN,MAAM,CAACO,UAAU,CAAC;MACtF;IACJ,CAAC,CAAC;EACN,CAAC;EAEDC,MAAMA,CAAA,EAAG;IACL,IAAIC,YAAY,GAAG,IAAI;IACvB,IAAI,CAAC,IAAI,CAACb,KAAK,CAACc,eAAe,EAAE;MAC7BD,YAAY,GAAG,CAAC,QAAQ,CAAC,EAAE,CAAC,GAAG,GAAG;IACtC;IACA,MAAM;MAAEE;IAAkB,CAAC,GAAG,IAAI,CAACf,KAAK,CAACC,IAAI;IAE7C,IAAIe,YAAY,GAAG,IAAI;IAEvB,IAAI,IAAI,CAAChB,KAAK,CAACiB,gBAAgB,EAAE;MAC7BD,YAAY,GACR,CAAC,MAAM,CACH,MAAM,CAAC,SAAS,CAChB,KAAK,CAAC,0BAA0B,CAChC,QAAQ,CAAC,CAAC,IAAI,CAAChB,KAAK,CAACiB,gBAAgB,CAAC,CACtC,KAAK,CAAC,CAAC,CACH,CAAC,MAAM,CAAC,IAAI,CAAC,SAAS,CAAC,GAAG,CAAC,aAAa,CAAC,OAAO,CAAC,CAAC,IAAI,CAACjB,KAAK,CAACkB,KAAK,CAAC;AAC3F;AACA,wBAAwB,EAAE,MAAM,CAAC,CACZ,CAAC,GAET;IACL,CAAC,MACI;MACDF,YAAY,GACR,CAAE,IAAI,CAAC,QAAQ,CAAC,CAAC,IAAI,CAACnB,YAAY,CAAC,CAAC,SAAS,CAAC,YAAY;AAC1E,oBAAoB,CAAC,IAAI,CAAC,IAAI;AAC9B,wBAAwB,CAACkB,iBAAiB,CAAC,MAAM,EAAE;YACvBI,KAAK,EAAE,CAAC;cAAEC,QAAQ,EAAE,IAAI;cAAEC,OAAO,EAAE;YAA0B,CAAC;UAClE,CAAC,CAAC,CACE,CAAC,KAAK,CACF,MAAM,CAAC,CAAC,CAAC,IAAI,CAAC,IAAI,CAAC,MAAM,CAAC,KAAK,CAAC,CAAC;YAAEC,KAAK,EAAE;UAAkB,CAAC,CAAC,GAAG,CAAC,CAClE,WAAW,CAAC,MAAM,CAClB,IAAI,CAAC,OAAO,GAEpB,CAAC;AACzB,oBAAoB,EAAE,IAAI,CAAC,IAAI;AAC/B,oBAAoB,CAAC,IAAI,CAAC,IAAI;AAC9B,wBAAwB,CAACP,iBAAiB,CAAC,OAAO,EAAE;YACxBI,KAAK,EAAE,CAAC;cAAEC,QAAQ,EAAE,IAAI;cAAEC,OAAO,EAAE;YAA2B,CAAC;UACnE,CAAC,CAAC,CACE,CAAC,KAAK,CACF,MAAM,CAAC,CAAC,CAAC,IAAI,CAAC,IAAI,CAAC,MAAM,CAAC,KAAK,CAAC,CAAC;YAAEC,KAAK,EAAE;UAAkB,CAAC,CAAC,GAAG,CAAC,CAClE,IAAI,CAAC,OAAO,CACZ,WAAW,CAAC,OAAO,CACnB,IAAI,CAAC,OAAO,GAEpB,CAAC;AACzB,oBAAoB,EAAE,IAAI,CAAC,IAAI;AAC/B,oBAAoB,CAAC,IAAI,CAAC,IAAI;AAC9B,wBAAwB,CAACP,iBAAiB,CAAC,UAAU,EAAE;YAC3BI,KAAK,EAAE,CAAC;cAAEC,QAAQ,EAAE,IAAI;cAAEC,OAAO,EAAE;YAA8B,CAAC;UACtE,CAAC,CAAC,CACE,CAAC,KAAK,CACF,MAAM,CAAC,CAAC,CAAC,IAAI,CAAC,IAAI,CAAC,MAAM,CAAC,KAAK,CAAC,CAAC;YAAEC,KAAK,EAAE;UAAkB,CAAC,CAAC,GAAG,CAAC,CAClE,IAAI,CAAC,UAAU,CACf,WAAW,CAAC,UAAU,CACtB,IAAI,CAAC,OAAO,GAEpB,CAAC;AACzB,oBAAoB,EAAE,IAAI,CAAC,IAAI;AAC/B,oBAAoB,CAAC,IAAI,CAAC,IAAI;AAC9B,wBAAwB,CAACP,iBAAiB,CAAC,YAAY,EAAE;YAC7BI,KAAK,EAAE,CAAC;cAAEC,QAAQ,EAAE,IAAI;cAAEC,OAAO,EAAE;YAAwB,CAAC;UAChE,CAAC,CAAC,CACE,CAAC,KAAK,CACF,MAAM,CAAC,CAAC,CAAC,IAAI,CAAC,IAAI,CAAC,MAAM,CAAC,KAAK,CAAC,CAAC;YAAEC,KAAK,EAAE;UAAkB,CAAC,CAAC,GAAG,CAAC,CAClE,IAAI,CAAC,UAAU,CACf,WAAW,CAAC,iBAAiB,CAC7B,IAAI,CAAC,OAAO,GAEpB,CAAC;AACzB,oBAAoB,EAAE,IAAI,CAAC,IAAI;AAC/B;AACA,oBAAoB,CAAC,IAAI,CAAC,IAAI;AAC9B,wBAAwB,CAAC,MAAM,CAAC,IAAI,CAAC,SAAS,CAClB,QAAQ,CAAC,QAAQ,CACjB,SAAS,CAAC,CAAC9B,MAAM,CAAC+B,kBAAkB,CAAC,CACrC,IAAI,CAAC,OAAO;AAExC;AACA,oBAAoB,EAAE,MAAM;AAC5B,oBAAoB,EAAE,IAAI,CAAC,IAAI;AAC/B,gBAAgB,EAAE,IAAI,CACT;IACL;IAEA,IAAIC,MAAM,GAAG,IAAI;IACjB,IAAI,IAAI,CAACxB,KAAK,CAACyB,KAAK,EAAE;MAClBD,MAAM,GAAGE,MAAM,CAACC,IAAI,CAAC,IAAI,CAAC3B,KAAK,CAACyB,KAAK,CAAC,CAACG,GAAG,CACrCC,GAAG,IAAK,CAAC,UAAU,CAAC,IAAI,CAAC,GAAG,CAAC,CAACA,GAAG,CAAC,CAAC,IAAI,CAAC,QAAQ,CAAC,CAAC,IAAI,CAAC7B,KAAK,CAACyB,KAAK,CAACI,GAAG,CAAC,CAAC,EAAE,UAAU,CAAC,IAAI,CAC9F,CAAC;IACL;IACA,OACI,CAAC,GAAG;AAChB,gBAAgB,CAACL,MAAM;AACvB,gBAAgB,CAACR,YAAY;AAC7B,YAAY,EAAE,GAAG,CAAC;EAEd;AACJ;AAEA,MAAMc,eAAe,GAAGC,KAAK,IAAI;EAC7B,OAAO;IACHC,OAAO,EAAED,KAAK,CAACxB,QAAQ,CAACyB,OAAO;IAC/BP,KAAK,EAAEM,KAAK,CAACxB,QAAQ,CAACkB,KAAK;IAC3BR,gBAAgB,EAAEc,KAAK,CAACxB,QAAQ,CAACU,gBAAgB;IACjDH,eAAe,EAAEiB,KAAK,CAACE,IAAI,CAACC,YAAY,KAAK,IAAI;IACjDC,gBAAgB,EAAEJ,KAAK,CAACE,IAAI,CAACE;EACjC,CAAC;AACL,CAAC;AACD,MAAMC,kBAAkB,GAAGC,QAAQ,IAAI;EACnC,OAAO;IACH9B,QAAQ,EAAEA,CAACC,IAAI,EAAEC,KAAK,EAAEC,QAAQ,EAAEC,UAAU,KAAK0B,QAAQ,CAAC5C,OAAO,CAACc,QAAQ,CAACC,IAAI,EAAEC,KAAK,EAAEC,QAAQ,EAAEC,UAAU,CAAC,CAAC;IAC9G2B,mBAAmB,EAAEA,CAAA,KAAMD,QAAQ,CAAC5C,OAAO,CAAC6C,mBAAmB,CAAC,IAAI,CAAC;EACzE,CAAC;AACL,CAAC;AACD;AACA,eAAe5C,OAAO,CAACoC,eAAe,EAAEM,kBAAkB,CAAC,CAACnD,IAAI,CAACsD,MAAM,CAAC,CAAC,CAAC3C,YAAY,CAAC,CAAC"}}},"code":"!function (module1) {\n  var _inheritsLoose;\n  module1.link(\"@babel/runtime/helpers/inheritsLoose\", {\n    default: function (v) {\n      _inheritsLoose = v;\n    }\n  }, 0);\n  var React, Component;\n  module1.link(\"react\", {\n    \"default\": function (v) {\n      React = v;\n    },\n    Component: function (v) {\n      Component = v;\n    }\n  }, 0);\n  var Form, Icon, Input, Button, Checkbox, Result, Typography;\n  module1.link(\"antd\", {\n    Form: function (v) {\n      Form = v;\n    },\n    Icon: function (v) {\n      Icon = v;\n    },\n    Input: function (v) {\n      Input = v;\n    },\n    Button: function (v) {\n      Button = v;\n    },\n    Checkbox: function (v) {\n      Checkbox = v;\n    },\n    Result: function (v) {\n      Result = v;\n    },\n    Typography: function (v) {\n      Typography = v;\n    }\n  }, 1);\n  var styles;\n  module1.link(\"./RegisterForm.module.css\", {\n    \"default\": function (v) {\n      styles = v;\n    }\n  }, 2);\n  var actions;\n  module1.link(\"../../../store/actions/index\", {\n    \"*\": function (v) {\n      actions = v;\n    }\n  }, 3);\n  var connect;\n  module1.link(\"react-redux\", {\n    connect: function (v) {\n      connect = v;\n    }\n  }, 4);\n  var Redirect;\n  module1.link(\"react-router-dom\", {\n    Redirect: function (v) {\n      Redirect = v;\n    }\n  }, 5);\n  ___INIT_METEOR_FAST_REFRESH(module);\n  var RegisterForm = /*#__PURE__*/function (_Component) {\n    _inheritsLoose(RegisterForm, _Component);\n    function RegisterForm() {\n      var _this;\n      for (var _len = arguments.length, args = new Array(_len), _key = 0; _key < _len; _key++) {\n        args[_key] = arguments[_key];\n      }\n      _this = _Component.call.apply(_Component, [this].concat(args)) || this;\n      _this.handleSubmit = function (e) {\n        e.preventDefault();\n        _this.props.form.validateFields(function (err, values) {\n          if (!err) {\n            console.log('Received values of form: ', values);\n            _this.props.register(values.name, values.email, values.password, values.c_password);\n          }\n        });\n      };\n      return _this;\n    }\n    var _proto = RegisterForm.prototype;\n    _proto.render = function () {\n      function render() {\n        var _this2 = this;\n        var authRedirect = null;\n        if (!this.props.isAuthenticated) {\n          authRedirect = /*#__PURE__*/React.createElement(Redirect, {\n            to: \"/\"\n          });\n        }\n        var getFieldDecorator = this.props.form.getFieldDecorator;\n        var registerForm = null;\n        if (this.props.register_message) {\n          registerForm = /*#__PURE__*/React.createElement(Result, {\n            status: \"success\",\n            title: \"Successfully Registered!\",\n            subTitle: this.props.register_message,\n            extra: [/*#__PURE__*/React.createElement(Button, {\n              type: \"primary\",\n              key: \"loginButton\",\n              onClick: this.props.login\n            }, \"Go to Login\")]\n          });\n        } else {\n          registerForm = /*#__PURE__*/React.createElement(Form, {\n            onSubmit: this.handleSubmit,\n            className: \"login-form\"\n          }, /*#__PURE__*/React.createElement(Form.Item, null, getFieldDecorator('name', {\n            rules: [{\n              required: true,\n              message: 'Please input your name!'\n            }]\n          })( /*#__PURE__*/React.createElement(Input, {\n            prefix: /*#__PURE__*/React.createElement(Icon, {\n              type: \"user\",\n              style: {\n                color: 'rgba(0,0,0,.25)'\n              }\n            }),\n            placeholder: \"Name\",\n            size: \"large\"\n          }))), /*#__PURE__*/React.createElement(Form.Item, null, getFieldDecorator('email', {\n            rules: [{\n              required: true,\n              message: 'Please input your email!'\n            }]\n          })( /*#__PURE__*/React.createElement(Input, {\n            prefix: /*#__PURE__*/React.createElement(Icon, {\n              type: \"user\",\n              style: {\n                color: 'rgba(0,0,0,.25)'\n              }\n            }),\n            type: \"email\",\n            placeholder: \"Email\",\n            size: \"large\"\n          }))), /*#__PURE__*/React.createElement(Form.Item, null, getFieldDecorator('password', {\n            rules: [{\n              required: true,\n              message: 'Please input your Password!'\n            }]\n          })( /*#__PURE__*/React.createElement(Input, {\n            prefix: /*#__PURE__*/React.createElement(Icon, {\n              type: \"lock\",\n              style: {\n                color: 'rgba(0,0,0,.25)'\n              }\n            }),\n            type: \"password\",\n            placeholder: \"Password\",\n            size: \"large\"\n          }))), /*#__PURE__*/React.createElement(Form.Item, null, getFieldDecorator('c_password', {\n            rules: [{\n              required: true,\n              message: 'Retype your Password!'\n            }]\n          })( /*#__PURE__*/React.createElement(Input, {\n            prefix: /*#__PURE__*/React.createElement(Icon, {\n              type: \"lock\",\n              style: {\n                color: 'rgba(0,0,0,.25)'\n              }\n            }),\n            type: \"password\",\n            placeholder: \"Retype Password\",\n            size: \"large\"\n          }))), /*#__PURE__*/React.createElement(Form.Item, null, /*#__PURE__*/React.createElement(Button, {\n            type: \"primary\",\n            htmlType: \"submit\",\n            className: styles.RegisterFormButton,\n            size: \"large\"\n          }, \"Register\")));\n        }\n        var errors = null;\n        if (this.props.error) {\n          errors = Object.keys(this.props.error).map(function (key) {\n            return /*#__PURE__*/React.createElement(Typography.Text, {\n              key: key,\n              type: \"danger\"\n            }, _this2.props.error[key]);\n          });\n        }\n        return /*#__PURE__*/React.createElement(\"div\", null, errors, registerForm);\n      }\n      return render;\n    }();\n    return RegisterForm;\n  }(Component);\n  var mapStateToProps = function (state) {\n    return {\n      loading: state.register.loading,\n      error: state.register.error,\n      register_message: state.register.register_message,\n      isAuthenticated: state.auth.access_token !== null,\n      authRedirectPath: state.auth.authRedirectPath\n    };\n  };\n  var mapDispatchToProps = function (dispatch) {\n    return {\n      register: function (name, email, password, c_password) {\n        return dispatch(actions.register(name, email, password, c_password));\n      },\n      setAuthRedirectPath: function () {\n        return dispatch(actions.setAuthRedirectPath('/ '));\n      }\n    };\n  };\n  //export default Form.create()(RegisterForm);\n  module1.exportDefault(connect(mapStateToProps, mapDispatchToProps)(Form.create()(RegisterForm)));\n}.call(this, module);","map":{"version":3,"names":["RegisterForm","_Component","_inheritsLoose","_this","_len","arguments","length","args","Array","_key","call","apply","concat","handleSubmit","e","preventDefault","props","form","validateFields","err","values","console","log","register","name","email","password","c_password","_proto","prototype","render","_this2","authRedirect","isAuthenticated","React","createElement","Redirect","to","getFieldDecorator","registerForm","register_message","Result","status","title","subTitle","extra","Button","type","key","onClick","login","Form","onSubmit","className","Item","rules","required","message","Input","prefix","Icon","style","color","placeholder","size","htmlType","styles","RegisterFormButton","errors","error","Object","keys","map","Typography","Text","Component","mapStateToProps","state","loading","auth","access_token","authRedirectPath","mapDispatchToProps","dispatch","actions","setAuthRedirectPath","connect","create"],"sources":["imports/ui/components/Auth/RegisterForm/RegisterForm.js"],"sourcesContent":["import React, { Component } from 'react';\nimport { Form, Icon, Input, Button, Checkbox, Result, Typography } from 'antd';\nimport styles from './RegisterForm.module.css';\nimport * as actions from '../../../store/actions/index';\nimport { connect } from 'react-redux';\nimport { Redirect } from 'react-router-dom';\n\nclass RegisterForm extends Component {\n    handleSubmit = e => {\n        e.preventDefault();\n        this.props.form.validateFields((err, values) => {\n            if (!err) {\n                console.log('Received values of form: ', values);\n                this.props.register(values.name, values.email, values.password, values.c_password)\n            }\n        });\n    };\n\n    render() {\n        let authRedirect = null;\n        if (!this.props.isAuthenticated) {\n            authRedirect = <Redirect to=\"/\" />\n        }\n        const { getFieldDecorator } = this.props.form;\n\n        let registerForm = null;\n\n        if (this.props.register_message) {\n            registerForm = (\n                <Result\n                    status=\"success\"\n                    title=\"Successfully Registered!\"\n                    subTitle={this.props.register_message}\n                    extra={[\n                        <Button type=\"primary\" key=\"loginButton\" onClick={this.props.login}>\n                            Go to Login\n                        </Button>,\n                    ]}\n                />\n            );\n        }\n        else {\n            registerForm = (\n                < Form onSubmit={this.handleSubmit} className=\"login-form\" >\n                    <Form.Item>\n                        {getFieldDecorator('name', {\n                            rules: [{ required: true, message: 'Please input your name!' }],\n                        })(\n                            <Input\n                                prefix={<Icon type=\"user\" style={{ color: 'rgba(0,0,0,.25)' }} />}\n                                placeholder=\"Name\"\n                                size=\"large\"\n                            />,\n                        )}\n                    </Form.Item>\n                    <Form.Item>\n                        {getFieldDecorator('email', {\n                            rules: [{ required: true, message: 'Please input your email!' }],\n                        })(\n                            <Input\n                                prefix={<Icon type=\"user\" style={{ color: 'rgba(0,0,0,.25)' }} />}\n                                type=\"email\"\n                                placeholder=\"Email\"\n                                size=\"large\"\n                            />,\n                        )}\n                    </Form.Item>\n                    <Form.Item>\n                        {getFieldDecorator('password', {\n                            rules: [{ required: true, message: 'Please input your Password!' }],\n                        })(\n                            <Input\n                                prefix={<Icon type=\"lock\" style={{ color: 'rgba(0,0,0,.25)' }} />}\n                                type=\"password\"\n                                placeholder=\"Password\"\n                                size=\"large\"\n                            />,\n                        )}\n                    </Form.Item>\n                    <Form.Item>\n                        {getFieldDecorator('c_password', {\n                            rules: [{ required: true, message: 'Retype your Password!' }],\n                        })(\n                            <Input\n                                prefix={<Icon type=\"lock\" style={{ color: 'rgba(0,0,0,.25)' }} />}\n                                type=\"password\"\n                                placeholder=\"Retype Password\"\n                                size=\"large\"\n                            />,\n                        )}\n                    </Form.Item>\n\n                    <Form.Item>\n                        <Button type=\"primary\"\n                            htmlType=\"submit\"\n                            className={styles.RegisterFormButton}\n                            size=\"large\"\n                        >\n                            Register\n                    </Button>\n                    </Form.Item>\n                </Form >\n            );\n        }\n\n        let errors = null;\n        if (this.props.error) {\n            errors = Object.keys(this.props.error).map(\n                (key) => <Typography.Text key={key} type=\"danger\">{this.props.error[key]}</Typography.Text>\n            );\n        }\n        return (\n            <div>\n                {errors}\n                {registerForm}\n            </div>\n        );\n    }\n}\n\nconst mapStateToProps = state => {\n    return {\n        loading: state.register.loading,\n        error: state.register.error,\n        register_message: state.register.register_message,\n        isAuthenticated: state.auth.access_token !== null,\n        authRedirectPath: state.auth.authRedirectPath\n    }\n}\nconst mapDispatchToProps = dispatch => {\n    return {\n        register: (name, email, password, c_password) => dispatch(actions.register(name, email, password, c_password)),\n        setAuthRedirectPath: () => dispatch(actions.setAuthRedirectPath('/ '))\n    }\n}\n//export default Form.create()(RegisterForm);\nexport default connect(mapStateToProps, mapDispatchToProps)(Form.create()(RegisterForm));\n"],"mappings":";;;;;;;;;;;;;;;;;;;;;;;;;;;;;;;;;;;;;;;;;;;;;;;;;;;;;;;;;;;;;;;;;MAOMA,YAAY,0BAAAC,UAAA;IAAAC,cAAA,CAAAF,YAAA,EAAAC,UAAA;IAAA,SAAAD,aAAA;MAAA,IAAAG,KAAA;MAAA,SAAAC,IAAA,GAAAC,SAAA,CAAAC,MAAA,EAAAC,IAAA,OAAAC,KAAA,CAAAJ,IAAA,GAAAK,IAAA,MAAAA,IAAA,GAAAL,IAAA,EAAAK,IAAA;QAAAF,IAAA,CAAAE,IAAA,IAAAJ,SAAA,CAAAI,IAAA;MAAA;MAAAN,KAAA,GAAAF,UAAA,CAAAS,IAAA,CAAAC,KAAA,CAAAV,UAAA,SAAAW,MAAA,CAAAL,IAAA;MAAAJ,KAAA,CACdU,YAAY,GAAG,UAAAC,CAAC,EAAI;QAChBA,CAAC,CAACC,cAAc,CAAC,CAAC;QAClBZ,KAAA,CAAKa,KAAK,CAACC,IAAI,CAACC,cAAc,CAAC,UAACC,GAAG,EAAEC,MAAM,EAAK;UAC5C,IAAI,CAACD,GAAG,EAAE;YACNE,OAAO,CAACC,GAAG,CAAC,2BAA2B,EAAEF,MAAM,CAAC;YAChDjB,KAAA,CAAKa,KAAK,CAACO,QAAQ,CAACH,MAAM,CAACI,IAAI,EAAEJ,MAAM,CAACK,KAAK,EAAEL,MAAM,CAACM,QAAQ,EAAEN,MAAM,CAACO,UAAU,CAAC;UACtF;QACJ,CAAC,CAAC;MACN,CAAC;MAAA,OAAAxB,KAAA;IAAA;IAAA,IAAAyB,MAAA,GAAA5B,YAAA,CAAA6B,SAAA;IAAAD,MAAA,CAEDE,MAAM;MAAN,SAAAA,OAAA,EAAS;QAAA,IAAAC,MAAA;QACL,IAAIC,YAAY,GAAG,IAAI;QACvB,IAAI,CAAC,IAAI,CAAChB,KAAK,CAACiB,eAAe,EAAE;UAC7BD,YAAY,gBAAGE,KAAA,CAAAC,aAAA,CAACC,QAAQ;YAACC,EAAE,EAAC;UAAG,EAAG;QACtC;QACA,IAAQC,iBAAA,GAAsB,IAAI,CAACtB,KAAK,CAACC,IAAI,CAArCqB,iBAAA;QAER,IAAIC,YAAY,GAAG,IAAI;QAEvB,IAAI,IAAI,CAACvB,KAAK,CAACwB,gBAAgB,EAAE;UAC7BD,YAAY,gBACRL,KAAA,CAAAC,aAAA,CAACM,MAAM;YACHC,MAAM,EAAC,SAAS;YAChBC,KAAK,EAAC,0BAA0B;YAChCC,QAAQ,EAAE,IAAI,CAAC5B,KAAK,CAACwB,gBAAiB;YACtCK,KAAK,EAAE,cACHX,KAAA,CAAAC,aAAA,CAACW,MAAM;cAACC,IAAI,EAAC,SAAS;cAACC,GAAG,EAAC,aAAa;cAACC,OAAO,EAAE,IAAI,CAACjC,KAAK,CAACkC;YAAM,gBAE3D,CAAC;UACX,EAET;QACL,CAAC,MACI;UACDX,YAAY,gBACRL,KAAA,CAAAC,aAAA,CAAEgB,IAAI;YAACC,QAAQ,EAAE,IAAI,CAACvC,YAAa;YAACwC,SAAS,EAAC;UAAY,gBACtDnB,KAAA,CAAAC,aAAA,CAACgB,IAAI,CAACG,IAAI,QACLhB,iBAAiB,CAAC,MAAM,EAAE;YACvBiB,KAAK,EAAE,CAAC;cAAEC,QAAQ,EAAE,IAAI;cAAEC,OAAO,EAAE;YAA0B,CAAC;UAClE,CAAC,CAAC,eACEvB,KAAA,CAAAC,aAAA,CAACuB,KAAK;YACFC,MAAM,eAAEzB,KAAA,CAAAC,aAAA,CAACyB,IAAI;cAACb,IAAI,EAAC,MAAM;cAACc,KAAK,EAAE;gBAAEC,KAAK,EAAE;cAAkB;YAAE,EAAI;YAClEC,WAAW,EAAC,MAAM;YAClBC,IAAI,EAAC;UAAO,EAEpB,CACO,gBACX9B,KAAA,CAAAC,aAAA,CAACgB,IAAI,CAACG,IAAI,QACLhB,iBAAiB,CAAC,OAAO,EAAE;YACxBiB,KAAK,EAAE,CAAC;cAAEC,QAAQ,EAAE,IAAI;cAAEC,OAAO,EAAE;YAA2B,CAAC;UACnE,CAAC,CAAC,eACEvB,KAAA,CAAAC,aAAA,CAACuB,KAAK;YACFC,MAAM,eAAEzB,KAAA,CAAAC,aAAA,CAACyB,IAAI;cAACb,IAAI,EAAC,MAAM;cAACc,KAAK,EAAE;gBAAEC,KAAK,EAAE;cAAkB;YAAE,EAAI;YAClEf,IAAI,EAAC,OAAO;YACZgB,WAAW,EAAC,OAAO;YACnBC,IAAI,EAAC;UAAO,EAEpB,CACO,gBACX9B,KAAA,CAAAC,aAAA,CAACgB,IAAI,CAACG,IAAI,QACLhB,iBAAiB,CAAC,UAAU,EAAE;YAC3BiB,KAAK,EAAE,CAAC;cAAEC,QAAQ,EAAE,IAAI;cAAEC,OAAO,EAAE;YAA8B,CAAC;UACtE,CAAC,CAAC,eACEvB,KAAA,CAAAC,aAAA,CAACuB,KAAK;YACFC,MAAM,eAAEzB,KAAA,CAAAC,aAAA,CAACyB,IAAI;cAACb,IAAI,EAAC,MAAM;cAACc,KAAK,EAAE;gBAAEC,KAAK,EAAE;cAAkB;YAAE,EAAI;YAClEf,IAAI,EAAC,UAAU;YACfgB,WAAW,EAAC,UAAU;YACtBC,IAAI,EAAC;UAAO,EAEpB,CACO,gBACX9B,KAAA,CAAAC,aAAA,CAACgB,IAAI,CAACG,IAAI,QACLhB,iBAAiB,CAAC,YAAY,EAAE;YAC7BiB,KAAK,EAAE,CAAC;cAAEC,QAAQ,EAAE,IAAI;cAAEC,OAAO,EAAE;YAAwB,CAAC;UAChE,CAAC,CAAC,eACEvB,KAAA,CAAAC,aAAA,CAACuB,KAAK;YACFC,MAAM,eAAEzB,KAAA,CAAAC,aAAA,CAACyB,IAAI;cAACb,IAAI,EAAC,MAAM;cAACc,KAAK,EAAE;gBAAEC,KAAK,EAAE;cAAkB;YAAE,EAAI;YAClEf,IAAI,EAAC,UAAU;YACfgB,WAAW,EAAC,iBAAiB;YAC7BC,IAAI,EAAC;UAAO,EAEpB,CACO,gBAEX9B,KAAA,CAAAC,aAAA,CAACgB,IAAI,CAACG,IAAI,qBACNpB,KAAA,CAAAC,aAAA,CAACW,MAAM;YAACC,IAAI,EAAC,SAAS;YAClBkB,QAAQ,EAAC,QAAQ;YACjBZ,SAAS,EAAEa,MAAM,CAACC,kBAAmB;YACrCH,IAAI,EAAC;UAAO,aAGZ,CACG,CACT,CACT;QACL;QAEA,IAAII,MAAM,GAAG,IAAI;QACjB,IAAI,IAAI,CAACpD,KAAK,CAACqD,KAAK,EAAE;UAClBD,MAAM,GAAGE,MAAM,CAACC,IAAI,CAAC,IAAI,CAACvD,KAAK,CAACqD,KAAK,CAAC,CAACG,GAAG,CACrC,UAAAxB,GAAG;YAAA,oBAAKd,KAAA,CAAAC,aAAA,CAACsC,UAAU,CAACC,IAAI;cAAC1B,GAAG,EAAEA,GAAI;cAACD,IAAI,EAAC;YAAQ,GAAEhB,MAAI,CAACf,KAAK,CAACqD,KAAK,CAACrB,GAAG,CAAmB,CAC9F;UAAA,EAAC;QACL;QACA,oBACId,KAAA,CAAAC,aAAA,cACKiC,MAAM,EACN7B,YACA,CAAC;MAEd;MAAA,OAAAT,MAAA;IAAA;IAAA,OAAA9B,YAAA;EAAA,EA9GuB2E,SAAS;EAiHpC,IAAMC,eAAe,GAAG,SAAAA,CAAAC,KAAK,EAAI;IAC7B,OAAO;MACHC,OAAO,EAAED,KAAK,CAACtD,QAAQ,CAACuD,OAAO;MAC/BT,KAAK,EAAEQ,KAAK,CAACtD,QAAQ,CAAC8C,KAAK;MAC3B7B,gBAAgB,EAAEqC,KAAK,CAACtD,QAAQ,CAACiB,gBAAgB;MACjDP,eAAe,EAAE4C,KAAK,CAACE,IAAI,CAACC,YAAY,KAAK,IAAI;MACjDC,gBAAgB,EAAEJ,KAAK,CAACE,IAAI,CAACE;IACjC,CAAC;EACL,CAAC;EACD,IAAMC,kBAAkB,GAAG,SAAAA,CAAAC,QAAQ,EAAI;IACnC,OAAO;MACH5D,QAAQ,EAAE,SAAAA,CAACC,IAAI,EAAEC,KAAK,EAAEC,QAAQ,EAAEC,UAAU;QAAA,OAAKwD,QAAQ,CAACC,OAAO,CAAC7D,QAAQ,CAACC,IAAI,EAAEC,KAAK,EAAEC,QAAQ,EAAEC,UAAU,CAAC,CAAC;MAAA;MAC9G0D,mBAAmB,EAAE,SAAAA,CAAA;QAAA,OAAMF,QAAQ,CAACC,OAAO,CAACC,mBAAmB,CAAC,IAAI,CAAC;MAAA;IACzE,CAAC;EACL,CAAC;EACD;wBACeC,OAAO,CAACV,eAAe,EAAEM,kBAAkB,CAAC,CAAC/B,IAAI,CAACoC,MAAM,CAAC,CAAC,CAACvF,YAAY,CAAC,C"},"sourceType":"module","externalDependencies":{},"hash":"6841f5664252769e462446cd29663df3762c6411"}
