{"metadata":{},"options":{"assumptions":{},"compact":false,"sourceMaps":true,"ast":true,"babelrc":false,"configFile":false,"parserOpts":{"sourceType":"module","sourceFileName":"/home/ani/Mergerware_assignment/Mererware_meteor/Mergerware_loanify/imports/ui/components/AccountsEditAccount/Forms/EditAccountForm.js","plugins":["*","flow","jsx","asyncGenerators","bigInt","classPrivateMethods","classPrivateProperties","classProperties","doExpressions","dynamicImport","exportDefaultFrom","exportExtensions","exportNamespaceFrom","functionBind","functionSent","importMeta","nullishCoalescingOperator","numericSeparator","objectRestSpread","optionalCatchBinding","optionalChaining",["pipelineOperator",{"proposal":"minimal"}],"throwExpressions","classProperties","classPrivateProperties","jsx","nullishCoalescingOperator","nullishCoalescingOperator","optionalChaining","optionalChaining","optionalCatchBinding","optionalCatchBinding","classProperties","classPrivateProperties","classPrivateMethods","classProperties","classPrivateProperties","asyncGenerators","asyncGenerators","objectRestSpread","objectRestSpread","logicalAssignment"],"allowImportExportEverywhere":true,"allowReturnOutsideFunction":true,"allowUndeclaredExports":true,"strictMode":false},"caller":{"name":"meteor","arch":"web.browser"},"sourceFileName":"imports/ui/components/AccountsEditAccount/Forms/EditAccountForm.js","filename":"/home/ani/Mergerware_assignment/Mererware_meteor/Mergerware_loanify/imports/ui/components/AccountsEditAccount/Forms/EditAccountForm.js","inputSourceMap":{"version":3,"names":["React","Component","Form","Icon","Input","Button","Checkbox","Select","Cascader","InputNumber","Upload","Typography","notification","PageHeader","styles","actions","connect","Redirect","EditAccountForm","state","idCardAttachment","handleSubmit","e","preventDefault","props","form","validateFields","err","values","console","log","newAccount","type","account_name","account_id_card","account_phone_no","id_card_attachment","nation_id","editAccount","selectedAccountId","componentDidUpdate","prevProps","editAccountLoading","editAccountMessage","success","message","description","placement","render","authRedirect","createdAccountRedirect","isAuthenticated","onRemove","file","setState","beforeUpload","getFieldDecorator","Text","serverErrors","editAccountErrors","length","lis","map","value","index","selAccount","selectedAccount","nullSelectedAccountRedirect","accountName","accountIdCard","accountPhoneNo","undefined","window","history","back","span","initialValue","rules","required","EditAccountButton","mapStateToProps","loading","auth","error","access_token","authRedirectPath","accounts","mapDispatchToProps","dispatch","login","email","password","setAuthRedirectPath","account","token","create"],"sources":["imports/ui/components/AccountsEditAccount/Forms/EditAccountForm.js"],"sourcesContent":["import React, { Component } from 'react';\nimport {\n    Form, Icon, Input, Button, Checkbox, Select,\n    Cascader, InputNumber, Upload, Typography,notification,\n    PageHeader\n} from 'antd';\nimport styles from './EditAccountForm.module.css';\nimport * as actions from '../../../store/actions/index';\nimport { connect } from 'react-redux';\nimport { Redirect } from 'react-router-dom';\n\nclass EditAccountForm extends Component {\n    state = { idCardAttachment: [] }\n    handleSubmit = e => {\n        e.preventDefault();\n\n        this.props.form.validateFields((err, values) => {\n            if (!err) {\n                console.log('Received values of form: ', values);\n                let newAccount = {\n                    type: '1',\n                    account_name: values.account_name,\n                    account_id_card: values.account_id_card,\n                    account_phone_no: values.account_phone_no,\n                    id_card_attachment: this.state.idCardAttachment[0],\n                    nation_id: 3\n                };\n                this.props.editAccount(\n                    newAccount,\n                    this.props.selectedAccountId,\n                    'sdsdsd');\n            }\n        });\n    };\n\n\n    componentDidUpdate=(prevProps)=> {\n        console.log(prevProps.editAccountLoading, this.props.editAccountLoading);\n        if(\n           prevProps.editAccountLoading!==this.props.editAccountLoading &&\n           this.props.editAccountLoading === false &&\n           prevProps.editAccountMessage!==this.props.editAccountMessage&&\n           this.props.editAccountMessage !== null\n        ){\n            notification.success({\n                message:\"Success\",\n                description:\"Successfully updated account.\",\n                placement:\"topRight\"\n            });\n        }\n    }\n\n    render() {\n        let authRedirect = null;\n        let createdAccountRedirect = null;\n\n        if (this.props.editAccountMessage != null) {\n            createdAccountRedirect = <Redirect to=\"/\" />\n        }\n        const { idCardAttachment } = this.state;\n        if (!this.props.isAuthenticated) {\n            authRedirect = <Redirect to=\"/\" />\n        }\n        const props = {\n            onRemove: file => {\n                this.setState({\n                    idCardAttachment: []\n                });\n            },\n            beforeUpload: file => {\n                this.setState({\n                    idCardAttachment: [file],\n                });\n                return false;\n            },\n            idCardAttachment,\n        };\n        const { getFieldDecorator } = this.props.form;\n        const { Text } = Typography;\n\n        let serverErrors = null;\n\n        if (this.props.editAccountErrors.length > 0) {\n            let lis =\n                this.props.editAccountErrors.map((value, index) => (\n                    <li key={index}><Text type=\"danger\">{value}</Text></li>\n                ));\n            serverErrors = (<ul>{lis}</ul>)\n        }\n\n        const selAccount = this.props.selectedAccount;\n        let nullSelectedAccountRedirect = null;\n        let accountName = null;\n        let accountIdCard = null;\n        let accountPhoneNo = null;\n\n        if (selAccount !== null) {\n            accountName = (selAccount.account_name !== undefined) ? selAccount.account_name : null;\n            accountIdCard = (selAccount.account_id_card !== undefined) ? selAccount.account_id_card : null;\n            accountPhoneNo = (selAccount.account_phone_no !== undefined) ? selAccount.account_phone_no : null;\n        }\n        else {\n            nullSelectedAccountRedirect = <Redirect to=\"/\" />\n        }\n\n        return (\n            <div>\n                {/*authRedirect*/}\n                {nullSelectedAccountRedirect}\n                {serverErrors}\n                <PageHeader\n                    title=\"Edit Account\"\n                    onBack={() => window.history.back()}\n                />\n                <Form labelCol={{ span: 24 }} wrapperCol={{ span: 24 }} onSubmit={this.handleSubmit}>\n                    <Form.Item label=\"Name\">\n                        {getFieldDecorator('account_name', {\n                            initialValue: accountName,\n                            rules: [{ required: true, message: 'Please input name!' }],\n                        })(\n                            <Input\n                                placeholder=\"Name\"\n                                size=\"large\"\n                            />,\n                        )}\n                    </Form.Item>\n                    <Form.Item label=\"National ID No\">\n                        {getFieldDecorator('account_id_card', {\n                            initialValue: accountIdCard,\n                            rules: [{ required: true, message: 'Please input ID Card Number!' }],\n                        })(\n                            <Input\n                                placeholder=\"National ID No\"\n                                size=\"large\"\n                            />,\n                        )}\n                    </Form.Item>\n                    <Form.Item label=\"Phone Number\">\n                        {getFieldDecorator('account_phone_no', {\n                            initialValue: accountPhoneNo,\n                            rules: [{ required: true, message: 'Please input Phone Number!' }],\n                        })(\n                            <Input\n                                placeholder=\"Phone Number\"\n                                size=\"large\"\n                            />,\n                        )}\n                    </Form.Item>\n                    <Form.Item label=\"National ID Card\">\n                        {getFieldDecorator('id_card_attachment', {\n\n                        })(\n\n                            <Upload\n                                multiple={false}\n                                fileList={this.state.idCardAttachment}\n                                {...props}>\n                                <Button> <Icon type=\"upload\" /> Select File </Button>\n                            </Upload>\n                        )}\n                    </Form.Item>\n                    <Button type=\"primary\"\n                        htmlType=\"submit\"\n                        className={styles.EditAccountButton}\n                        size=\"large\"\n                    >\n                        Update Account\n                   </Button>\n                </Form >\n            </div >\n        );\n    }\n}\n\nconst mapStateToProps = state => {\n    return {\n        loading: state.auth.loading,\n        error: state.auth.error,\n        isAuthenticated: state.auth.access_token !== null,\n        authRedirectPath: state.auth.authRedirectPath,\n        editAccountLoading: state.accounts.editAccountLoading,\n        editAccountMessage: state.accounts.editAccountMessage,\n        editAccountErrors: state.accounts.editAccountErrors,\n        selectedAccountId: state.accounts.selectedAccountId,\n        selectedAccount: state.accounts.selectedAccount\n    }\n}\nconst mapDispatchToProps = dispatch => {\n    return {\n        login: (email, password) => dispatch(actions.login(email, password)),\n        setAuthRedirectPath: () => dispatch(actions.setAuthRedirectPath('/ ')),\n        editAccount: (account, selectedAccountId, token) => dispatch(actions.editAccount(account, selectedAccountId, token))\n    }\n}\n//export default Form.create()(LoginForm);\nexport default connect(mapStateToProps, mapDispatchToProps)(Form.create()(EditAccountForm));\n"],"mappings":";AAAA,OAAOA,KAAK,IAAIC,SAAS,QAAQ,OAAO;AACxC,SACIC,IAAI,EAAEC,IAAI,EAAEC,KAAK,EAAEC,MAAM,EAAEC,QAAQ,EAAEC,MAAM,EAC3CC,QAAQ,EAAEC,WAAW,EAAEC,MAAM,EAAEC,UAAU,EAACC,YAAY,EACtDC,UAAU,QACP,MAAM;AACb,OAAOC,MAAM,MAAM,8BAA8B;AACjD,OAAO,KAAKC,OAAO,MAAM,8BAA8B;AACvD,SAASC,OAAO,QAAQ,aAAa;AACrC,SAASC,QAAQ,QAAQ,kBAAkB;AAE3C,MAAMC,eAAe,SAASjB,SAAS,CAAC;EACpCkB,KAAK,GAAG;IAAEC,gBAAgB,EAAE;EAAG,CAAC;EAChCC,YAAY,GAAGC,CAAC,IAAI;IAChBA,CAAC,CAACC,cAAc,CAAC,CAAC;IAElB,IAAI,CAACC,KAAK,CAACC,IAAI,CAACC,cAAc,CAAC,CAACC,GAAG,EAAEC,MAAM,KAAK;MAC5C,IAAI,CAACD,GAAG,EAAE;QACNE,OAAO,CAACC,GAAG,CAAC,2BAA2B,EAAEF,MAAM,CAAC;QAChD,IAAIG,UAAU,GAAG;UACbC,IAAI,EAAE,GAAG;UACTC,YAAY,EAAEL,MAAM,CAACK,YAAY;UACjCC,eAAe,EAAEN,MAAM,CAACM,eAAe;UACvCC,gBAAgB,EAAEP,MAAM,CAACO,gBAAgB;UACzCC,kBAAkB,EAAE,IAAI,CAACjB,KAAK,CAACC,gBAAgB,CAAC,CAAC,CAAC;UAClDiB,SAAS,EAAE;QACf,CAAC;QACD,IAAI,CAACb,KAAK,CAACc,WAAW,CAClBP,UAAU,EACV,IAAI,CAACP,KAAK,CAACe,iBAAiB,EAC5B,QAAQ,CAAC;MACjB;IACJ,CAAC,CAAC;EACN,CAAC;EAGDC,kBAAkB,GAAEC,SAAS,IAAI;IAC7BZ,OAAO,CAACC,GAAG,CAACW,SAAS,CAACC,kBAAkB,EAAE,IAAI,CAAClB,KAAK,CAACkB,kBAAkB,CAAC;IACxE,IACGD,SAAS,CAACC,kBAAkB,KAAG,IAAI,CAAClB,KAAK,CAACkB,kBAAkB,IAC5D,IAAI,CAAClB,KAAK,CAACkB,kBAAkB,KAAK,KAAK,IACvCD,SAAS,CAACE,kBAAkB,KAAG,IAAI,CAACnB,KAAK,CAACmB,kBAAkB,IAC5D,IAAI,CAACnB,KAAK,CAACmB,kBAAkB,KAAK,IAAI,EACxC;MACG/B,YAAY,CAACgC,OAAO,CAAC;QACjBC,OAAO,EAAC,SAAS;QACjBC,WAAW,EAAC,+BAA+B;QAC3CC,SAAS,EAAC;MACd,CAAC,CAAC;IACN;EACJ,CAAC;EAEDC,MAAMA,CAAA,EAAG;IACL,IAAIC,YAAY,GAAG,IAAI;IACvB,IAAIC,sBAAsB,GAAG,IAAI;IAEjC,IAAI,IAAI,CAAC1B,KAAK,CAACmB,kBAAkB,IAAI,IAAI,EAAE;MACvCO,sBAAsB,GAAG,CAAC,QAAQ,CAAC,EAAE,CAAC,GAAG,GAAG;IAChD;IACA,MAAM;MAAE9B;IAAiB,CAAC,GAAG,IAAI,CAACD,KAAK;IACvC,IAAI,CAAC,IAAI,CAACK,KAAK,CAAC2B,eAAe,EAAE;MAC7BF,YAAY,GAAG,CAAC,QAAQ,CAAC,EAAE,CAAC,GAAG,GAAG;IACtC;IACA,MAAMzB,KAAK,GAAG;MACV4B,QAAQ,EAAEC,IAAI,IAAI;QACd,IAAI,CAACC,QAAQ,CAAC;UACVlC,gBAAgB,EAAE;QACtB,CAAC,CAAC;MACN,CAAC;MACDmC,YAAY,EAAEF,IAAI,IAAI;QAClB,IAAI,CAACC,QAAQ,CAAC;UACVlC,gBAAgB,EAAE,CAACiC,IAAI;QAC3B,CAAC,CAAC;QACF,OAAO,KAAK;MAChB,CAAC;MACDjC;IACJ,CAAC;IACD,MAAM;MAAEoC;IAAkB,CAAC,GAAG,IAAI,CAAChC,KAAK,CAACC,IAAI;IAC7C,MAAM;MAAEgC;IAAK,CAAC,GAAG9C,UAAU;IAE3B,IAAI+C,YAAY,GAAG,IAAI;IAEvB,IAAI,IAAI,CAAClC,KAAK,CAACmC,iBAAiB,CAACC,MAAM,GAAG,CAAC,EAAE;MACzC,IAAIC,GAAG,GACH,IAAI,CAACrC,KAAK,CAACmC,iBAAiB,CAACG,GAAG,CAAC,CAACC,KAAK,EAAEC,KAAK,KAC1C,CAAC,EAAE,CAAC,GAAG,CAAC,CAACA,KAAK,CAAC,CAAC,CAAC,IAAI,CAAC,IAAI,CAAC,QAAQ,CAAC,CAACD,KAAK,CAAC,EAAE,IAAI,CAAC,EAAE,EAAE,CACzD,CAAC;MACNL,YAAY,GAAI,CAAC,EAAE,CAAC,CAACG,GAAG,CAAC,EAAE,EAAE,CAAE;IACnC;IAEA,MAAMI,UAAU,GAAG,IAAI,CAACzC,KAAK,CAAC0C,eAAe;IAC7C,IAAIC,2BAA2B,GAAG,IAAI;IACtC,IAAIC,WAAW,GAAG,IAAI;IACtB,IAAIC,aAAa,GAAG,IAAI;IACxB,IAAIC,cAAc,GAAG,IAAI;IAEzB,IAAIL,UAAU,KAAK,IAAI,EAAE;MACrBG,WAAW,GAAIH,UAAU,CAAChC,YAAY,KAAKsC,SAAS,GAAIN,UAAU,CAAChC,YAAY,GAAG,IAAI;MACtFoC,aAAa,GAAIJ,UAAU,CAAC/B,eAAe,KAAKqC,SAAS,GAAIN,UAAU,CAAC/B,eAAe,GAAG,IAAI;MAC9FoC,cAAc,GAAIL,UAAU,CAAC9B,gBAAgB,KAAKoC,SAAS,GAAIN,UAAU,CAAC9B,gBAAgB,GAAG,IAAI;IACrG,CAAC,MACI;MACDgC,2BAA2B,GAAG,CAAC,QAAQ,CAAC,EAAE,CAAC,GAAG,GAAG;IACrD;IAEA,OACI,CAAC,GAAG;AAChB,gBAAgB,CAAC,gBAAgB;AACjC,gBAAgB,CAACA,2BAA2B;AAC5C,gBAAgB,CAACT,YAAY;AAC7B,gBAAgB,CAAC,UAAU,CACP,KAAK,CAAC,cAAc,CACpB,MAAM,CAAC,CAAC,MAAMc,MAAM,CAACC,OAAO,CAACC,IAAI,CAAC,CAAC,CAAC;AAExD,gBAAgB,CAAC,IAAI,CAAC,QAAQ,CAAC,CAAC;QAAEC,IAAI,EAAE;MAAG,CAAC,CAAC,CAAC,UAAU,CAAC,CAAC;QAAEA,IAAI,EAAE;MAAG,CAAC,CAAC,CAAC,QAAQ,CAAC,CAAC,IAAI,CAACtD,YAAY,CAAC;AACpG,oBAAoB,CAAC,IAAI,CAAC,IAAI,CAAC,KAAK,CAAC,MAAM;AAC3C,wBAAwB,CAACmC,iBAAiB,CAAC,cAAc,EAAE;YAC/BoB,YAAY,EAAER,WAAW;YACzBS,KAAK,EAAE,CAAC;cAAEC,QAAQ,EAAE,IAAI;cAAEjC,OAAO,EAAE;YAAqB,CAAC;UAC7D,CAAC,CAAC,CACE,CAAC,KAAK,CACF,WAAW,CAAC,MAAM,CAClB,IAAI,CAAC,OAAO,GAEpB,CAAC;AACzB,oBAAoB,EAAE,IAAI,CAAC,IAAI;AAC/B,oBAAoB,CAAC,IAAI,CAAC,IAAI,CAAC,KAAK,CAAC,gBAAgB;AACrD,wBAAwB,CAACW,iBAAiB,CAAC,iBAAiB,EAAE;YAClCoB,YAAY,EAAEP,aAAa;YAC3BQ,KAAK,EAAE,CAAC;cAAEC,QAAQ,EAAE,IAAI;cAAEjC,OAAO,EAAE;YAA+B,CAAC;UACvE,CAAC,CAAC,CACE,CAAC,KAAK,CACF,WAAW,CAAC,gBAAgB,CAC5B,IAAI,CAAC,OAAO,GAEpB,CAAC;AACzB,oBAAoB,EAAE,IAAI,CAAC,IAAI;AAC/B,oBAAoB,CAAC,IAAI,CAAC,IAAI,CAAC,KAAK,CAAC,cAAc;AACnD,wBAAwB,CAACW,iBAAiB,CAAC,kBAAkB,EAAE;YACnCoB,YAAY,EAAEN,cAAc;YAC5BO,KAAK,EAAE,CAAC;cAAEC,QAAQ,EAAE,IAAI;cAAEjC,OAAO,EAAE;YAA6B,CAAC;UACrE,CAAC,CAAC,CACE,CAAC,KAAK,CACF,WAAW,CAAC,cAAc,CAC1B,IAAI,CAAC,OAAO,GAEpB,CAAC;AACzB,oBAAoB,EAAE,IAAI,CAAC,IAAI;AAC/B,oBAAoB,CAAC,IAAI,CAAC,IAAI,CAAC,KAAK,CAAC,kBAAkB;AACvD,wBAAwB,CAACW,iBAAiB,CAAC,oBAAoB,EAAE,CAEzC,CAAC,CAAC,CAEE,CAAC,MAAM,CACH,QAAQ,CAAC,CAAC,KAAK,CAAC,CAChB,QAAQ,CAAC,CAAC,IAAI,CAACrC,KAAK,CAACC,gBAAgB,CAAC,CACtC,IAAII,KAAK,CAAC;AAC1C,gCAAgC,CAAC,MAAM,CAAC,CAAC,CAAC,IAAI,CAAC,IAAI,CAAC,QAAQ,GAAG,aAAa,EAAE,MAAM;AACpF,4BAA4B,EAAE,MAAM,CACZ,CAAC;AACzB,oBAAoB,EAAE,IAAI,CAAC,IAAI;AAC/B,oBAAoB,CAAC,MAAM,CAAC,IAAI,CAAC,SAAS,CAClB,QAAQ,CAAC,QAAQ,CACjB,SAAS,CAAC,CAACV,MAAM,CAACiE,iBAAiB,CAAC,CACpC,IAAI,CAAC,OAAO;AAEpC;AACA,mBAAmB,EAAE,MAAM;AAC3B,gBAAgB,EAAE,IAAI;AACtB,YAAY,EAAE,GAAG,CAAE;EAEf;AACJ;AAEA,MAAMC,eAAe,GAAG7D,KAAK,IAAI;EAC7B,OAAO;IACH8D,OAAO,EAAE9D,KAAK,CAAC+D,IAAI,CAACD,OAAO;IAC3BE,KAAK,EAAEhE,KAAK,CAAC+D,IAAI,CAACC,KAAK;IACvBhC,eAAe,EAAEhC,KAAK,CAAC+D,IAAI,CAACE,YAAY,KAAK,IAAI;IACjDC,gBAAgB,EAAElE,KAAK,CAAC+D,IAAI,CAACG,gBAAgB;IAC7C3C,kBAAkB,EAAEvB,KAAK,CAACmE,QAAQ,CAAC5C,kBAAkB;IACrDC,kBAAkB,EAAExB,KAAK,CAACmE,QAAQ,CAAC3C,kBAAkB;IACrDgB,iBAAiB,EAAExC,KAAK,CAACmE,QAAQ,CAAC3B,iBAAiB;IACnDpB,iBAAiB,EAAEpB,KAAK,CAACmE,QAAQ,CAAC/C,iBAAiB;IACnD2B,eAAe,EAAE/C,KAAK,CAACmE,QAAQ,CAACpB;EACpC,CAAC;AACL,CAAC;AACD,MAAMqB,kBAAkB,GAAGC,QAAQ,IAAI;EACnC,OAAO;IACHC,KAAK,EAAEA,CAACC,KAAK,EAAEC,QAAQ,KAAKH,QAAQ,CAACzE,OAAO,CAAC0E,KAAK,CAACC,KAAK,EAAEC,QAAQ,CAAC,CAAC;IACpEC,mBAAmB,EAAEA,CAAA,KAAMJ,QAAQ,CAACzE,OAAO,CAAC6E,mBAAmB,CAAC,IAAI,CAAC,CAAC;IACtEtD,WAAW,EAAEA,CAACuD,OAAO,EAAEtD,iBAAiB,EAAEuD,KAAK,KAAKN,QAAQ,CAACzE,OAAO,CAACuB,WAAW,CAACuD,OAAO,EAAEtD,iBAAiB,EAAEuD,KAAK,CAAC;EACvH,CAAC;AACL,CAAC;AACD;AACA,eAAe9E,OAAO,CAACgE,eAAe,EAAEO,kBAAkB,CAAC,CAACrF,IAAI,CAAC6F,MAAM,CAAC,CAAC,CAAC7E,eAAe,CAAC,CAAC"},"targets":{},"cloneInputAst":true,"browserslistConfigFile":false,"passPerPreset":false,"envName":"development","cwd":"/home/ani/Mergerware_assignment/Mererware_meteor/Mergerware_loanify","root":"/home/ani/Mergerware_assignment/Mererware_meteor/Mergerware_loanify","rootMode":"root","plugins":[{"key":"base$0","visitor":{"_exploded":true,"_verified":true},"options":{},"externalDependencies":[]},{"key":"base$0$0","visitor":{"Program":{"enter":[null],"exit":[null]},"_exploded":true,"_verified":true},"options":{"avoidModernSyntax":false,"enforceStrictMode":false,"dynamicImport":true,"generateLetDeclarations":true},"externalDependencies":[]},{"key":"transform-runtime","visitor":{"MemberExpression":{"enter":[null]},"ObjectPattern":{"enter":[null]},"BinaryExpression":{"enter":[null]},"Identifier":{"enter":[null]},"JSXIdentifier":{"enter":[null]},"_exploded":true,"_verified":true},"options":{"version":"7.17.2","helpers":true,"useESModules":false,"corejs":false},"externalDependencies":[]},{"key":"proposal-class-properties","visitor":{"ExportDefaultDeclaration":{"enter":[null]},"_exploded":true,"_verified":true,"ClassExpression":{"enter":[null]},"ClassDeclaration":{"enter":[null]}},"options":{"loose":true},"externalDependencies":[]},{"key":"transform-react-jsx","visitor":{"JSXNamespacedName":{"enter":[null]},"JSXSpreadChild":{"enter":[null]},"Program":{"enter":[null]},"JSXFragment":{"exit":[null]},"JSXElement":{"exit":[null]},"JSXAttribute":{"enter":[null]},"_exploded":true,"_verified":true},"options":{"pragma":"React.createElement","pragmaFrag":"React.Fragment","runtime":"classic","throwIfNamespace":true,"useBuiltIns":false},"externalDependencies":[]},{"key":"transform-react-display-name","visitor":{"ExportDefaultDeclaration":{"enter":[null]},"CallExpression":{"enter":[null]},"_exploded":true,"_verified":true},"options":{},"externalDependencies":[]},{"key":"transform-react-pure-annotations","visitor":{"CallExpression":{"enter":[null]},"_exploded":true,"_verified":true},"options":{},"externalDependencies":[]},{"key":"syntax-nullish-coalescing-operator","visitor":{"_exploded":true,"_verified":true},"options":{},"externalDependencies":[]},{"key":"proposal-nullish-coalescing-operator","visitor":{"LogicalExpression":{"enter":[null]},"_exploded":true,"_verified":true},"options":{},"externalDependencies":[]},{"key":"syntax-optional-chaining","visitor":{"_exploded":true,"_verified":true},"options":{},"externalDependencies":[]},{"key":"proposal-optional-chaining","visitor":{"OptionalCallExpression":{"enter":[null]},"OptionalMemberExpression":{"enter":[null]},"_exploded":true,"_verified":true},"options":{},"externalDependencies":[]},{"key":"syntax-optional-catch-binding","visitor":{"_exploded":true,"_verified":true},"options":{},"externalDependencies":[]},{"key":"proposal-optional-catch-binding","visitor":{"CatchClause":{"enter":[null]},"_exploded":true,"_verified":true},"options":{},"externalDependencies":[]},{"key":"syntax-class-properties","visitor":{"_exploded":true,"_verified":true},"options":{},"externalDependencies":[]},{"key":"proposal-class-properties","visitor":{"ExportDefaultDeclaration":{"enter":[null]},"_exploded":true,"_verified":true,"ClassExpression":{"enter":[null]},"ClassDeclaration":{"enter":[null]}},"options":{},"externalDependencies":[]},{"key":"syntax-async-generators","visitor":{"_exploded":true,"_verified":true},"options":{},"externalDependencies":[]},{"key":"proposal-async-generator-functions","visitor":{"Program":{"enter":[null]},"_exploded":true,"_verified":true},"options":{},"externalDependencies":[]},{"key":"syntax-object-rest-spread","visitor":{"_exploded":true,"_verified":true},"options":{},"externalDependencies":[]},{"key":"proposal-object-rest-spread","visitor":{"VariableDeclarator":{"enter":[null]},"ExportNamedDeclaration":{"enter":[null]},"CatchClause":{"enter":[null]},"AssignmentExpression":{"enter":[null]},"ArrayPattern":{"enter":[null]},"ObjectExpression":{"enter":[null]},"FunctionDeclaration":{"enter":[null]},"FunctionExpression":{"enter":[null]},"ObjectMethod":{"enter":[null]},"ArrowFunctionExpression":{"enter":[null]},"ClassMethod":{"enter":[null]},"ClassPrivateMethod":{"enter":[null]},"ForInStatement":{"enter":[null]},"ForOfStatement":{"enter":[null]},"_exploded":true,"_verified":true},"options":{},"externalDependencies":[]},{"key":"proposal-logical-assignment-operators","visitor":{"AssignmentExpression":{"enter":[null]},"_exploded":true,"_verified":true},"options":{},"externalDependencies":[]},{"key":"transform-literals","visitor":{"NumericLiteral":{"enter":[null]},"StringLiteral":{"enter":[null]},"_exploded":true,"_verified":true},"options":{},"externalDependencies":[]},{"key":"transform-template-literals","visitor":{"TaggedTemplateExpression":{"enter":[null]},"TemplateLiteral":{"enter":[null]},"_exploded":true,"_verified":true},"options":{},"externalDependencies":[]},{"key":"transform-parameters","visitor":{"_exploded":true,"_verified":true,"FunctionDeclaration":{"enter":[null]},"FunctionExpression":{"enter":[null]},"ObjectMethod":{"enter":[null]},"ArrowFunctionExpression":{"enter":[null]},"ClassMethod":{"enter":[null]},"ClassPrivateMethod":{"enter":[null]}},"options":{},"externalDependencies":[]},{"key":"transform-exponentiation-operator","visitor":{"AssignmentExpression":{"enter":[null]},"BinaryExpression":{"enter":[null]},"_exploded":true,"_verified":true},"options":{},"externalDependencies":[]}],"presets":[],"generatorOpts":{"filename":"/home/ani/Mergerware_assignment/Mererware_meteor/Mergerware_loanify/imports/ui/components/AccountsEditAccount/Forms/EditAccountForm.js","comments":true,"compact":false,"sourceMaps":true,"sourceFileName":"imports/ui/components/AccountsEditAccount/Forms/EditAccountForm.js","inputSourceMap":{"version":3,"names":["React","Component","Form","Icon","Input","Button","Checkbox","Select","Cascader","InputNumber","Upload","Typography","notification","PageHeader","styles","actions","connect","Redirect","EditAccountForm","state","idCardAttachment","handleSubmit","e","preventDefault","props","form","validateFields","err","values","console","log","newAccount","type","account_name","account_id_card","account_phone_no","id_card_attachment","nation_id","editAccount","selectedAccountId","componentDidUpdate","prevProps","editAccountLoading","editAccountMessage","success","message","description","placement","render","authRedirect","createdAccountRedirect","isAuthenticated","onRemove","file","setState","beforeUpload","getFieldDecorator","Text","serverErrors","editAccountErrors","length","lis","map","value","index","selAccount","selectedAccount","nullSelectedAccountRedirect","accountName","accountIdCard","accountPhoneNo","undefined","window","history","back","span","initialValue","rules","required","EditAccountButton","mapStateToProps","loading","auth","error","access_token","authRedirectPath","accounts","mapDispatchToProps","dispatch","login","email","password","setAuthRedirectPath","account","token","create"],"sources":["imports/ui/components/AccountsEditAccount/Forms/EditAccountForm.js"],"sourcesContent":["import React, { Component } from 'react';\nimport {\n    Form, Icon, Input, Button, Checkbox, Select,\n    Cascader, InputNumber, Upload, Typography,notification,\n    PageHeader\n} from 'antd';\nimport styles from './EditAccountForm.module.css';\nimport * as actions from '../../../store/actions/index';\nimport { connect } from 'react-redux';\nimport { Redirect } from 'react-router-dom';\n\nclass EditAccountForm extends Component {\n    state = { idCardAttachment: [] }\n    handleSubmit = e => {\n        e.preventDefault();\n\n        this.props.form.validateFields((err, values) => {\n            if (!err) {\n                console.log('Received values of form: ', values);\n                let newAccount = {\n                    type: '1',\n                    account_name: values.account_name,\n                    account_id_card: values.account_id_card,\n                    account_phone_no: values.account_phone_no,\n                    id_card_attachment: this.state.idCardAttachment[0],\n                    nation_id: 3\n                };\n                this.props.editAccount(\n                    newAccount,\n                    this.props.selectedAccountId,\n                    'sdsdsd');\n            }\n        });\n    };\n\n\n    componentDidUpdate=(prevProps)=> {\n        console.log(prevProps.editAccountLoading, this.props.editAccountLoading);\n        if(\n           prevProps.editAccountLoading!==this.props.editAccountLoading &&\n           this.props.editAccountLoading === false &&\n           prevProps.editAccountMessage!==this.props.editAccountMessage&&\n           this.props.editAccountMessage !== null\n        ){\n            notification.success({\n                message:\"Success\",\n                description:\"Successfully updated account.\",\n                placement:\"topRight\"\n            });\n        }\n    }\n\n    render() {\n        let authRedirect = null;\n        let createdAccountRedirect = null;\n\n        if (this.props.editAccountMessage != null) {\n            createdAccountRedirect = <Redirect to=\"/\" />\n        }\n        const { idCardAttachment } = this.state;\n        if (!this.props.isAuthenticated) {\n            authRedirect = <Redirect to=\"/\" />\n        }\n        const props = {\n            onRemove: file => {\n                this.setState({\n                    idCardAttachment: []\n                });\n            },\n            beforeUpload: file => {\n                this.setState({\n                    idCardAttachment: [file],\n                });\n                return false;\n            },\n            idCardAttachment,\n        };\n        const { getFieldDecorator } = this.props.form;\n        const { Text } = Typography;\n\n        let serverErrors = null;\n\n        if (this.props.editAccountErrors.length > 0) {\n            let lis =\n                this.props.editAccountErrors.map((value, index) => (\n                    <li key={index}><Text type=\"danger\">{value}</Text></li>\n                ));\n            serverErrors = (<ul>{lis}</ul>)\n        }\n\n        const selAccount = this.props.selectedAccount;\n        let nullSelectedAccountRedirect = null;\n        let accountName = null;\n        let accountIdCard = null;\n        let accountPhoneNo = null;\n\n        if (selAccount !== null) {\n            accountName = (selAccount.account_name !== undefined) ? selAccount.account_name : null;\n            accountIdCard = (selAccount.account_id_card !== undefined) ? selAccount.account_id_card : null;\n            accountPhoneNo = (selAccount.account_phone_no !== undefined) ? selAccount.account_phone_no : null;\n        }\n        else {\n            nullSelectedAccountRedirect = <Redirect to=\"/\" />\n        }\n\n        return (\n            <div>\n                {/*authRedirect*/}\n                {nullSelectedAccountRedirect}\n                {serverErrors}\n                <PageHeader\n                    title=\"Edit Account\"\n                    onBack={() => window.history.back()}\n                />\n                <Form labelCol={{ span: 24 }} wrapperCol={{ span: 24 }} onSubmit={this.handleSubmit}>\n                    <Form.Item label=\"Name\">\n                        {getFieldDecorator('account_name', {\n                            initialValue: accountName,\n                            rules: [{ required: true, message: 'Please input name!' }],\n                        })(\n                            <Input\n                                placeholder=\"Name\"\n                                size=\"large\"\n                            />,\n                        )}\n                    </Form.Item>\n                    <Form.Item label=\"National ID No\">\n                        {getFieldDecorator('account_id_card', {\n                            initialValue: accountIdCard,\n                            rules: [{ required: true, message: 'Please input ID Card Number!' }],\n                        })(\n                            <Input\n                                placeholder=\"National ID No\"\n                                size=\"large\"\n                            />,\n                        )}\n                    </Form.Item>\n                    <Form.Item label=\"Phone Number\">\n                        {getFieldDecorator('account_phone_no', {\n                            initialValue: accountPhoneNo,\n                            rules: [{ required: true, message: 'Please input Phone Number!' }],\n                        })(\n                            <Input\n                                placeholder=\"Phone Number\"\n                                size=\"large\"\n                            />,\n                        )}\n                    </Form.Item>\n                    <Form.Item label=\"National ID Card\">\n                        {getFieldDecorator('id_card_attachment', {\n\n                        })(\n\n                            <Upload\n                                multiple={false}\n                                fileList={this.state.idCardAttachment}\n                                {...props}>\n                                <Button> <Icon type=\"upload\" /> Select File </Button>\n                            </Upload>\n                        )}\n                    </Form.Item>\n                    <Button type=\"primary\"\n                        htmlType=\"submit\"\n                        className={styles.EditAccountButton}\n                        size=\"large\"\n                    >\n                        Update Account\n                   </Button>\n                </Form >\n            </div >\n        );\n    }\n}\n\nconst mapStateToProps = state => {\n    return {\n        loading: state.auth.loading,\n        error: state.auth.error,\n        isAuthenticated: state.auth.access_token !== null,\n        authRedirectPath: state.auth.authRedirectPath,\n        editAccountLoading: state.accounts.editAccountLoading,\n        editAccountMessage: state.accounts.editAccountMessage,\n        editAccountErrors: state.accounts.editAccountErrors,\n        selectedAccountId: state.accounts.selectedAccountId,\n        selectedAccount: state.accounts.selectedAccount\n    }\n}\nconst mapDispatchToProps = dispatch => {\n    return {\n        login: (email, password) => dispatch(actions.login(email, password)),\n        setAuthRedirectPath: () => dispatch(actions.setAuthRedirectPath('/ ')),\n        editAccount: (account, selectedAccountId, token) => dispatch(actions.editAccount(account, selectedAccountId, token))\n    }\n}\n//export default Form.create()(LoginForm);\nexport default connect(mapStateToProps, mapDispatchToProps)(Form.create()(EditAccountForm));\n"],"mappings":";AAAA,OAAOA,KAAK,IAAIC,SAAS,QAAQ,OAAO;AACxC,SACIC,IAAI,EAAEC,IAAI,EAAEC,KAAK,EAAEC,MAAM,EAAEC,QAAQ,EAAEC,MAAM,EAC3CC,QAAQ,EAAEC,WAAW,EAAEC,MAAM,EAAEC,UAAU,EAACC,YAAY,EACtDC,UAAU,QACP,MAAM;AACb,OAAOC,MAAM,MAAM,8BAA8B;AACjD,OAAO,KAAKC,OAAO,MAAM,8BAA8B;AACvD,SAASC,OAAO,QAAQ,aAAa;AACrC,SAASC,QAAQ,QAAQ,kBAAkB;AAE3C,MAAMC,eAAe,SAASjB,SAAS,CAAC;EACpCkB,KAAK,GAAG;IAAEC,gBAAgB,EAAE;EAAG,CAAC;EAChCC,YAAY,GAAGC,CAAC,IAAI;IAChBA,CAAC,CAACC,cAAc,CAAC,CAAC;IAElB,IAAI,CAACC,KAAK,CAACC,IAAI,CAACC,cAAc,CAAC,CAACC,GAAG,EAAEC,MAAM,KAAK;MAC5C,IAAI,CAACD,GAAG,EAAE;QACNE,OAAO,CAACC,GAAG,CAAC,2BAA2B,EAAEF,MAAM,CAAC;QAChD,IAAIG,UAAU,GAAG;UACbC,IAAI,EAAE,GAAG;UACTC,YAAY,EAAEL,MAAM,CAACK,YAAY;UACjCC,eAAe,EAAEN,MAAM,CAACM,eAAe;UACvCC,gBAAgB,EAAEP,MAAM,CAACO,gBAAgB;UACzCC,kBAAkB,EAAE,IAAI,CAACjB,KAAK,CAACC,gBAAgB,CAAC,CAAC,CAAC;UAClDiB,SAAS,EAAE;QACf,CAAC;QACD,IAAI,CAACb,KAAK,CAACc,WAAW,CAClBP,UAAU,EACV,IAAI,CAACP,KAAK,CAACe,iBAAiB,EAC5B,QAAQ,CAAC;MACjB;IACJ,CAAC,CAAC;EACN,CAAC;EAGDC,kBAAkB,GAAEC,SAAS,IAAI;IAC7BZ,OAAO,CAACC,GAAG,CAACW,SAAS,CAACC,kBAAkB,EAAE,IAAI,CAAClB,KAAK,CAACkB,kBAAkB,CAAC;IACxE,IACGD,SAAS,CAACC,kBAAkB,KAAG,IAAI,CAAClB,KAAK,CAACkB,kBAAkB,IAC5D,IAAI,CAAClB,KAAK,CAACkB,kBAAkB,KAAK,KAAK,IACvCD,SAAS,CAACE,kBAAkB,KAAG,IAAI,CAACnB,KAAK,CAACmB,kBAAkB,IAC5D,IAAI,CAACnB,KAAK,CAACmB,kBAAkB,KAAK,IAAI,EACxC;MACG/B,YAAY,CAACgC,OAAO,CAAC;QACjBC,OAAO,EAAC,SAAS;QACjBC,WAAW,EAAC,+BAA+B;QAC3CC,SAAS,EAAC;MACd,CAAC,CAAC;IACN;EACJ,CAAC;EAEDC,MAAMA,CAAA,EAAG;IACL,IAAIC,YAAY,GAAG,IAAI;IACvB,IAAIC,sBAAsB,GAAG,IAAI;IAEjC,IAAI,IAAI,CAAC1B,KAAK,CAACmB,kBAAkB,IAAI,IAAI,EAAE;MACvCO,sBAAsB,GAAG,CAAC,QAAQ,CAAC,EAAE,CAAC,GAAG,GAAG;IAChD;IACA,MAAM;MAAE9B;IAAiB,CAAC,GAAG,IAAI,CAACD,KAAK;IACvC,IAAI,CAAC,IAAI,CAACK,KAAK,CAAC2B,eAAe,EAAE;MAC7BF,YAAY,GAAG,CAAC,QAAQ,CAAC,EAAE,CAAC,GAAG,GAAG;IACtC;IACA,MAAMzB,KAAK,GAAG;MACV4B,QAAQ,EAAEC,IAAI,IAAI;QACd,IAAI,CAACC,QAAQ,CAAC;UACVlC,gBAAgB,EAAE;QACtB,CAAC,CAAC;MACN,CAAC;MACDmC,YAAY,EAAEF,IAAI,IAAI;QAClB,IAAI,CAACC,QAAQ,CAAC;UACVlC,gBAAgB,EAAE,CAACiC,IAAI;QAC3B,CAAC,CAAC;QACF,OAAO,KAAK;MAChB,CAAC;MACDjC;IACJ,CAAC;IACD,MAAM;MAAEoC;IAAkB,CAAC,GAAG,IAAI,CAAChC,KAAK,CAACC,IAAI;IAC7C,MAAM;MAAEgC;IAAK,CAAC,GAAG9C,UAAU;IAE3B,IAAI+C,YAAY,GAAG,IAAI;IAEvB,IAAI,IAAI,CAAClC,KAAK,CAACmC,iBAAiB,CAACC,MAAM,GAAG,CAAC,EAAE;MACzC,IAAIC,GAAG,GACH,IAAI,CAACrC,KAAK,CAACmC,iBAAiB,CAACG,GAAG,CAAC,CAACC,KAAK,EAAEC,KAAK,KAC1C,CAAC,EAAE,CAAC,GAAG,CAAC,CAACA,KAAK,CAAC,CAAC,CAAC,IAAI,CAAC,IAAI,CAAC,QAAQ,CAAC,CAACD,KAAK,CAAC,EAAE,IAAI,CAAC,EAAE,EAAE,CACzD,CAAC;MACNL,YAAY,GAAI,CAAC,EAAE,CAAC,CAACG,GAAG,CAAC,EAAE,EAAE,CAAE;IACnC;IAEA,MAAMI,UAAU,GAAG,IAAI,CAACzC,KAAK,CAAC0C,eAAe;IAC7C,IAAIC,2BAA2B,GAAG,IAAI;IACtC,IAAIC,WAAW,GAAG,IAAI;IACtB,IAAIC,aAAa,GAAG,IAAI;IACxB,IAAIC,cAAc,GAAG,IAAI;IAEzB,IAAIL,UAAU,KAAK,IAAI,EAAE;MACrBG,WAAW,GAAIH,UAAU,CAAChC,YAAY,KAAKsC,SAAS,GAAIN,UAAU,CAAChC,YAAY,GAAG,IAAI;MACtFoC,aAAa,GAAIJ,UAAU,CAAC/B,eAAe,KAAKqC,SAAS,GAAIN,UAAU,CAAC/B,eAAe,GAAG,IAAI;MAC9FoC,cAAc,GAAIL,UAAU,CAAC9B,gBAAgB,KAAKoC,SAAS,GAAIN,UAAU,CAAC9B,gBAAgB,GAAG,IAAI;IACrG,CAAC,MACI;MACDgC,2BAA2B,GAAG,CAAC,QAAQ,CAAC,EAAE,CAAC,GAAG,GAAG;IACrD;IAEA,OACI,CAAC,GAAG;AAChB,gBAAgB,CAAC,gBAAgB;AACjC,gBAAgB,CAACA,2BAA2B;AAC5C,gBAAgB,CAACT,YAAY;AAC7B,gBAAgB,CAAC,UAAU,CACP,KAAK,CAAC,cAAc,CACpB,MAAM,CAAC,CAAC,MAAMc,MAAM,CAACC,OAAO,CAACC,IAAI,CAAC,CAAC,CAAC;AAExD,gBAAgB,CAAC,IAAI,CAAC,QAAQ,CAAC,CAAC;QAAEC,IAAI,EAAE;MAAG,CAAC,CAAC,CAAC,UAAU,CAAC,CAAC;QAAEA,IAAI,EAAE;MAAG,CAAC,CAAC,CAAC,QAAQ,CAAC,CAAC,IAAI,CAACtD,YAAY,CAAC;AACpG,oBAAoB,CAAC,IAAI,CAAC,IAAI,CAAC,KAAK,CAAC,MAAM;AAC3C,wBAAwB,CAACmC,iBAAiB,CAAC,cAAc,EAAE;YAC/BoB,YAAY,EAAER,WAAW;YACzBS,KAAK,EAAE,CAAC;cAAEC,QAAQ,EAAE,IAAI;cAAEjC,OAAO,EAAE;YAAqB,CAAC;UAC7D,CAAC,CAAC,CACE,CAAC,KAAK,CACF,WAAW,CAAC,MAAM,CAClB,IAAI,CAAC,OAAO,GAEpB,CAAC;AACzB,oBAAoB,EAAE,IAAI,CAAC,IAAI;AAC/B,oBAAoB,CAAC,IAAI,CAAC,IAAI,CAAC,KAAK,CAAC,gBAAgB;AACrD,wBAAwB,CAACW,iBAAiB,CAAC,iBAAiB,EAAE;YAClCoB,YAAY,EAAEP,aAAa;YAC3BQ,KAAK,EAAE,CAAC;cAAEC,QAAQ,EAAE,IAAI;cAAEjC,OAAO,EAAE;YAA+B,CAAC;UACvE,CAAC,CAAC,CACE,CAAC,KAAK,CACF,WAAW,CAAC,gBAAgB,CAC5B,IAAI,CAAC,OAAO,GAEpB,CAAC;AACzB,oBAAoB,EAAE,IAAI,CAAC,IAAI;AAC/B,oBAAoB,CAAC,IAAI,CAAC,IAAI,CAAC,KAAK,CAAC,cAAc;AACnD,wBAAwB,CAACW,iBAAiB,CAAC,kBAAkB,EAAE;YACnCoB,YAAY,EAAEN,cAAc;YAC5BO,KAAK,EAAE,CAAC;cAAEC,QAAQ,EAAE,IAAI;cAAEjC,OAAO,EAAE;YAA6B,CAAC;UACrE,CAAC,CAAC,CACE,CAAC,KAAK,CACF,WAAW,CAAC,cAAc,CAC1B,IAAI,CAAC,OAAO,GAEpB,CAAC;AACzB,oBAAoB,EAAE,IAAI,CAAC,IAAI;AAC/B,oBAAoB,CAAC,IAAI,CAAC,IAAI,CAAC,KAAK,CAAC,kBAAkB;AACvD,wBAAwB,CAACW,iBAAiB,CAAC,oBAAoB,EAAE,CAEzC,CAAC,CAAC,CAEE,CAAC,MAAM,CACH,QAAQ,CAAC,CAAC,KAAK,CAAC,CAChB,QAAQ,CAAC,CAAC,IAAI,CAACrC,KAAK,CAACC,gBAAgB,CAAC,CACtC,IAAII,KAAK,CAAC;AAC1C,gCAAgC,CAAC,MAAM,CAAC,CAAC,CAAC,IAAI,CAAC,IAAI,CAAC,QAAQ,GAAG,aAAa,EAAE,MAAM;AACpF,4BAA4B,EAAE,MAAM,CACZ,CAAC;AACzB,oBAAoB,EAAE,IAAI,CAAC,IAAI;AAC/B,oBAAoB,CAAC,MAAM,CAAC,IAAI,CAAC,SAAS,CAClB,QAAQ,CAAC,QAAQ,CACjB,SAAS,CAAC,CAACV,MAAM,CAACiE,iBAAiB,CAAC,CACpC,IAAI,CAAC,OAAO;AAEpC;AACA,mBAAmB,EAAE,MAAM;AAC3B,gBAAgB,EAAE,IAAI;AACtB,YAAY,EAAE,GAAG,CAAE;EAEf;AACJ;AAEA,MAAMC,eAAe,GAAG7D,KAAK,IAAI;EAC7B,OAAO;IACH8D,OAAO,EAAE9D,KAAK,CAAC+D,IAAI,CAACD,OAAO;IAC3BE,KAAK,EAAEhE,KAAK,CAAC+D,IAAI,CAACC,KAAK;IACvBhC,eAAe,EAAEhC,KAAK,CAAC+D,IAAI,CAACE,YAAY,KAAK,IAAI;IACjDC,gBAAgB,EAAElE,KAAK,CAAC+D,IAAI,CAACG,gBAAgB;IAC7C3C,kBAAkB,EAAEvB,KAAK,CAACmE,QAAQ,CAAC5C,kBAAkB;IACrDC,kBAAkB,EAAExB,KAAK,CAACmE,QAAQ,CAAC3C,kBAAkB;IACrDgB,iBAAiB,EAAExC,KAAK,CAACmE,QAAQ,CAAC3B,iBAAiB;IACnDpB,iBAAiB,EAAEpB,KAAK,CAACmE,QAAQ,CAAC/C,iBAAiB;IACnD2B,eAAe,EAAE/C,KAAK,CAACmE,QAAQ,CAACpB;EACpC,CAAC;AACL,CAAC;AACD,MAAMqB,kBAAkB,GAAGC,QAAQ,IAAI;EACnC,OAAO;IACHC,KAAK,EAAEA,CAACC,KAAK,EAAEC,QAAQ,KAAKH,QAAQ,CAACzE,OAAO,CAAC0E,KAAK,CAACC,KAAK,EAAEC,QAAQ,CAAC,CAAC;IACpEC,mBAAmB,EAAEA,CAAA,KAAMJ,QAAQ,CAACzE,OAAO,CAAC6E,mBAAmB,CAAC,IAAI,CAAC,CAAC;IACtEtD,WAAW,EAAEA,CAACuD,OAAO,EAAEtD,iBAAiB,EAAEuD,KAAK,KAAKN,QAAQ,CAACzE,OAAO,CAACuB,WAAW,CAACuD,OAAO,EAAEtD,iBAAiB,EAAEuD,KAAK,CAAC;EACvH,CAAC;AACL,CAAC;AACD;AACA,eAAe9E,OAAO,CAACgE,eAAe,EAAEO,kBAAkB,CAAC,CAACrF,IAAI,CAAC6F,MAAM,CAAC,CAAC,CAAC7E,eAAe,CAAC,CAAC"}}},"code":"!function (module1) {\n  let _extends;\n  module1.link(\"@babel/runtime/helpers/extends\", {\n    default(v) {\n      _extends = v;\n    }\n  }, 0);\n  let React, Component;\n  module1.link(\"react\", {\n    default(v) {\n      React = v;\n    },\n    Component(v) {\n      Component = v;\n    }\n  }, 0);\n  let Form, Icon, Input, Button, Checkbox, Select, Cascader, InputNumber, Upload, Typography, notification, PageHeader;\n  module1.link(\"antd\", {\n    Form(v) {\n      Form = v;\n    },\n    Icon(v) {\n      Icon = v;\n    },\n    Input(v) {\n      Input = v;\n    },\n    Button(v) {\n      Button = v;\n    },\n    Checkbox(v) {\n      Checkbox = v;\n    },\n    Select(v) {\n      Select = v;\n    },\n    Cascader(v) {\n      Cascader = v;\n    },\n    InputNumber(v) {\n      InputNumber = v;\n    },\n    Upload(v) {\n      Upload = v;\n    },\n    Typography(v) {\n      Typography = v;\n    },\n    notification(v) {\n      notification = v;\n    },\n    PageHeader(v) {\n      PageHeader = v;\n    }\n  }, 1);\n  let styles;\n  module1.link(\"./EditAccountForm.module.css\", {\n    default(v) {\n      styles = v;\n    }\n  }, 2);\n  let actions;\n  module1.link(\"../../../store/actions/index\", {\n    \"*\"(v) {\n      actions = v;\n    }\n  }, 3);\n  let connect;\n  module1.link(\"react-redux\", {\n    connect(v) {\n      connect = v;\n    }\n  }, 4);\n  let Redirect;\n  module1.link(\"react-router-dom\", {\n    Redirect(v) {\n      Redirect = v;\n    }\n  }, 5);\n  ___INIT_METEOR_FAST_REFRESH(module);\n  class EditAccountForm extends Component {\n    constructor() {\n      super(...arguments);\n      this.state = {\n        idCardAttachment: []\n      };\n      this.handleSubmit = e => {\n        e.preventDefault();\n        this.props.form.validateFields((err, values) => {\n          if (!err) {\n            console.log('Received values of form: ', values);\n            let newAccount = {\n              type: '1',\n              account_name: values.account_name,\n              account_id_card: values.account_id_card,\n              account_phone_no: values.account_phone_no,\n              id_card_attachment: this.state.idCardAttachment[0],\n              nation_id: 3\n            };\n            this.props.editAccount(newAccount, this.props.selectedAccountId, 'sdsdsd');\n          }\n        });\n      };\n      this.componentDidUpdate = prevProps => {\n        console.log(prevProps.editAccountLoading, this.props.editAccountLoading);\n        if (prevProps.editAccountLoading !== this.props.editAccountLoading && this.props.editAccountLoading === false && prevProps.editAccountMessage !== this.props.editAccountMessage && this.props.editAccountMessage !== null) {\n          notification.success({\n            message: \"Success\",\n            description: \"Successfully updated account.\",\n            placement: \"topRight\"\n          });\n        }\n      };\n    }\n    render() {\n      let authRedirect = null;\n      let createdAccountRedirect = null;\n      if (this.props.editAccountMessage != null) {\n        createdAccountRedirect = /*#__PURE__*/React.createElement(Redirect, {\n          to: \"/\"\n        });\n      }\n      const {\n        idCardAttachment\n      } = this.state;\n      if (!this.props.isAuthenticated) {\n        authRedirect = /*#__PURE__*/React.createElement(Redirect, {\n          to: \"/\"\n        });\n      }\n      const props = {\n        onRemove: file => {\n          this.setState({\n            idCardAttachment: []\n          });\n        },\n        beforeUpload: file => {\n          this.setState({\n            idCardAttachment: [file]\n          });\n          return false;\n        },\n        idCardAttachment\n      };\n      const {\n        getFieldDecorator\n      } = this.props.form;\n      const {\n        Text\n      } = Typography;\n      let serverErrors = null;\n      if (this.props.editAccountErrors.length > 0) {\n        let lis = this.props.editAccountErrors.map((value, index) => /*#__PURE__*/React.createElement(\"li\", {\n          key: index\n        }, /*#__PURE__*/React.createElement(Text, {\n          type: \"danger\"\n        }, value)));\n        serverErrors = /*#__PURE__*/React.createElement(\"ul\", null, lis);\n      }\n      const selAccount = this.props.selectedAccount;\n      let nullSelectedAccountRedirect = null;\n      let accountName = null;\n      let accountIdCard = null;\n      let accountPhoneNo = null;\n      if (selAccount !== null) {\n        accountName = selAccount.account_name !== undefined ? selAccount.account_name : null;\n        accountIdCard = selAccount.account_id_card !== undefined ? selAccount.account_id_card : null;\n        accountPhoneNo = selAccount.account_phone_no !== undefined ? selAccount.account_phone_no : null;\n      } else {\n        nullSelectedAccountRedirect = /*#__PURE__*/React.createElement(Redirect, {\n          to: \"/\"\n        });\n      }\n      return /*#__PURE__*/React.createElement(\"div\", null, nullSelectedAccountRedirect, serverErrors, /*#__PURE__*/React.createElement(PageHeader, {\n        title: \"Edit Account\",\n        onBack: () => window.history.back()\n      }), /*#__PURE__*/React.createElement(Form, {\n        labelCol: {\n          span: 24\n        },\n        wrapperCol: {\n          span: 24\n        },\n        onSubmit: this.handleSubmit\n      }, /*#__PURE__*/React.createElement(Form.Item, {\n        label: \"Name\"\n      }, getFieldDecorator('account_name', {\n        initialValue: accountName,\n        rules: [{\n          required: true,\n          message: 'Please input name!'\n        }]\n      })( /*#__PURE__*/React.createElement(Input, {\n        placeholder: \"Name\",\n        size: \"large\"\n      }))), /*#__PURE__*/React.createElement(Form.Item, {\n        label: \"National ID No\"\n      }, getFieldDecorator('account_id_card', {\n        initialValue: accountIdCard,\n        rules: [{\n          required: true,\n          message: 'Please input ID Card Number!'\n        }]\n      })( /*#__PURE__*/React.createElement(Input, {\n        placeholder: \"National ID No\",\n        size: \"large\"\n      }))), /*#__PURE__*/React.createElement(Form.Item, {\n        label: \"Phone Number\"\n      }, getFieldDecorator('account_phone_no', {\n        initialValue: accountPhoneNo,\n        rules: [{\n          required: true,\n          message: 'Please input Phone Number!'\n        }]\n      })( /*#__PURE__*/React.createElement(Input, {\n        placeholder: \"Phone Number\",\n        size: \"large\"\n      }))), /*#__PURE__*/React.createElement(Form.Item, {\n        label: \"National ID Card\"\n      }, getFieldDecorator('id_card_attachment', {})( /*#__PURE__*/React.createElement(Upload, _extends({\n        multiple: false,\n        fileList: this.state.idCardAttachment\n      }, props), /*#__PURE__*/React.createElement(Button, null, \" \", /*#__PURE__*/React.createElement(Icon, {\n        type: \"upload\"\n      }), \" Select File \")))), /*#__PURE__*/React.createElement(Button, {\n        type: \"primary\",\n        htmlType: \"submit\",\n        className: styles.EditAccountButton,\n        size: \"large\"\n      }, \"Update Account\")));\n    }\n  }\n  const mapStateToProps = state => {\n    return {\n      loading: state.auth.loading,\n      error: state.auth.error,\n      isAuthenticated: state.auth.access_token !== null,\n      authRedirectPath: state.auth.authRedirectPath,\n      editAccountLoading: state.accounts.editAccountLoading,\n      editAccountMessage: state.accounts.editAccountMessage,\n      editAccountErrors: state.accounts.editAccountErrors,\n      selectedAccountId: state.accounts.selectedAccountId,\n      selectedAccount: state.accounts.selectedAccount\n    };\n  };\n  const mapDispatchToProps = dispatch => {\n    return {\n      login: (email, password) => dispatch(actions.login(email, password)),\n      setAuthRedirectPath: () => dispatch(actions.setAuthRedirectPath('/ ')),\n      editAccount: (account, selectedAccountId, token) => dispatch(actions.editAccount(account, selectedAccountId, token))\n    };\n  };\n  //export default Form.create()(LoginForm);\n  module1.exportDefault(connect(mapStateToProps, mapDispatchToProps)(Form.create()(EditAccountForm)));\n}.call(this, module);","map":{"version":3,"names":["EditAccountForm","Component","constructor","arguments","state","idCardAttachment","handleSubmit","e","preventDefault","props","form","validateFields","err","values","console","log","newAccount","type","account_name","account_id_card","account_phone_no","id_card_attachment","nation_id","editAccount","selectedAccountId","componentDidUpdate","prevProps","editAccountLoading","editAccountMessage","notification","success","message","description","placement","render","authRedirect","createdAccountRedirect","React","createElement","Redirect","to","isAuthenticated","onRemove","file","setState","beforeUpload","getFieldDecorator","Text","Typography","serverErrors","editAccountErrors","length","lis","map","value","index","key","selAccount","selectedAccount","nullSelectedAccountRedirect","accountName","accountIdCard","accountPhoneNo","undefined","PageHeader","title","onBack","window","history","back","Form","labelCol","span","wrapperCol","onSubmit","Item","label","initialValue","rules","required","Input","placeholder","size","Upload","_extends","multiple","fileList","Button","Icon","htmlType","className","styles","EditAccountButton","mapStateToProps","loading","auth","error","access_token","authRedirectPath","accounts","mapDispatchToProps","dispatch","login","email","password","actions","setAuthRedirectPath","account","token","connect","create"],"sources":["imports/ui/components/AccountsEditAccount/Forms/EditAccountForm.js"],"sourcesContent":["import React, { Component } from 'react';\nimport {\n    Form, Icon, Input, Button, Checkbox, Select,\n    Cascader, InputNumber, Upload, Typography,notification,\n    PageHeader\n} from 'antd';\nimport styles from './EditAccountForm.module.css';\nimport * as actions from '../../../store/actions/index';\nimport { connect } from 'react-redux';\nimport { Redirect } from 'react-router-dom';\n\nclass EditAccountForm extends Component {\n    state = { idCardAttachment: [] }\n    handleSubmit = e => {\n        e.preventDefault();\n\n        this.props.form.validateFields((err, values) => {\n            if (!err) {\n                console.log('Received values of form: ', values);\n                let newAccount = {\n                    type: '1',\n                    account_name: values.account_name,\n                    account_id_card: values.account_id_card,\n                    account_phone_no: values.account_phone_no,\n                    id_card_attachment: this.state.idCardAttachment[0],\n                    nation_id: 3\n                };\n                this.props.editAccount(\n                    newAccount,\n                    this.props.selectedAccountId,\n                    'sdsdsd');\n            }\n        });\n    };\n\n\n    componentDidUpdate=(prevProps)=> {\n        console.log(prevProps.editAccountLoading, this.props.editAccountLoading);\n        if(\n           prevProps.editAccountLoading!==this.props.editAccountLoading &&\n           this.props.editAccountLoading === false &&\n           prevProps.editAccountMessage!==this.props.editAccountMessage&&\n           this.props.editAccountMessage !== null\n        ){\n            notification.success({\n                message:\"Success\",\n                description:\"Successfully updated account.\",\n                placement:\"topRight\"\n            });\n        }\n    }\n\n    render() {\n        let authRedirect = null;\n        let createdAccountRedirect = null;\n\n        if (this.props.editAccountMessage != null) {\n            createdAccountRedirect = <Redirect to=\"/\" />\n        }\n        const { idCardAttachment } = this.state;\n        if (!this.props.isAuthenticated) {\n            authRedirect = <Redirect to=\"/\" />\n        }\n        const props = {\n            onRemove: file => {\n                this.setState({\n                    idCardAttachment: []\n                });\n            },\n            beforeUpload: file => {\n                this.setState({\n                    idCardAttachment: [file],\n                });\n                return false;\n            },\n            idCardAttachment,\n        };\n        const { getFieldDecorator } = this.props.form;\n        const { Text } = Typography;\n\n        let serverErrors = null;\n\n        if (this.props.editAccountErrors.length > 0) {\n            let lis =\n                this.props.editAccountErrors.map((value, index) => (\n                    <li key={index}><Text type=\"danger\">{value}</Text></li>\n                ));\n            serverErrors = (<ul>{lis}</ul>)\n        }\n\n        const selAccount = this.props.selectedAccount;\n        let nullSelectedAccountRedirect = null;\n        let accountName = null;\n        let accountIdCard = null;\n        let accountPhoneNo = null;\n\n        if (selAccount !== null) {\n            accountName = (selAccount.account_name !== undefined) ? selAccount.account_name : null;\n            accountIdCard = (selAccount.account_id_card !== undefined) ? selAccount.account_id_card : null;\n            accountPhoneNo = (selAccount.account_phone_no !== undefined) ? selAccount.account_phone_no : null;\n        }\n        else {\n            nullSelectedAccountRedirect = <Redirect to=\"/\" />\n        }\n\n        return (\n            <div>\n                {/*authRedirect*/}\n                {nullSelectedAccountRedirect}\n                {serverErrors}\n                <PageHeader\n                    title=\"Edit Account\"\n                    onBack={() => window.history.back()}\n                />\n                <Form labelCol={{ span: 24 }} wrapperCol={{ span: 24 }} onSubmit={this.handleSubmit}>\n                    <Form.Item label=\"Name\">\n                        {getFieldDecorator('account_name', {\n                            initialValue: accountName,\n                            rules: [{ required: true, message: 'Please input name!' }],\n                        })(\n                            <Input\n                                placeholder=\"Name\"\n                                size=\"large\"\n                            />,\n                        )}\n                    </Form.Item>\n                    <Form.Item label=\"National ID No\">\n                        {getFieldDecorator('account_id_card', {\n                            initialValue: accountIdCard,\n                            rules: [{ required: true, message: 'Please input ID Card Number!' }],\n                        })(\n                            <Input\n                                placeholder=\"National ID No\"\n                                size=\"large\"\n                            />,\n                        )}\n                    </Form.Item>\n                    <Form.Item label=\"Phone Number\">\n                        {getFieldDecorator('account_phone_no', {\n                            initialValue: accountPhoneNo,\n                            rules: [{ required: true, message: 'Please input Phone Number!' }],\n                        })(\n                            <Input\n                                placeholder=\"Phone Number\"\n                                size=\"large\"\n                            />,\n                        )}\n                    </Form.Item>\n                    <Form.Item label=\"National ID Card\">\n                        {getFieldDecorator('id_card_attachment', {\n\n                        })(\n\n                            <Upload\n                                multiple={false}\n                                fileList={this.state.idCardAttachment}\n                                {...props}>\n                                <Button> <Icon type=\"upload\" /> Select File </Button>\n                            </Upload>\n                        )}\n                    </Form.Item>\n                    <Button type=\"primary\"\n                        htmlType=\"submit\"\n                        className={styles.EditAccountButton}\n                        size=\"large\"\n                    >\n                        Update Account\n                   </Button>\n                </Form >\n            </div >\n        );\n    }\n}\n\nconst mapStateToProps = state => {\n    return {\n        loading: state.auth.loading,\n        error: state.auth.error,\n        isAuthenticated: state.auth.access_token !== null,\n        authRedirectPath: state.auth.authRedirectPath,\n        editAccountLoading: state.accounts.editAccountLoading,\n        editAccountMessage: state.accounts.editAccountMessage,\n        editAccountErrors: state.accounts.editAccountErrors,\n        selectedAccountId: state.accounts.selectedAccountId,\n        selectedAccount: state.accounts.selectedAccount\n    }\n}\nconst mapDispatchToProps = dispatch => {\n    return {\n        login: (email, password) => dispatch(actions.login(email, password)),\n        setAuthRedirectPath: () => dispatch(actions.setAuthRedirectPath('/ ')),\n        editAccount: (account, selectedAccountId, token) => dispatch(actions.editAccount(account, selectedAccountId, token))\n    }\n}\n//export default Form.create()(LoginForm);\nexport default connect(mapStateToProps, mapDispatchToProps)(Form.create()(EditAccountForm));\n"],"mappings":";;;;;;;;;;;;;;;;;;;;;;;;;;;;;;;;;;;;;;;;;;;;;;;;;;;;;;;;;;;;;;;;;;;;;;;;;;;;;;;;EAWA,MAAMA,eAAe,SAASC,SAAS,CAAC;IAAAC,YAAA;MAAA,SAAAC,SAAA;MAAA,KACpCC,KAAK,GAAG;QAAEC,gBAAgB,EAAE;MAAG,CAAC;MAAA,KAChCC,YAAY,GAAGC,CAAC,IAAI;QAChBA,CAAC,CAACC,cAAc,CAAC,CAAC;QAElB,IAAI,CAACC,KAAK,CAACC,IAAI,CAACC,cAAc,CAAC,CAACC,GAAG,EAAEC,MAAM,KAAK;UAC5C,IAAI,CAACD,GAAG,EAAE;YACNE,OAAO,CAACC,GAAG,CAAC,2BAA2B,EAAEF,MAAM,CAAC;YAChD,IAAIG,UAAU,GAAG;cACbC,IAAI,EAAE,GAAG;cACTC,YAAY,EAAEL,MAAM,CAACK,YAAY;cACjCC,eAAe,EAAEN,MAAM,CAACM,eAAe;cACvCC,gBAAgB,EAAEP,MAAM,CAACO,gBAAgB;cACzCC,kBAAkB,EAAE,IAAI,CAACjB,KAAK,CAACC,gBAAgB,CAAC,CAAC,CAAC;cAClDiB,SAAS,EAAE;YACf,CAAC;YACD,IAAI,CAACb,KAAK,CAACc,WAAW,CAClBP,UAAU,EACV,IAAI,CAACP,KAAK,CAACe,iBAAiB,EAC5B,QAAQ,CAAC;UACjB;QACJ,CAAC,CAAC;MACN,CAAC;MAAA,KAGDC,kBAAkB,GAAEC,SAAS,IAAI;QAC7BZ,OAAO,CAACC,GAAG,CAACW,SAAS,CAACC,kBAAkB,EAAE,IAAI,CAAClB,KAAK,CAACkB,kBAAkB,CAAC;QACxE,IACGD,SAAS,CAACC,kBAAkB,KAAG,IAAI,CAAClB,KAAK,CAACkB,kBAAkB,IAC5D,IAAI,CAAClB,KAAK,CAACkB,kBAAkB,KAAK,KAAK,IACvCD,SAAS,CAACE,kBAAkB,KAAG,IAAI,CAACnB,KAAK,CAACmB,kBAAkB,IAC5D,IAAI,CAACnB,KAAK,CAACmB,kBAAkB,KAAK,IAAI,EACxC;UACGC,YAAY,CAACC,OAAO,CAAC;YACjBC,OAAO,EAAC,SAAS;YACjBC,WAAW,EAAC,+BAA+B;YAC3CC,SAAS,EAAC;UACd,CAAC,CAAC;QACN;MACJ,CAAC;IAAA;IAEDC,MAAMA,CAAA,EAAG;MACL,IAAIC,YAAY,GAAG,IAAI;MACvB,IAAIC,sBAAsB,GAAG,IAAI;MAEjC,IAAI,IAAI,CAAC3B,KAAK,CAACmB,kBAAkB,IAAI,IAAI,EAAE;QACvCQ,sBAAsB,gBAAGC,KAAA,CAAAC,aAAA,CAACC,QAAQ;UAACC,EAAE,EAAC;QAAG,EAAG;MAChD;MACA,MAAM;QAAEnC;MAAiB,CAAC,GAAG,IAAI,CAACD,KAAK;MACvC,IAAI,CAAC,IAAI,CAACK,KAAK,CAACgC,eAAe,EAAE;QAC7BN,YAAY,gBAAGE,KAAA,CAAAC,aAAA,CAACC,QAAQ;UAACC,EAAE,EAAC;QAAG,EAAG;MACtC;MACA,MAAM/B,KAAK,GAAG;QACViC,QAAQ,EAAEC,IAAI,IAAI;UACd,IAAI,CAACC,QAAQ,CAAC;YACVvC,gBAAgB,EAAE;UACtB,CAAC,CAAC;QACN,CAAC;QACDwC,YAAY,EAAEF,IAAI,IAAI;UAClB,IAAI,CAACC,QAAQ,CAAC;YACVvC,gBAAgB,EAAE,CAACsC,IAAI;UAC3B,CAAC,CAAC;UACF,OAAO,KAAK;QAChB,CAAC;QACDtC;MACJ,CAAC;MACD,MAAM;QAAEyC;MAAkB,CAAC,GAAG,IAAI,CAACrC,KAAK,CAACC,IAAI;MAC7C,MAAM;QAAEqC;MAAK,CAAC,GAAGC,UAAU;MAE3B,IAAIC,YAAY,GAAG,IAAI;MAEvB,IAAI,IAAI,CAACxC,KAAK,CAACyC,iBAAiB,CAACC,MAAM,GAAG,CAAC,EAAE;QACzC,IAAIC,GAAG,GACH,IAAI,CAAC3C,KAAK,CAACyC,iBAAiB,CAACG,GAAG,CAAC,CAACC,KAAK,EAAEC,KAAK,kBAC1ClB,KAAA,CAAAC,aAAA;UAAIkB,GAAG,EAAED;QAAM,gBAAClB,KAAA,CAAAC,aAAA,CAACS,IAAI;UAAC9B,IAAI,EAAC;QAAQ,GAAEqC,KAAY,CAAK,CACzD,CAAC;QACNL,YAAY,gBAAIZ,KAAA,CAAAC,aAAA,aAAKc,GAAQ,CAAE;MACnC;MAEA,MAAMK,UAAU,GAAG,IAAI,CAAChD,KAAK,CAACiD,eAAe;MAC7C,IAAIC,2BAA2B,GAAG,IAAI;MACtC,IAAIC,WAAW,GAAG,IAAI;MACtB,IAAIC,aAAa,GAAG,IAAI;MACxB,IAAIC,cAAc,GAAG,IAAI;MAEzB,IAAIL,UAAU,KAAK,IAAI,EAAE;QACrBG,WAAW,GAAIH,UAAU,CAACvC,YAAY,KAAK6C,SAAS,GAAIN,UAAU,CAACvC,YAAY,GAAG,IAAI;QACtF2C,aAAa,GAAIJ,UAAU,CAACtC,eAAe,KAAK4C,SAAS,GAAIN,UAAU,CAACtC,eAAe,GAAG,IAAI;QAC9F2C,cAAc,GAAIL,UAAU,CAACrC,gBAAgB,KAAK2C,SAAS,GAAIN,UAAU,CAACrC,gBAAgB,GAAG,IAAI;MACrG,CAAC,MACI;QACDuC,2BAA2B,gBAAGtB,KAAA,CAAAC,aAAA,CAACC,QAAQ;UAACC,EAAE,EAAC;QAAG,EAAG;MACrD;MAEA,oBACIH,KAAA,CAAAC,aAAA,cAEKqB,2BAA2B,EAC3BV,YAAY,eACbZ,KAAA,CAAAC,aAAA,CAAC0B,UAAU;QACPC,KAAK,EAAC,cAAc;QACpBC,MAAM,EAAEA,CAAA,KAAMC,MAAM,CAACC,OAAO,CAACC,IAAI,CAAC;MAAE,iBAExChC,KAAA,CAAAC,aAAA,CAACgC,IAAI;QAACC,QAAQ,EAAE;UAAEC,IAAI,EAAE;QAAG,CAAE;QAACC,UAAU,EAAE;UAAED,IAAI,EAAE;QAAG,CAAE;QAACE,QAAQ,EAAE,IAAI,CAACpE;MAAa,gBAChF+B,KAAA,CAAAC,aAAA,CAACgC,IAAI,CAACK,IAAI;QAACC,KAAK,EAAC;MAAM,GAClB9B,iBAAiB,CAAC,cAAc,EAAE;QAC/B+B,YAAY,EAAEjB,WAAW;QACzBkB,KAAK,EAAE,CAAC;UAAEC,QAAQ,EAAE,IAAI;UAAEhD,OAAO,EAAE;QAAqB,CAAC;MAC7D,CAAC,CAAC,eACEM,KAAA,CAAAC,aAAA,CAAC0C,KAAK;QACFC,WAAW,EAAC,MAAM;QAClBC,IAAI,EAAC;MAAO,EAEpB,CACO,gBACX7C,KAAA,CAAAC,aAAA,CAACgC,IAAI,CAACK,IAAI;QAACC,KAAK,EAAC;MAAgB,GAC5B9B,iBAAiB,CAAC,iBAAiB,EAAE;QAClC+B,YAAY,EAAEhB,aAAa;QAC3BiB,KAAK,EAAE,CAAC;UAAEC,QAAQ,EAAE,IAAI;UAAEhD,OAAO,EAAE;QAA+B,CAAC;MACvE,CAAC,CAAC,eACEM,KAAA,CAAAC,aAAA,CAAC0C,KAAK;QACFC,WAAW,EAAC,gBAAgB;QAC5BC,IAAI,EAAC;MAAO,EAEpB,CACO,gBACX7C,KAAA,CAAAC,aAAA,CAACgC,IAAI,CAACK,IAAI;QAACC,KAAK,EAAC;MAAc,GAC1B9B,iBAAiB,CAAC,kBAAkB,EAAE;QACnC+B,YAAY,EAAEf,cAAc;QAC5BgB,KAAK,EAAE,CAAC;UAAEC,QAAQ,EAAE,IAAI;UAAEhD,OAAO,EAAE;QAA6B,CAAC;MACrE,CAAC,CAAC,eACEM,KAAA,CAAAC,aAAA,CAAC0C,KAAK;QACFC,WAAW,EAAC,cAAc;QAC1BC,IAAI,EAAC;MAAO,EAEpB,CACO,gBACX7C,KAAA,CAAAC,aAAA,CAACgC,IAAI,CAACK,IAAI;QAACC,KAAK,EAAC;MAAkB,GAC9B9B,iBAAiB,CAAC,oBAAoB,EAAE,CAEzC,CAAC,CAAC,eAEET,KAAA,CAAAC,aAAA,CAAC6C,MAAM,EAAAC,QAAA;QACHC,QAAQ,EAAE,KAAM;QAChBC,QAAQ,EAAE,IAAI,CAAClF,KAAK,CAACC;MAAiB,GAClCI,KAAK,gBACT4B,KAAA,CAAAC,aAAA,CAACiD,MAAM,QAAC,GAAC,eAAAlD,KAAA,CAAAC,aAAA,CAACkD,IAAI;QAACvE,IAAI,EAAC;MAAQ,EAAG,iBAAqB,CAChD,CACZ,CACO,gBACXoB,KAAA,CAAAC,aAAA,CAACiD,MAAM;QAACtE,IAAI,EAAC,SAAS;QAClBwE,QAAQ,EAAC,QAAQ;QACjBC,SAAS,EAAEC,MAAM,CAACC,iBAAkB;QACpCV,IAAI,EAAC;MAAO,mBAGT,CACL,CACL,CAAE;IAEf;EACJ;EAEA,MAAMW,eAAe,GAAGzF,KAAK,IAAI;IAC7B,OAAO;MACH0F,OAAO,EAAE1F,KAAK,CAAC2F,IAAI,CAACD,OAAO;MAC3BE,KAAK,EAAE5F,KAAK,CAAC2F,IAAI,CAACC,KAAK;MACvBvD,eAAe,EAAErC,KAAK,CAAC2F,IAAI,CAACE,YAAY,KAAK,IAAI;MACjDC,gBAAgB,EAAE9F,KAAK,CAAC2F,IAAI,CAACG,gBAAgB;MAC7CvE,kBAAkB,EAAEvB,KAAK,CAAC+F,QAAQ,CAACxE,kBAAkB;MACrDC,kBAAkB,EAAExB,KAAK,CAAC+F,QAAQ,CAACvE,kBAAkB;MACrDsB,iBAAiB,EAAE9C,KAAK,CAAC+F,QAAQ,CAACjD,iBAAiB;MACnD1B,iBAAiB,EAAEpB,KAAK,CAAC+F,QAAQ,CAAC3E,iBAAiB;MACnDkC,eAAe,EAAEtD,KAAK,CAAC+F,QAAQ,CAACzC;IACpC,CAAC;EACL,CAAC;EACD,MAAM0C,kBAAkB,GAAGC,QAAQ,IAAI;IACnC,OAAO;MACHC,KAAK,EAAEA,CAACC,KAAK,EAAEC,QAAQ,KAAKH,QAAQ,CAACI,OAAO,CAACH,KAAK,CAACC,KAAK,EAAEC,QAAQ,CAAC,CAAC;MACpEE,mBAAmB,EAAEA,CAAA,KAAML,QAAQ,CAACI,OAAO,CAACC,mBAAmB,CAAC,IAAI,CAAC,CAAC;MACtEnF,WAAW,EAAEA,CAACoF,OAAO,EAAEnF,iBAAiB,EAAEoF,KAAK,KAAKP,QAAQ,CAACI,OAAO,CAAClF,WAAW,CAACoF,OAAO,EAAEnF,iBAAiB,EAAEoF,KAAK,CAAC;IACvH,CAAC;EACL,CAAC;EACD;wBACeC,OAAO,CAAChB,eAAe,EAAEO,kBAAkB,CAAC,CAAC9B,IAAI,CAACwC,MAAM,CAAC,CAAC,CAAC9G,eAAe,CAAC,C"},"sourceType":"module","externalDependencies":{},"hash":"6863ba4c98a968d20433c1f8d38ed80bb73aed30"}
