{"metadata":{},"options":{"assumptions":{},"compact":false,"sourceMaps":true,"ast":true,"babelrc":false,"configFile":false,"parserOpts":{"sourceType":"module","sourceFileName":"/home/ani/Mergerware_assignment/Mererware_meteor/Mergerware_loanify/imports/ui/store/actions/auth.js","plugins":["*","flow","jsx","asyncGenerators","bigInt","classPrivateMethods","classPrivateProperties","classProperties","doExpressions","dynamicImport","exportDefaultFrom","exportExtensions","exportNamespaceFrom","functionBind","functionSent","importMeta","nullishCoalescingOperator","numericSeparator","objectRestSpread","optionalCatchBinding","optionalChaining",["pipelineOperator",{"proposal":"minimal"}],"throwExpressions","classProperties","classPrivateProperties","jsx","nullishCoalescingOperator","nullishCoalescingOperator","optionalChaining","optionalChaining","optionalCatchBinding","optionalCatchBinding","classProperties","classPrivateProperties","classPrivateMethods","classProperties","classPrivateProperties","asyncGenerators","asyncGenerators","objectRestSpread","objectRestSpread","logicalAssignment"],"allowImportExportEverywhere":true,"allowReturnOutsideFunction":true,"allowUndeclaredExports":true,"strictMode":false},"caller":{"name":"meteor","arch":"web.browser.legacy"},"sourceFileName":"imports/ui/store/actions/auth.js","filename":"/home/ani/Mergerware_assignment/Mererware_meteor/Mergerware_loanify/imports/ui/store/actions/auth.js","inputSourceMap":{"version":3,"names":["actionTypes","axios","authStart","type","AUTH_START","authSuccess","accessToken","refreshToken","expiresIn","expiresInSeconds","userRoleAdmin","userRoleModerator","userRoleStandard","AUTH_SUCCESS","access_token","refresh_token","expires_in","expires_in_seconds","user_role_admin","user_role_moderator","user_role_standard","authFail","error","AUTH_FAIL","logout","AUTH_LOGOUT","checkAuthTimeout","expirationTime","dispatch","setTimeout","login","email","password","authData","grant_type","client_id","client_secret","username","scope","url","post","then","response","Date","getTime","data","console","log","catch","err","setAuthRedirectPath","path","SET_AUTH_REDIRECT_PATH","authCheckState"],"sources":["imports/ui/store/actions/auth.js"],"sourcesContent":["import * as actionTypes from './actionTypes';\nimport axios from 'axios';\n\nexport const authStart = () => {\n    return {\n        type: actionTypes.AUTH_START\n    };\n};\n\nexport const authSuccess = (accessToken, refreshToken, expiresIn, expiresInSeconds,\n                            userRoleAdmin, userRoleModerator, userRoleStandard) => {\n    return {\n        type: actionTypes.AUTH_SUCCESS,\n        access_token: accessToken,\n        refresh_token: refreshToken,\n        expires_in: expiresIn,\n        expires_in_seconds: expiresInSeconds,\n        user_role_admin: userRoleAdmin,\n        user_role_moderator: userRoleModerator,\n        user_role_standard: userRoleStandard\n    };\n};\n\nexport const authFail = (error) => {\n    return {\n        type: actionTypes.AUTH_FAIL,\n        error: error\n    };\n};\nexport const logout = () => {\n    return {\n        type: actionTypes.AUTH_LOGOUT\n    };\n};\nexport const checkAuthTimeout = (expirationTime) => {\n    return dispatch => {\n        setTimeout(() => {\n            dispatch(logout());\n        }, expirationTime);\n    };\n};\n\nexport const login = (email, password) => {\n    return dispatch => {\n        dispatch(authStart());\n        const authData = {\n            grant_type: 'password',\n            client_id: 2,\n            client_secret: \"I1dRMtEcJrJPyeW0VAgI9FtsQyz0sWgukHTTj8I9\",\n            username: email,\n            password: password,\n            scope: '*'\n        };\n\n        let url = 'http://fina.mv/oauth/token';\n\n        axios.post(url,\n            authData)\n            .then(response => {\n                let expires_in_seconds = (new Date().getTime())/1000 + response.data.expires_in;\n                console.log(\"sdsdsdsdsd\",response.data);\n                dispatch(authSuccess(response.data.access_token,\n                                     response.data.refresh_token,\n                                     response.data.expires_in,\n                                     expires_in_seconds,\n                                     response.data.user_role_admin,\n                                     response.data.user_role_moderator,\n                                     response.data.user_role_standard\n                                    ));\n                dispatch(checkAuthTimeout(response.data.expires_in));\n            })\n            .catch(err => {\n                console.log(\"err\",err);\n                //dispatch(authFail(err.response.data.error))\n                dispatch(authFail(\"Error logging in\"));\n            });\n    };\n};\n\nexport const setAuthRedirectPath = (path) => {\n    return {\n        type: actionTypes.SET_AUTH_REDIRECT_PATH,\n        path: path\n    };\n};\n\nexport const authCheckState = (accessToken, refreshToken, expiresIn, expiresInSeconds,\n                               userRoleAdmin, userRoleModerator, userRoleStandard) => {\n    return dispatch => {\n        if (!accessToken) {\n            dispatch(logout());\n        }\n\n        if (expiresInSeconds > (new Date().getTime())/1000  ) {\n            dispatch(authSuccess(accessToken, refreshToken, expiresIn, expiresInSeconds,\n                                 userRoleAdmin, userRoleModerator, userRoleStandard));\n            dispatch(checkAuthTimeout(expiresInSeconds - (new Date().getTime()/1000) ));\n        }\n        else {\n            dispatch(logout());\n        }\n\n    };\n};\n"],"mappings":";AAAA,OAAO,KAAKA,WAAW,MAAM,eAAe;AAC5C,OAAOC,KAAK,MAAM,OAAO;AAEzB,OAAO,MAAMC,SAAS,GAAGA,CAAA,KAAM;EAC3B,OAAO;IACHC,IAAI,EAAEH,WAAW,CAACI;EACtB,CAAC;AACL,CAAC;AAED,OAAO,MAAMC,WAAW,GAAGA,CAACC,WAAW,EAAEC,YAAY,EAAEC,SAAS,EAAEC,gBAAgB,EACtDC,aAAa,EAAEC,iBAAiB,EAAEC,gBAAgB,KAAK;EAC/E,OAAO;IACHT,IAAI,EAAEH,WAAW,CAACa,YAAY;IAC9BC,YAAY,EAAER,WAAW;IACzBS,aAAa,EAAER,YAAY;IAC3BS,UAAU,EAAER,SAAS;IACrBS,kBAAkB,EAAER,gBAAgB;IACpCS,eAAe,EAAER,aAAa;IAC9BS,mBAAmB,EAAER,iBAAiB;IACtCS,kBAAkB,EAAER;EACxB,CAAC;AACL,CAAC;AAED,OAAO,MAAMS,QAAQ,GAAIC,KAAK,IAAK;EAC/B,OAAO;IACHnB,IAAI,EAAEH,WAAW,CAACuB,SAAS;IAC3BD,KAAK,EAAEA;EACX,CAAC;AACL,CAAC;AACD,OAAO,MAAME,MAAM,GAAGA,CAAA,KAAM;EACxB,OAAO;IACHrB,IAAI,EAAEH,WAAW,CAACyB;EACtB,CAAC;AACL,CAAC;AACD,OAAO,MAAMC,gBAAgB,GAAIC,cAAc,IAAK;EAChD,OAAOC,QAAQ,IAAI;IACfC,UAAU,CAAC,MAAM;MACbD,QAAQ,CAACJ,MAAM,CAAC,CAAC,CAAC;IACtB,CAAC,EAAEG,cAAc,CAAC;EACtB,CAAC;AACL,CAAC;AAED,OAAO,MAAMG,KAAK,GAAGA,CAACC,KAAK,EAAEC,QAAQ,KAAK;EACtC,OAAOJ,QAAQ,IAAI;IACfA,QAAQ,CAAC1B,SAAS,CAAC,CAAC,CAAC;IACrB,MAAM+B,QAAQ,GAAG;MACbC,UAAU,EAAE,UAAU;MACtBC,SAAS,EAAE,CAAC;MACZC,aAAa,EAAE,0CAA0C;MACzDC,QAAQ,EAAEN,KAAK;MACfC,QAAQ,EAAEA,QAAQ;MAClBM,KAAK,EAAE;IACX,CAAC;IAED,IAAIC,GAAG,GAAG,4BAA4B;IAEtCtC,KAAK,CAACuC,IAAI,CAACD,GAAG,EACVN,QAAQ,CAAC,CACRQ,IAAI,CAACC,QAAQ,IAAI;MACd,IAAIzB,kBAAkB,GAAI,IAAI0B,IAAI,CAAC,CAAC,CAACC,OAAO,CAAC,CAAC,GAAE,IAAI,GAAGF,QAAQ,CAACG,IAAI,CAAC7B,UAAU;MAC/E8B,OAAO,CAACC,GAAG,CAAC,YAAY,EAACL,QAAQ,CAACG,IAAI,CAAC;MACvCjB,QAAQ,CAACvB,WAAW,CAACqC,QAAQ,CAACG,IAAI,CAAC/B,YAAY,EAC1B4B,QAAQ,CAACG,IAAI,CAAC9B,aAAa,EAC3B2B,QAAQ,CAACG,IAAI,CAAC7B,UAAU,EACxBC,kBAAkB,EAClByB,QAAQ,CAACG,IAAI,CAAC3B,eAAe,EAC7BwB,QAAQ,CAACG,IAAI,CAAC1B,mBAAmB,EACjCuB,QAAQ,CAACG,IAAI,CAACzB,kBACf,CAAC,CAAC;MACtBQ,QAAQ,CAACF,gBAAgB,CAACgB,QAAQ,CAACG,IAAI,CAAC7B,UAAU,CAAC,CAAC;IACxD,CAAC,CAAC,CACDgC,KAAK,CAACC,GAAG,IAAI;MACVH,OAAO,CAACC,GAAG,CAAC,KAAK,EAACE,GAAG,CAAC;MACtB;MACArB,QAAQ,CAACP,QAAQ,CAAC,kBAAkB,CAAC,CAAC;IAC1C,CAAC,CAAC;EACV,CAAC;AACL,CAAC;AAED,OAAO,MAAM6B,mBAAmB,GAAIC,IAAI,IAAK;EACzC,OAAO;IACHhD,IAAI,EAAEH,WAAW,CAACoD,sBAAsB;IACxCD,IAAI,EAAEA;EACV,CAAC;AACL,CAAC;AAED,OAAO,MAAME,cAAc,GAAGA,CAAC/C,WAAW,EAAEC,YAAY,EAAEC,SAAS,EAAEC,gBAAgB,EACtDC,aAAa,EAAEC,iBAAiB,EAAEC,gBAAgB,KAAK;EAClF,OAAOgB,QAAQ,IAAI;IACf,IAAI,CAACtB,WAAW,EAAE;MACdsB,QAAQ,CAACJ,MAAM,CAAC,CAAC,CAAC;IACtB;IAEA,IAAIf,gBAAgB,GAAI,IAAIkC,IAAI,CAAC,CAAC,CAACC,OAAO,CAAC,CAAC,GAAE,IAAI,EAAI;MAClDhB,QAAQ,CAACvB,WAAW,CAACC,WAAW,EAAEC,YAAY,EAAEC,SAAS,EAAEC,gBAAgB,EACtDC,aAAa,EAAEC,iBAAiB,EAAEC,gBAAgB,CAAC,CAAC;MACzEgB,QAAQ,CAACF,gBAAgB,CAACjB,gBAAgB,GAAI,IAAIkC,IAAI,CAAC,CAAC,CAACC,OAAO,CAAC,CAAC,GAAC,IAAM,CAAC,CAAC;IAC/E,CAAC,MACI;MACDhB,QAAQ,CAACJ,MAAM,CAAC,CAAC,CAAC;IACtB;EAEJ,CAAC;AACL,CAAC"},"targets":{},"cloneInputAst":true,"browserslistConfigFile":false,"passPerPreset":false,"envName":"development","cwd":"/home/ani/Mergerware_assignment/Mererware_meteor/Mergerware_loanify","root":"/home/ani/Mergerware_assignment/Mererware_meteor/Mergerware_loanify","rootMode":"root","plugins":[{"key":"base$0","visitor":{"_exploded":true,"_verified":true},"options":{},"externalDependencies":[]},{"key":"base$0$0","visitor":{"Program":{"enter":[null],"exit":[null]},"_exploded":true,"_verified":true},"options":{"avoidModernSyntax":true,"enforceStrictMode":false,"dynamicImport":true},"externalDependencies":[]},{"key":"transform-runtime","visitor":{"MemberExpression":{"enter":[null]},"ObjectPattern":{"enter":[null]},"BinaryExpression":{"enter":[null]},"Identifier":{"enter":[null]},"JSXIdentifier":{"enter":[null]},"_exploded":true,"_verified":true},"options":{"version":"7.17.2","helpers":true,"useESModules":false,"corejs":false},"externalDependencies":[]},{"key":"proposal-class-properties","visitor":{"ExportDefaultDeclaration":{"enter":[null]},"_exploded":true,"_verified":true,"ClassExpression":{"enter":[null]},"ClassDeclaration":{"enter":[null]}},"options":{"loose":true},"externalDependencies":[]},{"key":"base$0$3","visitor":{"FunctionExpression":{"exit":[null]},"_exploded":true,"_verified":true},"options":{},"externalDependencies":[]},{"key":"base$0$4","visitor":{"ForInStatement":{"enter":[null]},"_exploded":true,"_verified":true},"options":{},"externalDependencies":[]},{"key":"transform-react-jsx","visitor":{"JSXNamespacedName":{"enter":[null]},"JSXSpreadChild":{"enter":[null]},"Program":{"enter":[null]},"JSXFragment":{"exit":[null]},"JSXElement":{"exit":[null]},"JSXAttribute":{"enter":[null]},"_exploded":true,"_verified":true},"options":{"pragma":"React.createElement","pragmaFrag":"React.Fragment","runtime":"classic","throwIfNamespace":true,"useBuiltIns":false},"externalDependencies":[]},{"key":"transform-react-display-name","visitor":{"ExportDefaultDeclaration":{"enter":[null]},"CallExpression":{"enter":[null]},"_exploded":true,"_verified":true},"options":{},"externalDependencies":[]},{"key":"transform-react-pure-annotations","visitor":{"CallExpression":{"enter":[null]},"_exploded":true,"_verified":true},"options":{},"externalDependencies":[]},{"key":"syntax-nullish-coalescing-operator","visitor":{"_exploded":true,"_verified":true},"options":{},"externalDependencies":[]},{"key":"proposal-nullish-coalescing-operator","visitor":{"LogicalExpression":{"enter":[null]},"_exploded":true,"_verified":true},"options":{},"externalDependencies":[]},{"key":"syntax-optional-chaining","visitor":{"_exploded":true,"_verified":true},"options":{},"externalDependencies":[]},{"key":"proposal-optional-chaining","visitor":{"OptionalCallExpression":{"enter":[null]},"OptionalMemberExpression":{"enter":[null]},"_exploded":true,"_verified":true},"options":{},"externalDependencies":[]},{"key":"syntax-optional-catch-binding","visitor":{"_exploded":true,"_verified":true},"options":{},"externalDependencies":[]},{"key":"proposal-optional-catch-binding","visitor":{"CatchClause":{"enter":[null]},"_exploded":true,"_verified":true},"options":{},"externalDependencies":[]},{"key":"syntax-class-properties","visitor":{"_exploded":true,"_verified":true},"options":{},"externalDependencies":[]},{"key":"proposal-class-properties","visitor":{"ExportDefaultDeclaration":{"enter":[null]},"_exploded":true,"_verified":true,"ClassExpression":{"enter":[null]},"ClassDeclaration":{"enter":[null]}},"options":{},"externalDependencies":[]},{"key":"syntax-async-generators","visitor":{"_exploded":true,"_verified":true},"options":{},"externalDependencies":[]},{"key":"proposal-async-generator-functions","visitor":{"Program":{"enter":[null]},"_exploded":true,"_verified":true},"options":{},"externalDependencies":[]},{"key":"syntax-object-rest-spread","visitor":{"_exploded":true,"_verified":true},"options":{},"externalDependencies":[]},{"key":"proposal-object-rest-spread","visitor":{"VariableDeclarator":{"enter":[null]},"ExportNamedDeclaration":{"enter":[null]},"CatchClause":{"enter":[null]},"AssignmentExpression":{"enter":[null]},"ArrayPattern":{"enter":[null]},"ObjectExpression":{"enter":[null]},"FunctionDeclaration":{"enter":[null]},"FunctionExpression":{"enter":[null]},"ObjectMethod":{"enter":[null]},"ArrowFunctionExpression":{"enter":[null]},"ClassMethod":{"enter":[null]},"ClassPrivateMethod":{"enter":[null]},"ForInStatement":{"enter":[null]},"ForOfStatement":{"enter":[null]},"_exploded":true,"_verified":true},"options":{},"externalDependencies":[]},{"key":"proposal-logical-assignment-operators","visitor":{"AssignmentExpression":{"enter":[null]},"_exploded":true,"_verified":true},"options":{},"externalDependencies":[]},{"key":"transform-arrow-functions","visitor":{"ArrowFunctionExpression":{"enter":[null]},"_exploded":true,"_verified":true},"options":{},"externalDependencies":[]},{"key":"transform-block-scoped-functions","visitor":{"BlockStatement":{"enter":[null]},"SwitchCase":{"enter":[null]},"_exploded":true,"_verified":true},"options":{},"externalDependencies":[]},{"key":"transform-block-scoping","visitor":{"VariableDeclaration":{"enter":[null,null]},"BlockStatement":{"enter":[null]},"SwitchCase":{"enter":[null]},"ClassDeclaration":{"enter":[null]},"DoWhileStatement":{"enter":[null]},"ForInStatement":{"enter":[null]},"ForStatement":{"enter":[null]},"WhileStatement":{"enter":[null]},"ForOfStatement":{"enter":[null]},"_exploded":true,"_verified":true},"options":{},"externalDependencies":[]},{"key":"transform-classes","visitor":{"ExportDefaultDeclaration":{"enter":[null]},"ClassDeclaration":{"enter":[null]},"ClassExpression":{"enter":[null]},"_exploded":true,"_verified":true},"options":{"loose":true},"externalDependencies":[]},{"key":"transform-computed-properties","visitor":{"ObjectExpression":{"exit":[null]},"_exploded":true,"_verified":true},"options":{"loose":true},"externalDependencies":[]},{"key":"transform-destructuring","visitor":{"ExportNamedDeclaration":{"enter":[null]},"CatchClause":{"enter":[null]},"AssignmentExpression":{"enter":[null]},"VariableDeclaration":{"enter":[null]},"_exploded":true,"_verified":true,"ForInStatement":{"enter":[null]},"ForOfStatement":{"enter":[null]}},"options":{},"externalDependencies":[]},{"key":"transform-for-of","visitor":{"ForOfStatement":{"enter":[null]},"_exploded":true,"_verified":true},"options":{"loose":true},"externalDependencies":[]},{"key":"transform-literals","visitor":{"NumericLiteral":{"enter":[null]},"StringLiteral":{"enter":[null]},"_exploded":true,"_verified":true},"options":{},"externalDependencies":[]},{"key":"transform-object-super","visitor":{"ObjectExpression":{"enter":[null]},"_exploded":true,"_verified":true,"DoWhileStatement":{"exit":[null]},"ForInStatement":{"exit":[null]},"ForStatement":{"exit":[null]},"WhileStatement":{"exit":[null]},"ForOfStatement":{"exit":[null]}},"options":{},"externalDependencies":[]},{"key":"transform-parameters","visitor":{"_exploded":true,"_verified":true,"FunctionDeclaration":{"enter":[null]},"FunctionExpression":{"enter":[null]},"ObjectMethod":{"enter":[null]},"ArrowFunctionExpression":{"enter":[null]},"ClassMethod":{"enter":[null]},"ClassPrivateMethod":{"enter":[null]}},"options":{},"externalDependencies":[]},{"key":"transform-shorthand-properties","visitor":{"ObjectMethod":{"enter":[null]},"ObjectProperty":{"enter":[null]},"_exploded":true,"_verified":true},"options":{},"externalDependencies":[]},{"key":"transform-spread","visitor":{"ArrayExpression":{"enter":[null]},"CallExpression":{"enter":[null]},"NewExpression":{"enter":[null]},"_exploded":true,"_verified":true},"options":{},"externalDependencies":[]},{"key":"transform-sticky-regex","visitor":{"RegExpLiteral":{"enter":[null]},"_exploded":true,"_verified":true},"options":{},"externalDependencies":[]},{"key":"transform-template-literals","visitor":{"TaggedTemplateExpression":{"enter":[null]},"TemplateLiteral":{"enter":[null]},"_exploded":true,"_verified":true},"options":{"loose":true},"externalDependencies":[]},{"key":"transform-typeof-symbol","visitor":{"UnaryExpression":{"enter":[null]},"_exploded":true,"_verified":true,"BlockStatement":{"enter":[null]},"CatchClause":{"enter":[null]},"DoWhileStatement":{"enter":[null]},"ForInStatement":{"enter":[null]},"ForStatement":{"enter":[null]},"FunctionDeclaration":{"enter":[null]},"FunctionExpression":{"enter":[null]},"Program":{"enter":[null]},"ObjectMethod":{"enter":[null]},"SwitchStatement":{"enter":[null]},"WhileStatement":{"enter":[null]},"ArrowFunctionExpression":{"enter":[null]},"ClassExpression":{"enter":[null]},"ClassDeclaration":{"enter":[null]},"ForOfStatement":{"enter":[null]},"ClassMethod":{"enter":[null]},"ClassPrivateMethod":{"enter":[null]},"StaticBlock":{"enter":[null]},"TSModuleBlock":{"enter":[null]},"AssignmentPattern":{"enter":[null]},"ArrayPattern":{"enter":[null]},"ObjectPattern":{"enter":[null]}},"options":{},"externalDependencies":[]},{"key":"transform-unicode-regex","visitor":{"RegExpLiteral":{"enter":[null]},"_exploded":true,"_verified":true},"options":{},"externalDependencies":[]},{"key":"transform-property-literals","visitor":{"ObjectProperty":{"exit":[null]},"_exploded":true,"_verified":true},"options":{},"externalDependencies":[]},{"key":"transform-exponentiation-operator","visitor":{"AssignmentExpression":{"enter":[null]},"BinaryExpression":{"enter":[null]},"_exploded":true,"_verified":true},"options":{},"externalDependencies":[]},{"key":"transform-regenerator","visitor":{"ObjectMethod":{"enter":[null],"exit":[null]},"ClassMethod":{"enter":[null],"exit":[null]},"ClassPrivateMethod":{"enter":[null],"exit":[null]},"FunctionDeclaration":{"exit":[null]},"FunctionExpression":{"exit":[null]},"ArrowFunctionExpression":{"exit":[null]},"MemberExpression":{"enter":[null]},"_exploded":true,"_verified":true},"options":{},"externalDependencies":[]}],"presets":[],"generatorOpts":{"filename":"/home/ani/Mergerware_assignment/Mererware_meteor/Mergerware_loanify/imports/ui/store/actions/auth.js","comments":true,"compact":false,"sourceMaps":true,"sourceFileName":"imports/ui/store/actions/auth.js","inputSourceMap":{"version":3,"names":["actionTypes","axios","authStart","type","AUTH_START","authSuccess","accessToken","refreshToken","expiresIn","expiresInSeconds","userRoleAdmin","userRoleModerator","userRoleStandard","AUTH_SUCCESS","access_token","refresh_token","expires_in","expires_in_seconds","user_role_admin","user_role_moderator","user_role_standard","authFail","error","AUTH_FAIL","logout","AUTH_LOGOUT","checkAuthTimeout","expirationTime","dispatch","setTimeout","login","email","password","authData","grant_type","client_id","client_secret","username","scope","url","post","then","response","Date","getTime","data","console","log","catch","err","setAuthRedirectPath","path","SET_AUTH_REDIRECT_PATH","authCheckState"],"sources":["imports/ui/store/actions/auth.js"],"sourcesContent":["import * as actionTypes from './actionTypes';\nimport axios from 'axios';\n\nexport const authStart = () => {\n    return {\n        type: actionTypes.AUTH_START\n    };\n};\n\nexport const authSuccess = (accessToken, refreshToken, expiresIn, expiresInSeconds,\n                            userRoleAdmin, userRoleModerator, userRoleStandard) => {\n    return {\n        type: actionTypes.AUTH_SUCCESS,\n        access_token: accessToken,\n        refresh_token: refreshToken,\n        expires_in: expiresIn,\n        expires_in_seconds: expiresInSeconds,\n        user_role_admin: userRoleAdmin,\n        user_role_moderator: userRoleModerator,\n        user_role_standard: userRoleStandard\n    };\n};\n\nexport const authFail = (error) => {\n    return {\n        type: actionTypes.AUTH_FAIL,\n        error: error\n    };\n};\nexport const logout = () => {\n    return {\n        type: actionTypes.AUTH_LOGOUT\n    };\n};\nexport const checkAuthTimeout = (expirationTime) => {\n    return dispatch => {\n        setTimeout(() => {\n            dispatch(logout());\n        }, expirationTime);\n    };\n};\n\nexport const login = (email, password) => {\n    return dispatch => {\n        dispatch(authStart());\n        const authData = {\n            grant_type: 'password',\n            client_id: 2,\n            client_secret: \"I1dRMtEcJrJPyeW0VAgI9FtsQyz0sWgukHTTj8I9\",\n            username: email,\n            password: password,\n            scope: '*'\n        };\n\n        let url = 'http://fina.mv/oauth/token';\n\n        axios.post(url,\n            authData)\n            .then(response => {\n                let expires_in_seconds = (new Date().getTime())/1000 + response.data.expires_in;\n                console.log(\"sdsdsdsdsd\",response.data);\n                dispatch(authSuccess(response.data.access_token,\n                                     response.data.refresh_token,\n                                     response.data.expires_in,\n                                     expires_in_seconds,\n                                     response.data.user_role_admin,\n                                     response.data.user_role_moderator,\n                                     response.data.user_role_standard\n                                    ));\n                dispatch(checkAuthTimeout(response.data.expires_in));\n            })\n            .catch(err => {\n                console.log(\"err\",err);\n                //dispatch(authFail(err.response.data.error))\n                dispatch(authFail(\"Error logging in\"));\n            });\n    };\n};\n\nexport const setAuthRedirectPath = (path) => {\n    return {\n        type: actionTypes.SET_AUTH_REDIRECT_PATH,\n        path: path\n    };\n};\n\nexport const authCheckState = (accessToken, refreshToken, expiresIn, expiresInSeconds,\n                               userRoleAdmin, userRoleModerator, userRoleStandard) => {\n    return dispatch => {\n        if (!accessToken) {\n            dispatch(logout());\n        }\n\n        if (expiresInSeconds > (new Date().getTime())/1000  ) {\n            dispatch(authSuccess(accessToken, refreshToken, expiresIn, expiresInSeconds,\n                                 userRoleAdmin, userRoleModerator, userRoleStandard));\n            dispatch(checkAuthTimeout(expiresInSeconds - (new Date().getTime()/1000) ));\n        }\n        else {\n            dispatch(logout());\n        }\n\n    };\n};\n"],"mappings":";AAAA,OAAO,KAAKA,WAAW,MAAM,eAAe;AAC5C,OAAOC,KAAK,MAAM,OAAO;AAEzB,OAAO,MAAMC,SAAS,GAAGA,CAAA,KAAM;EAC3B,OAAO;IACHC,IAAI,EAAEH,WAAW,CAACI;EACtB,CAAC;AACL,CAAC;AAED,OAAO,MAAMC,WAAW,GAAGA,CAACC,WAAW,EAAEC,YAAY,EAAEC,SAAS,EAAEC,gBAAgB,EACtDC,aAAa,EAAEC,iBAAiB,EAAEC,gBAAgB,KAAK;EAC/E,OAAO;IACHT,IAAI,EAAEH,WAAW,CAACa,YAAY;IAC9BC,YAAY,EAAER,WAAW;IACzBS,aAAa,EAAER,YAAY;IAC3BS,UAAU,EAAER,SAAS;IACrBS,kBAAkB,EAAER,gBAAgB;IACpCS,eAAe,EAAER,aAAa;IAC9BS,mBAAmB,EAAER,iBAAiB;IACtCS,kBAAkB,EAAER;EACxB,CAAC;AACL,CAAC;AAED,OAAO,MAAMS,QAAQ,GAAIC,KAAK,IAAK;EAC/B,OAAO;IACHnB,IAAI,EAAEH,WAAW,CAACuB,SAAS;IAC3BD,KAAK,EAAEA;EACX,CAAC;AACL,CAAC;AACD,OAAO,MAAME,MAAM,GAAGA,CAAA,KAAM;EACxB,OAAO;IACHrB,IAAI,EAAEH,WAAW,CAACyB;EACtB,CAAC;AACL,CAAC;AACD,OAAO,MAAMC,gBAAgB,GAAIC,cAAc,IAAK;EAChD,OAAOC,QAAQ,IAAI;IACfC,UAAU,CAAC,MAAM;MACbD,QAAQ,CAACJ,MAAM,CAAC,CAAC,CAAC;IACtB,CAAC,EAAEG,cAAc,CAAC;EACtB,CAAC;AACL,CAAC;AAED,OAAO,MAAMG,KAAK,GAAGA,CAACC,KAAK,EAAEC,QAAQ,KAAK;EACtC,OAAOJ,QAAQ,IAAI;IACfA,QAAQ,CAAC1B,SAAS,CAAC,CAAC,CAAC;IACrB,MAAM+B,QAAQ,GAAG;MACbC,UAAU,EAAE,UAAU;MACtBC,SAAS,EAAE,CAAC;MACZC,aAAa,EAAE,0CAA0C;MACzDC,QAAQ,EAAEN,KAAK;MACfC,QAAQ,EAAEA,QAAQ;MAClBM,KAAK,EAAE;IACX,CAAC;IAED,IAAIC,GAAG,GAAG,4BAA4B;IAEtCtC,KAAK,CAACuC,IAAI,CAACD,GAAG,EACVN,QAAQ,CAAC,CACRQ,IAAI,CAACC,QAAQ,IAAI;MACd,IAAIzB,kBAAkB,GAAI,IAAI0B,IAAI,CAAC,CAAC,CAACC,OAAO,CAAC,CAAC,GAAE,IAAI,GAAGF,QAAQ,CAACG,IAAI,CAAC7B,UAAU;MAC/E8B,OAAO,CAACC,GAAG,CAAC,YAAY,EAACL,QAAQ,CAACG,IAAI,CAAC;MACvCjB,QAAQ,CAACvB,WAAW,CAACqC,QAAQ,CAACG,IAAI,CAAC/B,YAAY,EAC1B4B,QAAQ,CAACG,IAAI,CAAC9B,aAAa,EAC3B2B,QAAQ,CAACG,IAAI,CAAC7B,UAAU,EACxBC,kBAAkB,EAClByB,QAAQ,CAACG,IAAI,CAAC3B,eAAe,EAC7BwB,QAAQ,CAACG,IAAI,CAAC1B,mBAAmB,EACjCuB,QAAQ,CAACG,IAAI,CAACzB,kBACf,CAAC,CAAC;MACtBQ,QAAQ,CAACF,gBAAgB,CAACgB,QAAQ,CAACG,IAAI,CAAC7B,UAAU,CAAC,CAAC;IACxD,CAAC,CAAC,CACDgC,KAAK,CAACC,GAAG,IAAI;MACVH,OAAO,CAACC,GAAG,CAAC,KAAK,EAACE,GAAG,CAAC;MACtB;MACArB,QAAQ,CAACP,QAAQ,CAAC,kBAAkB,CAAC,CAAC;IAC1C,CAAC,CAAC;EACV,CAAC;AACL,CAAC;AAED,OAAO,MAAM6B,mBAAmB,GAAIC,IAAI,IAAK;EACzC,OAAO;IACHhD,IAAI,EAAEH,WAAW,CAACoD,sBAAsB;IACxCD,IAAI,EAAEA;EACV,CAAC;AACL,CAAC;AAED,OAAO,MAAME,cAAc,GAAGA,CAAC/C,WAAW,EAAEC,YAAY,EAAEC,SAAS,EAAEC,gBAAgB,EACtDC,aAAa,EAAEC,iBAAiB,EAAEC,gBAAgB,KAAK;EAClF,OAAOgB,QAAQ,IAAI;IACf,IAAI,CAACtB,WAAW,EAAE;MACdsB,QAAQ,CAACJ,MAAM,CAAC,CAAC,CAAC;IACtB;IAEA,IAAIf,gBAAgB,GAAI,IAAIkC,IAAI,CAAC,CAAC,CAACC,OAAO,CAAC,CAAC,GAAE,IAAI,EAAI;MAClDhB,QAAQ,CAACvB,WAAW,CAACC,WAAW,EAAEC,YAAY,EAAEC,SAAS,EAAEC,gBAAgB,EACtDC,aAAa,EAAEC,iBAAiB,EAAEC,gBAAgB,CAAC,CAAC;MACzEgB,QAAQ,CAACF,gBAAgB,CAACjB,gBAAgB,GAAI,IAAIkC,IAAI,CAAC,CAAC,CAACC,OAAO,CAAC,CAAC,GAAC,IAAM,CAAC,CAAC;IAC/E,CAAC,MACI;MACDhB,QAAQ,CAACJ,MAAM,CAAC,CAAC,CAAC;IACtB;EAEJ,CAAC;AACL,CAAC"}}},"code":"!function (module1) {\n  module1.export({\n    authStart: function () {\n      return authStart;\n    },\n    authSuccess: function () {\n      return authSuccess;\n    },\n    authFail: function () {\n      return authFail;\n    },\n    logout: function () {\n      return logout;\n    },\n    checkAuthTimeout: function () {\n      return checkAuthTimeout;\n    },\n    login: function () {\n      return login;\n    },\n    setAuthRedirectPath: function () {\n      return setAuthRedirectPath;\n    },\n    authCheckState: function () {\n      return authCheckState;\n    }\n  });\n  var actionTypes;\n  module1.link(\"./actionTypes\", {\n    \"*\": function (v) {\n      actionTypes = v;\n    }\n  }, 0);\n  var axios;\n  module1.link(\"axios\", {\n    \"default\": function (v) {\n      axios = v;\n    }\n  }, 1);\n  ___INIT_METEOR_FAST_REFRESH(module);\n  var authStart = function () {\n    return {\n      type: actionTypes.AUTH_START\n    };\n  };\n  var authSuccess = function (accessToken, refreshToken, expiresIn, expiresInSeconds, userRoleAdmin, userRoleModerator, userRoleStandard) {\n    return {\n      type: actionTypes.AUTH_SUCCESS,\n      access_token: accessToken,\n      refresh_token: refreshToken,\n      expires_in: expiresIn,\n      expires_in_seconds: expiresInSeconds,\n      user_role_admin: userRoleAdmin,\n      user_role_moderator: userRoleModerator,\n      user_role_standard: userRoleStandard\n    };\n  };\n  var authFail = function (error) {\n    return {\n      type: actionTypes.AUTH_FAIL,\n      error: error\n    };\n  };\n  var logout = function () {\n    return {\n      type: actionTypes.AUTH_LOGOUT\n    };\n  };\n  var checkAuthTimeout = function (expirationTime) {\n    return function (dispatch) {\n      setTimeout(function () {\n        dispatch(logout());\n      }, expirationTime);\n    };\n  };\n  var login = function (email, password) {\n    return function (dispatch) {\n      dispatch(authStart());\n      var authData = {\n        grant_type: 'password',\n        client_id: 2,\n        client_secret: \"I1dRMtEcJrJPyeW0VAgI9FtsQyz0sWgukHTTj8I9\",\n        username: email,\n        password: password,\n        scope: '*'\n      };\n      var url = 'http://fina.mv/oauth/token';\n      axios.post(url, authData).then(function (response) {\n        var expires_in_seconds = new Date().getTime() / 1000 + response.data.expires_in;\n        console.log(\"sdsdsdsdsd\", response.data);\n        dispatch(authSuccess(response.data.access_token, response.data.refresh_token, response.data.expires_in, expires_in_seconds, response.data.user_role_admin, response.data.user_role_moderator, response.data.user_role_standard));\n        dispatch(checkAuthTimeout(response.data.expires_in));\n      }).catch(function (err) {\n        console.log(\"err\", err);\n        //dispatch(authFail(err.response.data.error))\n        dispatch(authFail(\"Error logging in\"));\n      });\n    };\n  };\n  var setAuthRedirectPath = function (path) {\n    return {\n      type: actionTypes.SET_AUTH_REDIRECT_PATH,\n      path: path\n    };\n  };\n  var authCheckState = function (accessToken, refreshToken, expiresIn, expiresInSeconds, userRoleAdmin, userRoleModerator, userRoleStandard) {\n    return function (dispatch) {\n      if (!accessToken) {\n        dispatch(logout());\n      }\n      if (expiresInSeconds > new Date().getTime() / 1000) {\n        dispatch(authSuccess(accessToken, refreshToken, expiresIn, expiresInSeconds, userRoleAdmin, userRoleModerator, userRoleStandard));\n        dispatch(checkAuthTimeout(expiresInSeconds - new Date().getTime() / 1000));\n      } else {\n        dispatch(logout());\n      }\n    };\n  };\n}.call(this, module);","map":{"version":3,"names":["authStart","type","actionTypes","AUTH_START","authSuccess","accessToken","refreshToken","expiresIn","expiresInSeconds","userRoleAdmin","userRoleModerator","userRoleStandard","AUTH_SUCCESS","access_token","refresh_token","expires_in","expires_in_seconds","user_role_admin","user_role_moderator","user_role_standard","authFail","error","AUTH_FAIL","logout","AUTH_LOGOUT","checkAuthTimeout","expirationTime","dispatch","setTimeout","login","email","password","authData","grant_type","client_id","client_secret","username","scope","url","axios","post","then","response","Date","getTime","data","console","log","catch","err","setAuthRedirectPath","path","SET_AUTH_REDIRECT_PATH","authCheckState","call","module"],"sources":["imports/ui/store/actions/auth.js"],"sourcesContent":["import * as actionTypes from './actionTypes';\nimport axios from 'axios';\n\nexport const authStart = () => {\n    return {\n        type: actionTypes.AUTH_START\n    };\n};\n\nexport const authSuccess = (accessToken, refreshToken, expiresIn, expiresInSeconds,\n                            userRoleAdmin, userRoleModerator, userRoleStandard) => {\n    return {\n        type: actionTypes.AUTH_SUCCESS,\n        access_token: accessToken,\n        refresh_token: refreshToken,\n        expires_in: expiresIn,\n        expires_in_seconds: expiresInSeconds,\n        user_role_admin: userRoleAdmin,\n        user_role_moderator: userRoleModerator,\n        user_role_standard: userRoleStandard\n    };\n};\n\nexport const authFail = (error) => {\n    return {\n        type: actionTypes.AUTH_FAIL,\n        error: error\n    };\n};\nexport const logout = () => {\n    return {\n        type: actionTypes.AUTH_LOGOUT\n    };\n};\nexport const checkAuthTimeout = (expirationTime) => {\n    return dispatch => {\n        setTimeout(() => {\n            dispatch(logout());\n        }, expirationTime);\n    };\n};\n\nexport const login = (email, password) => {\n    return dispatch => {\n        dispatch(authStart());\n        const authData = {\n            grant_type: 'password',\n            client_id: 2,\n            client_secret: \"I1dRMtEcJrJPyeW0VAgI9FtsQyz0sWgukHTTj8I9\",\n            username: email,\n            password: password,\n            scope: '*'\n        };\n\n        let url = 'http://fina.mv/oauth/token';\n\n        axios.post(url,\n            authData)\n            .then(response => {\n                let expires_in_seconds = (new Date().getTime())/1000 + response.data.expires_in;\n                console.log(\"sdsdsdsdsd\",response.data);\n                dispatch(authSuccess(response.data.access_token,\n                                     response.data.refresh_token,\n                                     response.data.expires_in,\n                                     expires_in_seconds,\n                                     response.data.user_role_admin,\n                                     response.data.user_role_moderator,\n                                     response.data.user_role_standard\n                                    ));\n                dispatch(checkAuthTimeout(response.data.expires_in));\n            })\n            .catch(err => {\n                console.log(\"err\",err);\n                //dispatch(authFail(err.response.data.error))\n                dispatch(authFail(\"Error logging in\"));\n            });\n    };\n};\n\nexport const setAuthRedirectPath = (path) => {\n    return {\n        type: actionTypes.SET_AUTH_REDIRECT_PATH,\n        path: path\n    };\n};\n\nexport const authCheckState = (accessToken, refreshToken, expiresIn, expiresInSeconds,\n                               userRoleAdmin, userRoleModerator, userRoleStandard) => {\n    return dispatch => {\n        if (!accessToken) {\n            dispatch(logout());\n        }\n\n        if (expiresInSeconds > (new Date().getTime())/1000  ) {\n            dispatch(authSuccess(accessToken, refreshToken, expiresIn, expiresInSeconds,\n                                 userRoleAdmin, userRoleModerator, userRoleStandard));\n            dispatch(checkAuthTimeout(expiresInSeconds - (new Date().getTime()/1000) ));\n        }\n        else {\n            dispatch(logout());\n        }\n\n    };\n};\n"],"mappings":";;;;;;;;;;;;;;;;;;;;;;;;;;;;;;;;;;;;;;;;EAGO,IAAMA,SAAS,GAAG,SAAAA,CAAA,EAAM;IAC3B,OAAO;MACHC,IAAI,EAAEC,WAAW,CAACC;IACtB,CAAC;EACL,CAAC;EAEM,IAAMC,WAAW,GAAG,SAAAA,CAACC,WAAW,EAAEC,YAAY,EAAEC,SAAS,EAAEC,gBAAgB,EACtDC,aAAa,EAAEC,iBAAiB,EAAEC,gBAAgB,EAAK;IAC/E,OAAO;MACHV,IAAI,EAAEC,WAAW,CAACU,YAAY;MAC9BC,YAAY,EAAER,WAAW;MACzBS,aAAa,EAAER,YAAY;MAC3BS,UAAU,EAAER,SAAS;MACrBS,kBAAkB,EAAER,gBAAgB;MACpCS,eAAe,EAAER,aAAa;MAC9BS,mBAAmB,EAAER,iBAAiB;MACtCS,kBAAkB,EAAER;IACxB,CAAC;EACL,CAAC;EAEM,IAAMS,QAAQ,GAAI,SAAAA,CAAAC,KAAK,EAAK;IAC/B,OAAO;MACHpB,IAAI,EAAEC,WAAW,CAACoB,SAAS;MAC3BD,KAAK,EAAEA;IACX,CAAC;EACL,CAAC;EACM,IAAME,MAAM,GAAG,SAAAA,CAAA,EAAM;IACxB,OAAO;MACHtB,IAAI,EAAEC,WAAW,CAACsB;IACtB,CAAC;EACL,CAAC;EACM,IAAMC,gBAAgB,GAAI,SAAAA,CAAAC,cAAc,EAAK;IAChD,OAAO,UAAAC,QAAQ,EAAI;MACfC,UAAU,CAAC,YAAM;QACbD,QAAQ,CAACJ,MAAM,CAAC,CAAC,CAAC;MACtB,CAAC,EAAEG,cAAc,CAAC;IACtB,CAAC;EACL,CAAC;EAEM,IAAMG,KAAK,GAAG,SAAAA,CAACC,KAAK,EAAEC,QAAQ,EAAK;IACtC,OAAO,UAAAJ,QAAQ,EAAI;MACfA,QAAQ,CAAC3B,SAAS,CAAC,CAAC,CAAC;MACrB,IAAMgC,QAAQ,GAAG;QACbC,UAAU,EAAE,UAAU;QACtBC,SAAS,EAAE,CAAC;QACZC,aAAa,EAAE,0CAA0C;QACzDC,QAAQ,EAAEN,KAAK;QACfC,QAAQ,EAAEA,QAAQ;QAClBM,KAAK,EAAE;MACX,CAAC;MAED,IAAIC,GAAG,GAAG,4BAA4B;MAEtCC,KAAK,CAACC,IAAI,CAACF,GAAG,EACVN,QAAQ,CAAC,CACRS,IAAI,CAAC,UAAAC,QAAQ,EAAI;QACd,IAAI1B,kBAAkB,GAAI,IAAI2B,IAAI,CAAC,CAAC,CAACC,OAAO,CAAC,CAAC,GAAE,IAAI,GAAGF,QAAQ,CAACG,IAAI,CAAC9B,UAAU;QAC/E+B,OAAO,CAACC,GAAG,CAAC,YAAY,EAACL,QAAQ,CAACG,IAAI,CAAC;QACvClB,QAAQ,CAACvB,WAAW,CAACsC,QAAQ,CAACG,IAAI,CAAChC,YAAY,EAC1B6B,QAAQ,CAACG,IAAI,CAAC/B,aAAa,EAC3B4B,QAAQ,CAACG,IAAI,CAAC9B,UAAU,EACxBC,kBAAkB,EAClB0B,QAAQ,CAACG,IAAI,CAAC5B,eAAe,EAC7ByB,QAAQ,CAACG,IAAI,CAAC3B,mBAAmB,EACjCwB,QAAQ,CAACG,IAAI,CAAC1B,kBACf,CAAC,CAAC;QACtBQ,QAAQ,CAACF,gBAAgB,CAACiB,QAAQ,CAACG,IAAI,CAAC9B,UAAU,CAAC,CAAC;MACxD,CAAC,CAAC,CACDiC,KAAK,CAAC,UAAAC,GAAG,EAAI;QACVH,OAAO,CAACC,GAAG,CAAC,KAAK,EAACE,GAAG,CAAC;QACtB;QACAtB,QAAQ,CAACP,QAAQ,CAAC,kBAAkB,CAAC,CAAC;MAC1C,CAAC,CAAC;IACV,CAAC;EACL,CAAC;EAEM,IAAM8B,mBAAmB,GAAI,SAAAA,CAAAC,IAAI,EAAK;IACzC,OAAO;MACHlD,IAAI,EAAEC,WAAW,CAACkD,sBAAsB;MACxCD,IAAI,EAAEA;IACV,CAAC;EACL,CAAC;EAEM,IAAME,cAAc,GAAG,SAAAA,CAAChD,WAAW,EAAEC,YAAY,EAAEC,SAAS,EAAEC,gBAAgB,EACtDC,aAAa,EAAEC,iBAAiB,EAAEC,gBAAgB,EAAK;IAClF,OAAO,UAAAgB,QAAQ,EAAI;MACf,IAAI,CAACtB,WAAW,EAAE;QACdsB,QAAQ,CAACJ,MAAM,CAAC,CAAC,CAAC;MACtB;MAEA,IAAIf,gBAAgB,GAAI,IAAImC,IAAI,CAAC,CAAC,CAACC,OAAO,CAAC,CAAC,GAAE,IAAI,EAAI;QAClDjB,QAAQ,CAACvB,WAAW,CAACC,WAAW,EAAEC,YAAY,EAAEC,SAAS,EAAEC,gBAAgB,EACtDC,aAAa,EAAEC,iBAAiB,EAAEC,gBAAgB,CAAC,CAAC;QACzEgB,QAAQ,CAACF,gBAAgB,CAACjB,gBAAgB,GAAI,IAAImC,IAAI,CAAC,CAAC,CAACC,OAAO,CAAC,CAAC,GAAC,IAAM,CAAC,CAAC;MAC/E,CAAC,MACI;QACDjB,QAAQ,CAACJ,MAAM,CAAC,CAAC,CAAC;MACtB;IAEJ,CAAC;EACL,CAAC;AAAA,EAAA+B,IAAA,OAAAC,MAAA"},"sourceType":"module","externalDependencies":{},"hash":"6f7b43a522aedcd06499147952cc7616d7b1965f"}
