{"metadata":{},"options":{"assumptions":{},"compact":false,"sourceMaps":true,"ast":true,"babelrc":false,"configFile":false,"parserOpts":{"sourceType":"module","sourceFileName":"/home/ani/Mergerware_assignment/Mererware_meteor/Mergerware_loanify/imports/ui/store/actions/accountStatementReport.js","plugins":["*","flow","jsx","asyncGenerators","bigInt","classPrivateMethods","classPrivateProperties","classProperties","doExpressions","dynamicImport","exportDefaultFrom","exportExtensions","exportNamespaceFrom","functionBind","functionSent","importMeta","nullishCoalescingOperator","numericSeparator","objectRestSpread","optionalCatchBinding","optionalChaining",["pipelineOperator",{"proposal":"minimal"}],"throwExpressions","classProperties","classPrivateProperties","jsx","nullishCoalescingOperator","nullishCoalescingOperator","optionalChaining","optionalChaining","optionalCatchBinding","optionalCatchBinding","classProperties","classPrivateProperties","classPrivateMethods","classProperties","classPrivateProperties","asyncGenerators","asyncGenerators","objectRestSpread","objectRestSpread","logicalAssignment"],"allowImportExportEverywhere":true,"allowReturnOutsideFunction":true,"allowUndeclaredExports":true,"strictMode":false},"caller":{"name":"meteor","arch":"web.browser.legacy"},"sourceFileName":"imports/ui/store/actions/accountStatementReport.js","filename":"/home/ani/Mergerware_assignment/Mererware_meteor/Mergerware_loanify/imports/ui/store/actions/accountStatementReport.js","inputSourceMap":{"version":3,"names":["actionTypes","axios","accountStatementReportStart","type","ACCOUNT_STATEMENT_REPORT_START","accountStatementReportSuccess","accountStatementReport","ACCOUNT_STATEMENT_REPORT_SUCCESS","accountStatementReportFail","errors","console","log","ACCOUNT_STATEMENT_REPORT_FAIL","accountStatementReportErrors","initAccountStatementReport","accountId","token","dispatch","url","get","then","response","data","catch","err","validationMessages","validationObj","combinedErrors","uniqueErrors","Object","keys","forEach","key","val","push","Set"],"sources":["imports/ui/store/actions/accountStatementReport.js"],"sourcesContent":["import * as actionTypes from './actionTypes';\nimport axios from 'axios';\n\nexport const accountStatementReportStart = () => {\n    return {\n        type: actionTypes.ACCOUNT_STATEMENT_REPORT_START\n    };\n};\n\nexport const accountStatementReportSuccess = (accountStatementReport) => {\n    return {\n        type: actionTypes.ACCOUNT_STATEMENT_REPORT_SUCCESS,\n        accountStatementReport: accountStatementReport\n    };\n};\n\nexport const accountStatementReportFail = (errors) => {\n    console.log('accountStatementReportFail:', errors);\n    return {\n        type: actionTypes.ACCOUNT_STATEMENT_REPORT_FAIL,\n        accountStatementReportErrors: errors\n    };\n};\n\nexport const initAccountStatementReport = (accountId, token) => {\n    return dispatch => {\n        dispatch(accountStatementReportStart());\n        let url = 'http://fina.mv/api/account-statement/' + accountId;\n\n        axios.get(url)\n            .then(response => {\n                dispatch(accountStatementReportSuccess(response.data[\"account_statement\"]));\n            })\n            .catch(err => {\n                if (\n                    err &&\n                        err.response &&\n                        err.response.data &&\n                        err.response.data.validationMessages &&\n                        (typeof err.response.data.validationMessages === 'object')\n                ) {\n                    let validationObj = err.response.data.validationMessages;\n                    let combinedErrors = [];\n                    let uniqueErrors = [];\n                    Object.keys(validationObj).forEach((key) => {\n                        validationObj[key].forEach((val) => {\n                            combinedErrors.push(val);\n                        });\n                    });\n                    uniqueErrors = [...new Set(combinedErrors)];\n                    dispatch(accountStatementReportFail(uniqueErrors));\n                }\n                else {\n                    dispatch(accountStatementReportFail(\"error\"));\n                }\n            });\n    };\n\n};\n"],"mappings":";AAAA,OAAO,KAAKA,WAAW,MAAM,eAAe;AAC5C,OAAOC,KAAK,MAAM,OAAO;AAEzB,OAAO,MAAMC,2BAA2B,GAAGA,CAAA,KAAM;EAC7C,OAAO;IACHC,IAAI,EAAEH,WAAW,CAACI;EACtB,CAAC;AACL,CAAC;AAED,OAAO,MAAMC,6BAA6B,GAAIC,sBAAsB,IAAK;EACrE,OAAO;IACHH,IAAI,EAAEH,WAAW,CAACO,gCAAgC;IAClDD,sBAAsB,EAAEA;EAC5B,CAAC;AACL,CAAC;AAED,OAAO,MAAME,0BAA0B,GAAIC,MAAM,IAAK;EAClDC,OAAO,CAACC,GAAG,CAAC,6BAA6B,EAAEF,MAAM,CAAC;EAClD,OAAO;IACHN,IAAI,EAAEH,WAAW,CAACY,6BAA6B;IAC/CC,4BAA4B,EAAEJ;EAClC,CAAC;AACL,CAAC;AAED,OAAO,MAAMK,0BAA0B,GAAGA,CAACC,SAAS,EAAEC,KAAK,KAAK;EAC5D,OAAOC,QAAQ,IAAI;IACfA,QAAQ,CAACf,2BAA2B,CAAC,CAAC,CAAC;IACvC,IAAIgB,GAAG,GAAG,uCAAuC,GAAGH,SAAS;IAE7Dd,KAAK,CAACkB,GAAG,CAACD,GAAG,CAAC,CACTE,IAAI,CAACC,QAAQ,IAAI;MACdJ,QAAQ,CAACZ,6BAA6B,CAACgB,QAAQ,CAACC,IAAI,CAAC,mBAAmB,CAAC,CAAC,CAAC;IAC/E,CAAC,CAAC,CACDC,KAAK,CAACC,GAAG,IAAI;MACV,IACIA,GAAG,IACCA,GAAG,CAACH,QAAQ,IACZG,GAAG,CAACH,QAAQ,CAACC,IAAI,IACjBE,GAAG,CAACH,QAAQ,CAACC,IAAI,CAACG,kBAAkB,IACnC,OAAOD,GAAG,CAACH,QAAQ,CAACC,IAAI,CAACG,kBAAkB,KAAK,QAAS,EAChE;QACE,IAAIC,aAAa,GAAGF,GAAG,CAACH,QAAQ,CAACC,IAAI,CAACG,kBAAkB;QACxD,IAAIE,cAAc,GAAG,EAAE;QACvB,IAAIC,YAAY,GAAG,EAAE;QACrBC,MAAM,CAACC,IAAI,CAACJ,aAAa,CAAC,CAACK,OAAO,CAAEC,GAAG,IAAK;UACxCN,aAAa,CAACM,GAAG,CAAC,CAACD,OAAO,CAAEE,GAAG,IAAK;YAChCN,cAAc,CAACO,IAAI,CAACD,GAAG,CAAC;UAC5B,CAAC,CAAC;QACN,CAAC,CAAC;QACFL,YAAY,GAAG,CAAC,GAAG,IAAIO,GAAG,CAACR,cAAc,CAAC,CAAC;QAC3CV,QAAQ,CAACT,0BAA0B,CAACoB,YAAY,CAAC,CAAC;MACtD,CAAC,MACI;QACDX,QAAQ,CAACT,0BAA0B,CAAC,OAAO,CAAC,CAAC;MACjD;IACJ,CAAC,CAAC;EACV,CAAC;AAEL,CAAC"},"targets":{},"cloneInputAst":true,"browserslistConfigFile":false,"passPerPreset":false,"envName":"development","cwd":"/home/ani/Mergerware_assignment/Mererware_meteor/Mergerware_loanify","root":"/home/ani/Mergerware_assignment/Mererware_meteor/Mergerware_loanify","rootMode":"root","plugins":[{"key":"base$0","visitor":{"_exploded":true,"_verified":true},"options":{},"externalDependencies":[]},{"key":"base$0$0","visitor":{"Program":{"enter":[null],"exit":[null]},"_exploded":true,"_verified":true},"options":{"avoidModernSyntax":true,"enforceStrictMode":false,"dynamicImport":true},"externalDependencies":[]},{"key":"transform-runtime","visitor":{"MemberExpression":{"enter":[null]},"ObjectPattern":{"enter":[null]},"BinaryExpression":{"enter":[null]},"Identifier":{"enter":[null]},"JSXIdentifier":{"enter":[null]},"_exploded":true,"_verified":true},"options":{"version":"7.17.2","helpers":true,"useESModules":false,"corejs":false},"externalDependencies":[]},{"key":"proposal-class-properties","visitor":{"ExportDefaultDeclaration":{"enter":[null]},"_exploded":true,"_verified":true,"ClassExpression":{"enter":[null]},"ClassDeclaration":{"enter":[null]}},"options":{"loose":true},"externalDependencies":[]},{"key":"base$0$3","visitor":{"FunctionExpression":{"exit":[null]},"_exploded":true,"_verified":true},"options":{},"externalDependencies":[]},{"key":"base$0$4","visitor":{"ForInStatement":{"enter":[null]},"_exploded":true,"_verified":true},"options":{},"externalDependencies":[]},{"key":"transform-react-jsx","visitor":{"JSXNamespacedName":{"enter":[null]},"JSXSpreadChild":{"enter":[null]},"Program":{"enter":[null]},"JSXFragment":{"exit":[null]},"JSXElement":{"exit":[null]},"JSXAttribute":{"enter":[null]},"_exploded":true,"_verified":true},"options":{"pragma":"React.createElement","pragmaFrag":"React.Fragment","runtime":"classic","throwIfNamespace":true,"useBuiltIns":false},"externalDependencies":[]},{"key":"transform-react-display-name","visitor":{"ExportDefaultDeclaration":{"enter":[null]},"CallExpression":{"enter":[null]},"_exploded":true,"_verified":true},"options":{},"externalDependencies":[]},{"key":"transform-react-pure-annotations","visitor":{"CallExpression":{"enter":[null]},"_exploded":true,"_verified":true},"options":{},"externalDependencies":[]},{"key":"syntax-nullish-coalescing-operator","visitor":{"_exploded":true,"_verified":true},"options":{},"externalDependencies":[]},{"key":"proposal-nullish-coalescing-operator","visitor":{"LogicalExpression":{"enter":[null]},"_exploded":true,"_verified":true},"options":{},"externalDependencies":[]},{"key":"syntax-optional-chaining","visitor":{"_exploded":true,"_verified":true},"options":{},"externalDependencies":[]},{"key":"proposal-optional-chaining","visitor":{"OptionalCallExpression":{"enter":[null]},"OptionalMemberExpression":{"enter":[null]},"_exploded":true,"_verified":true},"options":{},"externalDependencies":[]},{"key":"syntax-optional-catch-binding","visitor":{"_exploded":true,"_verified":true},"options":{},"externalDependencies":[]},{"key":"proposal-optional-catch-binding","visitor":{"CatchClause":{"enter":[null]},"_exploded":true,"_verified":true},"options":{},"externalDependencies":[]},{"key":"syntax-class-properties","visitor":{"_exploded":true,"_verified":true},"options":{},"externalDependencies":[]},{"key":"proposal-class-properties","visitor":{"ExportDefaultDeclaration":{"enter":[null]},"_exploded":true,"_verified":true,"ClassExpression":{"enter":[null]},"ClassDeclaration":{"enter":[null]}},"options":{},"externalDependencies":[]},{"key":"syntax-async-generators","visitor":{"_exploded":true,"_verified":true},"options":{},"externalDependencies":[]},{"key":"proposal-async-generator-functions","visitor":{"Program":{"enter":[null]},"_exploded":true,"_verified":true},"options":{},"externalDependencies":[]},{"key":"syntax-object-rest-spread","visitor":{"_exploded":true,"_verified":true},"options":{},"externalDependencies":[]},{"key":"proposal-object-rest-spread","visitor":{"VariableDeclarator":{"enter":[null]},"ExportNamedDeclaration":{"enter":[null]},"CatchClause":{"enter":[null]},"AssignmentExpression":{"enter":[null]},"ArrayPattern":{"enter":[null]},"ObjectExpression":{"enter":[null]},"FunctionDeclaration":{"enter":[null]},"FunctionExpression":{"enter":[null]},"ObjectMethod":{"enter":[null]},"ArrowFunctionExpression":{"enter":[null]},"ClassMethod":{"enter":[null]},"ClassPrivateMethod":{"enter":[null]},"ForInStatement":{"enter":[null]},"ForOfStatement":{"enter":[null]},"_exploded":true,"_verified":true},"options":{},"externalDependencies":[]},{"key":"proposal-logical-assignment-operators","visitor":{"AssignmentExpression":{"enter":[null]},"_exploded":true,"_verified":true},"options":{},"externalDependencies":[]},{"key":"transform-arrow-functions","visitor":{"ArrowFunctionExpression":{"enter":[null]},"_exploded":true,"_verified":true},"options":{},"externalDependencies":[]},{"key":"transform-block-scoped-functions","visitor":{"BlockStatement":{"enter":[null]},"SwitchCase":{"enter":[null]},"_exploded":true,"_verified":true},"options":{},"externalDependencies":[]},{"key":"transform-block-scoping","visitor":{"VariableDeclaration":{"enter":[null,null]},"BlockStatement":{"enter":[null]},"SwitchCase":{"enter":[null]},"ClassDeclaration":{"enter":[null]},"DoWhileStatement":{"enter":[null]},"ForInStatement":{"enter":[null]},"ForStatement":{"enter":[null]},"WhileStatement":{"enter":[null]},"ForOfStatement":{"enter":[null]},"_exploded":true,"_verified":true},"options":{},"externalDependencies":[]},{"key":"transform-classes","visitor":{"ExportDefaultDeclaration":{"enter":[null]},"ClassDeclaration":{"enter":[null]},"ClassExpression":{"enter":[null]},"_exploded":true,"_verified":true},"options":{"loose":true},"externalDependencies":[]},{"key":"transform-computed-properties","visitor":{"ObjectExpression":{"exit":[null]},"_exploded":true,"_verified":true},"options":{"loose":true},"externalDependencies":[]},{"key":"transform-destructuring","visitor":{"ExportNamedDeclaration":{"enter":[null]},"CatchClause":{"enter":[null]},"AssignmentExpression":{"enter":[null]},"VariableDeclaration":{"enter":[null]},"_exploded":true,"_verified":true,"ForInStatement":{"enter":[null]},"ForOfStatement":{"enter":[null]}},"options":{},"externalDependencies":[]},{"key":"transform-for-of","visitor":{"ForOfStatement":{"enter":[null]},"_exploded":true,"_verified":true},"options":{"loose":true},"externalDependencies":[]},{"key":"transform-literals","visitor":{"NumericLiteral":{"enter":[null]},"StringLiteral":{"enter":[null]},"_exploded":true,"_verified":true},"options":{},"externalDependencies":[]},{"key":"transform-object-super","visitor":{"ObjectExpression":{"enter":[null]},"_exploded":true,"_verified":true,"DoWhileStatement":{"exit":[null]},"ForInStatement":{"exit":[null]},"ForStatement":{"exit":[null]},"WhileStatement":{"exit":[null]},"ForOfStatement":{"exit":[null]}},"options":{},"externalDependencies":[]},{"key":"transform-parameters","visitor":{"_exploded":true,"_verified":true,"FunctionDeclaration":{"enter":[null]},"FunctionExpression":{"enter":[null]},"ObjectMethod":{"enter":[null]},"ArrowFunctionExpression":{"enter":[null]},"ClassMethod":{"enter":[null]},"ClassPrivateMethod":{"enter":[null]}},"options":{},"externalDependencies":[]},{"key":"transform-shorthand-properties","visitor":{"ObjectMethod":{"enter":[null]},"ObjectProperty":{"enter":[null]},"_exploded":true,"_verified":true},"options":{},"externalDependencies":[]},{"key":"transform-spread","visitor":{"ArrayExpression":{"enter":[null]},"CallExpression":{"enter":[null]},"NewExpression":{"enter":[null]},"_exploded":true,"_verified":true},"options":{},"externalDependencies":[]},{"key":"transform-sticky-regex","visitor":{"RegExpLiteral":{"enter":[null]},"_exploded":true,"_verified":true},"options":{},"externalDependencies":[]},{"key":"transform-template-literals","visitor":{"TaggedTemplateExpression":{"enter":[null]},"TemplateLiteral":{"enter":[null]},"_exploded":true,"_verified":true},"options":{"loose":true},"externalDependencies":[]},{"key":"transform-typeof-symbol","visitor":{"UnaryExpression":{"enter":[null]},"_exploded":true,"_verified":true,"BlockStatement":{"enter":[null]},"CatchClause":{"enter":[null]},"DoWhileStatement":{"enter":[null]},"ForInStatement":{"enter":[null]},"ForStatement":{"enter":[null]},"FunctionDeclaration":{"enter":[null]},"FunctionExpression":{"enter":[null]},"Program":{"enter":[null]},"ObjectMethod":{"enter":[null]},"SwitchStatement":{"enter":[null]},"WhileStatement":{"enter":[null]},"ArrowFunctionExpression":{"enter":[null]},"ClassExpression":{"enter":[null]},"ClassDeclaration":{"enter":[null]},"ForOfStatement":{"enter":[null]},"ClassMethod":{"enter":[null]},"ClassPrivateMethod":{"enter":[null]},"StaticBlock":{"enter":[null]},"TSModuleBlock":{"enter":[null]},"AssignmentPattern":{"enter":[null]},"ArrayPattern":{"enter":[null]},"ObjectPattern":{"enter":[null]}},"options":{},"externalDependencies":[]},{"key":"transform-unicode-regex","visitor":{"RegExpLiteral":{"enter":[null]},"_exploded":true,"_verified":true},"options":{},"externalDependencies":[]},{"key":"transform-property-literals","visitor":{"ObjectProperty":{"exit":[null]},"_exploded":true,"_verified":true},"options":{},"externalDependencies":[]},{"key":"transform-exponentiation-operator","visitor":{"AssignmentExpression":{"enter":[null]},"BinaryExpression":{"enter":[null]},"_exploded":true,"_verified":true},"options":{},"externalDependencies":[]},{"key":"transform-regenerator","visitor":{"ObjectMethod":{"enter":[null],"exit":[null]},"ClassMethod":{"enter":[null],"exit":[null]},"ClassPrivateMethod":{"enter":[null],"exit":[null]},"FunctionDeclaration":{"exit":[null]},"FunctionExpression":{"exit":[null]},"ArrowFunctionExpression":{"exit":[null]},"MemberExpression":{"enter":[null]},"_exploded":true,"_verified":true},"options":{},"externalDependencies":[]}],"presets":[],"generatorOpts":{"filename":"/home/ani/Mergerware_assignment/Mererware_meteor/Mergerware_loanify/imports/ui/store/actions/accountStatementReport.js","comments":true,"compact":false,"sourceMaps":true,"sourceFileName":"imports/ui/store/actions/accountStatementReport.js","inputSourceMap":{"version":3,"names":["actionTypes","axios","accountStatementReportStart","type","ACCOUNT_STATEMENT_REPORT_START","accountStatementReportSuccess","accountStatementReport","ACCOUNT_STATEMENT_REPORT_SUCCESS","accountStatementReportFail","errors","console","log","ACCOUNT_STATEMENT_REPORT_FAIL","accountStatementReportErrors","initAccountStatementReport","accountId","token","dispatch","url","get","then","response","data","catch","err","validationMessages","validationObj","combinedErrors","uniqueErrors","Object","keys","forEach","key","val","push","Set"],"sources":["imports/ui/store/actions/accountStatementReport.js"],"sourcesContent":["import * as actionTypes from './actionTypes';\nimport axios from 'axios';\n\nexport const accountStatementReportStart = () => {\n    return {\n        type: actionTypes.ACCOUNT_STATEMENT_REPORT_START\n    };\n};\n\nexport const accountStatementReportSuccess = (accountStatementReport) => {\n    return {\n        type: actionTypes.ACCOUNT_STATEMENT_REPORT_SUCCESS,\n        accountStatementReport: accountStatementReport\n    };\n};\n\nexport const accountStatementReportFail = (errors) => {\n    console.log('accountStatementReportFail:', errors);\n    return {\n        type: actionTypes.ACCOUNT_STATEMENT_REPORT_FAIL,\n        accountStatementReportErrors: errors\n    };\n};\n\nexport const initAccountStatementReport = (accountId, token) => {\n    return dispatch => {\n        dispatch(accountStatementReportStart());\n        let url = 'http://fina.mv/api/account-statement/' + accountId;\n\n        axios.get(url)\n            .then(response => {\n                dispatch(accountStatementReportSuccess(response.data[\"account_statement\"]));\n            })\n            .catch(err => {\n                if (\n                    err &&\n                        err.response &&\n                        err.response.data &&\n                        err.response.data.validationMessages &&\n                        (typeof err.response.data.validationMessages === 'object')\n                ) {\n                    let validationObj = err.response.data.validationMessages;\n                    let combinedErrors = [];\n                    let uniqueErrors = [];\n                    Object.keys(validationObj).forEach((key) => {\n                        validationObj[key].forEach((val) => {\n                            combinedErrors.push(val);\n                        });\n                    });\n                    uniqueErrors = [...new Set(combinedErrors)];\n                    dispatch(accountStatementReportFail(uniqueErrors));\n                }\n                else {\n                    dispatch(accountStatementReportFail(\"error\"));\n                }\n            });\n    };\n\n};\n"],"mappings":";AAAA,OAAO,KAAKA,WAAW,MAAM,eAAe;AAC5C,OAAOC,KAAK,MAAM,OAAO;AAEzB,OAAO,MAAMC,2BAA2B,GAAGA,CAAA,KAAM;EAC7C,OAAO;IACHC,IAAI,EAAEH,WAAW,CAACI;EACtB,CAAC;AACL,CAAC;AAED,OAAO,MAAMC,6BAA6B,GAAIC,sBAAsB,IAAK;EACrE,OAAO;IACHH,IAAI,EAAEH,WAAW,CAACO,gCAAgC;IAClDD,sBAAsB,EAAEA;EAC5B,CAAC;AACL,CAAC;AAED,OAAO,MAAME,0BAA0B,GAAIC,MAAM,IAAK;EAClDC,OAAO,CAACC,GAAG,CAAC,6BAA6B,EAAEF,MAAM,CAAC;EAClD,OAAO;IACHN,IAAI,EAAEH,WAAW,CAACY,6BAA6B;IAC/CC,4BAA4B,EAAEJ;EAClC,CAAC;AACL,CAAC;AAED,OAAO,MAAMK,0BAA0B,GAAGA,CAACC,SAAS,EAAEC,KAAK,KAAK;EAC5D,OAAOC,QAAQ,IAAI;IACfA,QAAQ,CAACf,2BAA2B,CAAC,CAAC,CAAC;IACvC,IAAIgB,GAAG,GAAG,uCAAuC,GAAGH,SAAS;IAE7Dd,KAAK,CAACkB,GAAG,CAACD,GAAG,CAAC,CACTE,IAAI,CAACC,QAAQ,IAAI;MACdJ,QAAQ,CAACZ,6BAA6B,CAACgB,QAAQ,CAACC,IAAI,CAAC,mBAAmB,CAAC,CAAC,CAAC;IAC/E,CAAC,CAAC,CACDC,KAAK,CAACC,GAAG,IAAI;MACV,IACIA,GAAG,IACCA,GAAG,CAACH,QAAQ,IACZG,GAAG,CAACH,QAAQ,CAACC,IAAI,IACjBE,GAAG,CAACH,QAAQ,CAACC,IAAI,CAACG,kBAAkB,IACnC,OAAOD,GAAG,CAACH,QAAQ,CAACC,IAAI,CAACG,kBAAkB,KAAK,QAAS,EAChE;QACE,IAAIC,aAAa,GAAGF,GAAG,CAACH,QAAQ,CAACC,IAAI,CAACG,kBAAkB;QACxD,IAAIE,cAAc,GAAG,EAAE;QACvB,IAAIC,YAAY,GAAG,EAAE;QACrBC,MAAM,CAACC,IAAI,CAACJ,aAAa,CAAC,CAACK,OAAO,CAAEC,GAAG,IAAK;UACxCN,aAAa,CAACM,GAAG,CAAC,CAACD,OAAO,CAAEE,GAAG,IAAK;YAChCN,cAAc,CAACO,IAAI,CAACD,GAAG,CAAC;UAC5B,CAAC,CAAC;QACN,CAAC,CAAC;QACFL,YAAY,GAAG,CAAC,GAAG,IAAIO,GAAG,CAACR,cAAc,CAAC,CAAC;QAC3CV,QAAQ,CAACT,0BAA0B,CAACoB,YAAY,CAAC,CAAC;MACtD,CAAC,MACI;QACDX,QAAQ,CAACT,0BAA0B,CAAC,OAAO,CAAC,CAAC;MACjD;IACJ,CAAC,CAAC;EACV,CAAC;AAEL,CAAC"}}},"code":"!function (module1) {\n  var _toConsumableArray;\n  module1.link(\"@babel/runtime/helpers/toConsumableArray\", {\n    default: function (v) {\n      _toConsumableArray = v;\n    }\n  }, 0);\n  var _typeof;\n  module1.link(\"@babel/runtime/helpers/typeof\", {\n    default: function (v) {\n      _typeof = v;\n    }\n  }, 1);\n  module1.export({\n    accountStatementReportStart: function () {\n      return accountStatementReportStart;\n    },\n    accountStatementReportSuccess: function () {\n      return accountStatementReportSuccess;\n    },\n    accountStatementReportFail: function () {\n      return accountStatementReportFail;\n    },\n    initAccountStatementReport: function () {\n      return initAccountStatementReport;\n    }\n  });\n  var actionTypes;\n  module1.link(\"./actionTypes\", {\n    \"*\": function (v) {\n      actionTypes = v;\n    }\n  }, 0);\n  var axios;\n  module1.link(\"axios\", {\n    \"default\": function (v) {\n      axios = v;\n    }\n  }, 1);\n  ___INIT_METEOR_FAST_REFRESH(module);\n  var accountStatementReportStart = function () {\n    return {\n      type: actionTypes.ACCOUNT_STATEMENT_REPORT_START\n    };\n  };\n  var accountStatementReportSuccess = function (accountStatementReport) {\n    return {\n      type: actionTypes.ACCOUNT_STATEMENT_REPORT_SUCCESS,\n      accountStatementReport: accountStatementReport\n    };\n  };\n  var accountStatementReportFail = function (errors) {\n    console.log('accountStatementReportFail:', errors);\n    return {\n      type: actionTypes.ACCOUNT_STATEMENT_REPORT_FAIL,\n      accountStatementReportErrors: errors\n    };\n  };\n  var initAccountStatementReport = function (accountId, token) {\n    return function (dispatch) {\n      dispatch(accountStatementReportStart());\n      var url = 'http://fina.mv/api/account-statement/' + accountId;\n      axios.get(url).then(function (response) {\n        dispatch(accountStatementReportSuccess(response.data[\"account_statement\"]));\n      }).catch(function (err) {\n        if (err && err.response && err.response.data && err.response.data.validationMessages && _typeof(err.response.data.validationMessages) === 'object') {\n          var validationObj = err.response.data.validationMessages;\n          var combinedErrors = [];\n          var uniqueErrors = [];\n          Object.keys(validationObj).forEach(function (key) {\n            validationObj[key].forEach(function (val) {\n              combinedErrors.push(val);\n            });\n          });\n          uniqueErrors = _toConsumableArray(new Set(combinedErrors));\n          dispatch(accountStatementReportFail(uniqueErrors));\n        } else {\n          dispatch(accountStatementReportFail(\"error\"));\n        }\n      });\n    };\n  };\n}.call(this, module);","map":{"version":3,"names":["accountStatementReportStart","type","actionTypes","ACCOUNT_STATEMENT_REPORT_START","accountStatementReportSuccess","accountStatementReport","ACCOUNT_STATEMENT_REPORT_SUCCESS","accountStatementReportFail","errors","console","log","ACCOUNT_STATEMENT_REPORT_FAIL","accountStatementReportErrors","initAccountStatementReport","accountId","token","dispatch","url","axios","get","then","response","data","catch","err","validationMessages","_typeof","validationObj","combinedErrors","uniqueErrors","Object","keys","forEach","key","val","push","_toConsumableArray","Set","call","module"],"sources":["imports/ui/store/actions/accountStatementReport.js"],"sourcesContent":["import * as actionTypes from './actionTypes';\nimport axios from 'axios';\n\nexport const accountStatementReportStart = () => {\n    return {\n        type: actionTypes.ACCOUNT_STATEMENT_REPORT_START\n    };\n};\n\nexport const accountStatementReportSuccess = (accountStatementReport) => {\n    return {\n        type: actionTypes.ACCOUNT_STATEMENT_REPORT_SUCCESS,\n        accountStatementReport: accountStatementReport\n    };\n};\n\nexport const accountStatementReportFail = (errors) => {\n    console.log('accountStatementReportFail:', errors);\n    return {\n        type: actionTypes.ACCOUNT_STATEMENT_REPORT_FAIL,\n        accountStatementReportErrors: errors\n    };\n};\n\nexport const initAccountStatementReport = (accountId, token) => {\n    return dispatch => {\n        dispatch(accountStatementReportStart());\n        let url = 'http://fina.mv/api/account-statement/' + accountId;\n\n        axios.get(url)\n            .then(response => {\n                dispatch(accountStatementReportSuccess(response.data[\"account_statement\"]));\n            })\n            .catch(err => {\n                if (\n                    err &&\n                        err.response &&\n                        err.response.data &&\n                        err.response.data.validationMessages &&\n                        (typeof err.response.data.validationMessages === 'object')\n                ) {\n                    let validationObj = err.response.data.validationMessages;\n                    let combinedErrors = [];\n                    let uniqueErrors = [];\n                    Object.keys(validationObj).forEach((key) => {\n                        validationObj[key].forEach((val) => {\n                            combinedErrors.push(val);\n                        });\n                    });\n                    uniqueErrors = [...new Set(combinedErrors)];\n                    dispatch(accountStatementReportFail(uniqueErrors));\n                }\n                else {\n                    dispatch(accountStatementReportFail(\"error\"));\n                }\n            });\n    };\n\n};\n"],"mappings":";;;;;;;;;;;;;;;;;;;;;;;;;;;;;;;;;;;;;;;;EAGO,IAAMA,2BAA2B,GAAG,SAAAA,CAAA,EAAM;IAC7C,OAAO;MACHC,IAAI,EAAEC,WAAW,CAACC;IACtB,CAAC;EACL,CAAC;EAEM,IAAMC,6BAA6B,GAAI,SAAAA,CAAAC,sBAAsB,EAAK;IACrE,OAAO;MACHJ,IAAI,EAAEC,WAAW,CAACI,gCAAgC;MAClDD,sBAAsB,EAAEA;IAC5B,CAAC;EACL,CAAC;EAEM,IAAME,0BAA0B,GAAI,SAAAA,CAAAC,MAAM,EAAK;IAClDC,OAAO,CAACC,GAAG,CAAC,6BAA6B,EAAEF,MAAM,CAAC;IAClD,OAAO;MACHP,IAAI,EAAEC,WAAW,CAACS,6BAA6B;MAC/CC,4BAA4B,EAAEJ;IAClC,CAAC;EACL,CAAC;EAEM,IAAMK,0BAA0B,GAAG,SAAAA,CAACC,SAAS,EAAEC,KAAK,EAAK;IAC5D,OAAO,UAAAC,QAAQ,EAAI;MACfA,QAAQ,CAAChB,2BAA2B,CAAC,CAAC,CAAC;MACvC,IAAIiB,GAAG,GAAG,uCAAuC,GAAGH,SAAS;MAE7DI,KAAK,CAACC,GAAG,CAACF,GAAG,CAAC,CACTG,IAAI,CAAC,UAAAC,QAAQ,EAAI;QACdL,QAAQ,CAACZ,6BAA6B,CAACiB,QAAQ,CAACC,IAAI,CAAC,mBAAmB,CAAC,CAAC,CAAC;MAC/E,CAAC,CAAC,CACDC,KAAK,CAAC,UAAAC,GAAG,EAAI;QACV,IACIA,GAAG,IACCA,GAAG,CAACH,QAAQ,IACZG,GAAG,CAACH,QAAQ,CAACC,IAAI,IACjBE,GAAG,CAACH,QAAQ,CAACC,IAAI,CAACG,kBAAkB,IACnCC,OAAA,CAAOF,GAAG,CAACH,QAAQ,CAACC,IAAI,CAACG,kBAAkB,MAAK,QAAS,EAChE;UACE,IAAIE,aAAa,GAAGH,GAAG,CAACH,QAAQ,CAACC,IAAI,CAACG,kBAAkB;UACxD,IAAIG,cAAc,GAAG,EAAE;UACvB,IAAIC,YAAY,GAAG,EAAE;UACrBC,MAAM,CAACC,IAAI,CAACJ,aAAa,CAAC,CAACK,OAAO,CAAE,UAAAC,GAAG,EAAK;YACxCN,aAAa,CAACM,GAAG,CAAC,CAACD,OAAO,CAAE,UAAAE,GAAG,EAAK;cAChCN,cAAc,CAACO,IAAI,CAACD,GAAG,CAAC;YAC5B,CAAC,CAAC;UACN,CAAC,CAAC;UACFL,YAAY,GAAAO,kBAAA,CAAO,IAAIC,GAAG,CAACT,cAAc,CAAC,CAAC;UAC3CZ,QAAQ,CAACT,0BAA0B,CAACsB,YAAY,CAAC,CAAC;QACtD,CAAC,MACI;UACDb,QAAQ,CAACT,0BAA0B,CAAC,OAAO,CAAC,CAAC;QACjD;MACJ,CAAC,CAAC;IACV,CAAC;EAEL,CAAC;AAAA,EAAA+B,IAAA,OAAAC,MAAA"},"sourceType":"module","externalDependencies":{},"hash":"7271decf809909cb4afae0020042d2e3e33710e7"}
