{"metadata":{},"options":{"assumptions":{},"compact":false,"sourceMaps":true,"ast":true,"babelrc":false,"configFile":false,"parserOpts":{"sourceType":"module","sourceFileName":"/home/ani/Mergerware_assignment/Mererware_meteor/Mergerware_loanify/imports/ui/components/UsersEditUser/Forms/EditUserForm.js","plugins":["*","flow","jsx","asyncGenerators","bigInt","classPrivateMethods","classPrivateProperties","classProperties","doExpressions","dynamicImport","exportDefaultFrom","exportExtensions","exportNamespaceFrom","functionBind","functionSent","importMeta","nullishCoalescingOperator","numericSeparator","objectRestSpread","optionalCatchBinding","optionalChaining",["pipelineOperator",{"proposal":"minimal"}],"throwExpressions","classProperties","classPrivateProperties","jsx","nullishCoalescingOperator","nullishCoalescingOperator","optionalChaining","optionalChaining","optionalCatchBinding","optionalCatchBinding","classProperties","classPrivateProperties","classPrivateMethods","classProperties","classPrivateProperties","asyncGenerators","asyncGenerators","objectRestSpread","objectRestSpread","logicalAssignment"],"allowImportExportEverywhere":true,"allowReturnOutsideFunction":true,"allowUndeclaredExports":true,"strictMode":false},"caller":{"name":"meteor","arch":"web.browser.legacy"},"sourceFileName":"imports/ui/components/UsersEditUser/Forms/EditUserForm.js","filename":"/home/ani/Mergerware_assignment/Mererware_meteor/Mergerware_loanify/imports/ui/components/UsersEditUser/Forms/EditUserForm.js","inputSourceMap":{"version":3,"names":["React","Component","Form","Icon","Input","Button","Checkbox","Select","Cascader","InputNumber","Upload","Typography","Radio","PageHeader","Popconfirm","notification","styles","actions","connect","Redirect","EditUserForm","state","idCardAttachment","deleteAccountRedirect","handleSubmit","e","preventDefault","props","form","validateFields","err","values","console","log","newUser","name","email","password","c_password","role","editUser","selectedUserId","componentDidUpdate","prevProps","editUserLoading","editUserMessage","success","message","description","placement","onDeleteUserConfirm","initDeleteUser","setState","deleteUserRedirect","onDeleteUserCancel","render","authRedirect","editedUserRedirect","isAuthenticated","getFieldDecorator","Text","serverErrors","editUserErrors","Array","isArray","length","lis","map","value","index","selUser","selectedUser","nullSelectedUserRedirect","_name","_email","_role","undefined","deleteBtn","userRoleAdmin","window","history","back","span","initialValue","rules","required","color","EditUserButton","mapStateToProps","loading","auth","error","access_token","authRedirectPath","users","user_role_admin","userRoleModerator","user_role_moderator","userRoleStandard","user_role_standard","mapDispatchToProps","dispatch","login","setAuthRedirectPath","user","token","userId","create"],"sources":["imports/ui/components/UsersEditUser/Forms/EditUserForm.js"],"sourcesContent":["import React, { Component } from 'react';\nimport {\n    Form, Icon, Input, Button, Checkbox, Select,\n    Cascader, InputNumber, Upload, Typography, Radio,\n    PageHeader,Popconfirm,notification\n} from 'antd';\nimport styles from './EditUserForm.module.css';\nimport * as actions from '../../../store/actions/index';\nimport { connect } from 'react-redux';\nimport { Redirect } from 'react-router-dom';\n\nclass EditUserForm extends Component {\n    state = { idCardAttachment: [],\n              deleteAccountRedirect:false,\n    }\n    handleSubmit = e => {\n        e.preventDefault();\n\n        this.props.form.validateFields((err, values) => {\n            if (!err) {\n                console.log('Received values of form: ', values);\n                let newUser = {\n                    name:values.name,\n                    email:values.email,\n                    password:values.password,\n                    c_password:values.c_password,\n                    role:values.role\n                };\n                this.props.editUser(\n                    newUser,\n                    this.props.selectedUserId,\n                    'sdsdsd');\n            }\n        });\n    };\n\n\n    componentDidUpdate=(prevProps)=> {\n        if(\n            prevProps.editUserLoading!==this.props.editUserLoading &&\n            this.props.editUserLoading === false &&\n            prevProps.editUserMessage!==this.props.editUserMessage&&\n            this.props.editUserMessage !== null\n        ){\n            notification.success({\n                message:\"Success\",\n                description:\"Successfully updated account.\",\n                placement:\"topRight\"\n            });\n        }\n    }\n\n\n    onDeleteUserConfirm = (e) => {\n        this.props.initDeleteUser(this.props.selectedUserId);\n        this.setState({\n            deleteUserRedirect:true\n        })\n    }\n    onDeleteUserCancel = (e) => {\n\n    }\n\n\n\n    render() {\n        let authRedirect = null;\n        let editedUserRedirect = null;\n        let deleteUserRedirect = null;\n\n        if (this.props.editUserMessage != null) {\n            editedUserRedirect = <Redirect to=\"/\" />\n        }\n        if (!this.props.isAuthenticated) {\n            authRedirect = <Redirect to=\"/\" />\n        }\n\n        if (this.state.deleteUserRedirect === true) {\n            deleteUserRedirect = <Redirect to=\"/users/all\" />\n        }\n\n        const { getFieldDecorator } = this.props.form;\n        const { Text } = Typography;\n\n        let serverErrors = null;\n\n        if (this.props.editUserErrors &&\n            Array.isArray(this.props.editUserErrors) &&\n            this.props.editUserErrors.length > 0) {\n            let lis =\n                this.props.editUserErrors.map((value, index) => (\n                    <li key={index}><Text type=\"danger\">{value}</Text></li>\n                ));\n            serverErrors = (<ul>{lis}</ul>)\n        }\n\n        const selUser = this.props.selectedUser;\n        let nullSelectedUserRedirect = null;\n\n        let _name = null;\n        let _email = null;\n        let _role = null;\n\n        if (selUser !== null) {\n            _name = (selUser.name !== undefined) ? selUser.name : null;\n            _email = (selUser.email !== undefined) ? selUser.email : null;\n            _role = (selUser.role !== undefined) ? selUser.role : null;\n        }\n        else {\n            nullSelectedUserRedirect = <Redirect to=\"/\" />\n        }\n        let deleteBtn = null;\n        if(this.props.userRoleAdmin==1){\n            deleteBtn=(<Popconfirm\n                title=\"Are you sure delete this account?\"\n                onConfirm={this.onDeleteUserConfirm}\n                onCancel={this.onDeleteUserCancel}\n                okText=\"Yes\"\n                cancelText=\"No\"\n            >\n                <Button key=\"2\">Delete account</Button>\n            </Popconfirm>\n            );\n        }\n        return (\n            <div>\n                {/*authRedirect*/}\n                {editedUserRedirect}\n                {deleteUserRedirect}\n                {nullSelectedUserRedirect}\n                {serverErrors}\n                <PageHeader\n                    title=\"Edit User\"\n                    onBack={() => window.history.back()}\n                     extra={[\n                         deleteBtn\n                     ]}\n                />\n                <Form labelCol={{ span: 24 }} wrapperCol={{ span: 24 }} onSubmit={this.handleSubmit}>\n                    <Form.Item label=\"Name\">\n                        {getFieldDecorator('name', {\n                            initialValue: _name,\n                            rules: [{ required: true, message: 'Please input your name!' }],\n                        })(\n                            <Input\n                                prefix={<Icon type=\"user\" style={{ color: 'rgba(0,0,0,.25)' }} />}\n                                placeholder=\"Name\"\n                                size=\"large\"\n                            />,\n                        )}\n                    </Form.Item>\n                    <Form.Item label=\"Email\">\n                        {getFieldDecorator('email', {\n                            initialValue: _email,\n                            rules: [{ required: true, message: 'Please input your email!' }],\n                        })(\n                            <Input\n                                prefix={<Icon type=\"user\" style={{ color: 'rgba(0,0,0,.25)' }} />}\n                                placeholder=\"Email\"\n                                size=\"large\"\n                            />,\n                        )}\n                    </Form.Item>\n                    <Form.Item label=\"Type password(to change password)\">\n                        {getFieldDecorator('password', {\n                        })(\n                            <Input\n                                prefix={<Icon type=\"lock\" style={{ color: 'rgba(0,0,0,.25)' }} />}\n                                type=\"password\"\n                                placeholder=\"Password\"\n                                size=\"large\"\n                            />,\n                        )}\n                    </Form.Item>\n                    <Form.Item label=\"Retype password\">\n                        {getFieldDecorator('c_password', {\n                        })(\n                            <Input\n                                prefix={<Icon type=\"lock\" style={{ color: 'rgba(0,0,0,.25)' }} />}\n                                type=\"password\"\n                                placeholder=\"Retype Password\"\n                                size=\"large\"\n                            />,\n                        )}\n                    </Form.Item>\n                    <Form.Item label=\"Role\">\n                        {getFieldDecorator('role', {\n                            initialValue: _role,\n                            rules: [{ required: true, message: 'Please input Phone Number!' }],\n                        })(\n                            <Radio.Group>\n                                <Radio value=\"0\">Admin</Radio>\n                                <Radio value=\"1\">Accounts (Moderator)</Radio>\n                                <Radio value=\"2\">Cashier (Standard User)</Radio>\n                            </Radio.Group>,\n                        )}\n                    </Form.Item>\n\n                    <Button type=\"primary\"\n                        htmlType=\"submit\"\n                        className={styles.EditUserButton}\n                        size=\"large\"\n                    >\n                        Edit User\n                   </Button>\n\n                </Form >\n            </div >\n        );\n    }\n}\n\nconst mapStateToProps = state => {\n    return {\n        loading: state.auth.loading,\n        error: state.auth.error,\n        isAuthenticated: state.auth.access_token !== null,\n        authRedirectPath: state.auth.authRedirectPath,\n        editUserLoading: state.users.editUserLoading,\n        editUserMessage: state.users.editUserMessage,\n        editUserErrors: state.users.editUserErrors,\n        selectedUserId: state.users.selectedUserId,\n        selectedUser: state.users.selectedUser,\n        userRoleAdmin: state.auth.user_role_admin,\n        userRoleModerator: state.auth.user_role_moderator,\n        userRoleStandard: state.auth.user_role_standard,\n\n    }\n}\nconst mapDispatchToProps = dispatch => {\n    return {\n        login: (email, password) => dispatch(actions.login(email, password)),\n        setAuthRedirectPath: () => dispatch(actions.setAuthRedirectPath('/ ')),\n        editUser: (user, selectedUserId, token) => dispatch(actions.editUser(user, selectedUserId, token)),\n\n        initDeleteUser: (userId) => dispatch(actions.initDeleteUser(userId)),\n    }\n}\n//export default Form.create()(LoginForm);\nexport default connect(mapStateToProps, mapDispatchToProps)(Form.create()(EditUserForm));\n"],"mappings":";AAAA,OAAOA,KAAK,IAAIC,SAAS,QAAQ,OAAO;AACxC,SACIC,IAAI,EAAEC,IAAI,EAAEC,KAAK,EAAEC,MAAM,EAAEC,QAAQ,EAAEC,MAAM,EAC3CC,QAAQ,EAAEC,WAAW,EAAEC,MAAM,EAAEC,UAAU,EAAEC,KAAK,EAChDC,UAAU,EAACC,UAAU,EAACC,YAAY,QAC/B,MAAM;AACb,OAAOC,MAAM,MAAM,2BAA2B;AAC9C,OAAO,KAAKC,OAAO,MAAM,8BAA8B;AACvD,SAASC,OAAO,QAAQ,aAAa;AACrC,SAASC,QAAQ,QAAQ,kBAAkB;AAE3C,MAAMC,YAAY,SAASnB,SAAS,CAAC;EACjCoB,KAAK,GAAG;IAAEC,gBAAgB,EAAE,EAAE;IACpBC,qBAAqB,EAAC;EAChC,CAAC;EACDC,YAAY,GAAGC,CAAC,IAAI;IAChBA,CAAC,CAACC,cAAc,CAAC,CAAC;IAElB,IAAI,CAACC,KAAK,CAACC,IAAI,CAACC,cAAc,CAAC,CAACC,GAAG,EAAEC,MAAM,KAAK;MAC5C,IAAI,CAACD,GAAG,EAAE;QACNE,OAAO,CAACC,GAAG,CAAC,2BAA2B,EAAEF,MAAM,CAAC;QAChD,IAAIG,OAAO,GAAG;UACVC,IAAI,EAACJ,MAAM,CAACI,IAAI;UAChBC,KAAK,EAACL,MAAM,CAACK,KAAK;UAClBC,QAAQ,EAACN,MAAM,CAACM,QAAQ;UACxBC,UAAU,EAACP,MAAM,CAACO,UAAU;UAC5BC,IAAI,EAACR,MAAM,CAACQ;QAChB,CAAC;QACD,IAAI,CAACZ,KAAK,CAACa,QAAQ,CACfN,OAAO,EACP,IAAI,CAACP,KAAK,CAACc,cAAc,EACzB,QAAQ,CAAC;MACjB;IACJ,CAAC,CAAC;EACN,CAAC;EAGDC,kBAAkB,GAAEC,SAAS,IAAI;IAC7B,IACIA,SAAS,CAACC,eAAe,KAAG,IAAI,CAACjB,KAAK,CAACiB,eAAe,IACtD,IAAI,CAACjB,KAAK,CAACiB,eAAe,KAAK,KAAK,IACpCD,SAAS,CAACE,eAAe,KAAG,IAAI,CAAClB,KAAK,CAACkB,eAAe,IACtD,IAAI,CAAClB,KAAK,CAACkB,eAAe,KAAK,IAAI,EACtC;MACG9B,YAAY,CAAC+B,OAAO,CAAC;QACjBC,OAAO,EAAC,SAAS;QACjBC,WAAW,EAAC,+BAA+B;QAC3CC,SAAS,EAAC;MACd,CAAC,CAAC;IACN;EACJ,CAAC;EAGDC,mBAAmB,GAAIzB,CAAC,IAAK;IACzB,IAAI,CAACE,KAAK,CAACwB,cAAc,CAAC,IAAI,CAACxB,KAAK,CAACc,cAAc,CAAC;IACpD,IAAI,CAACW,QAAQ,CAAC;MACVC,kBAAkB,EAAC;IACvB,CAAC,CAAC;EACN,CAAC;EACDC,kBAAkB,GAAI7B,CAAC,IAAK,CAE5B,CAAC;EAID8B,MAAMA,CAAA,EAAG;IACL,IAAIC,YAAY,GAAG,IAAI;IACvB,IAAIC,kBAAkB,GAAG,IAAI;IAC7B,IAAIJ,kBAAkB,GAAG,IAAI;IAE7B,IAAI,IAAI,CAAC1B,KAAK,CAACkB,eAAe,IAAI,IAAI,EAAE;MACpCY,kBAAkB,GAAG,CAAC,QAAQ,CAAC,EAAE,CAAC,GAAG,GAAG;IAC5C;IACA,IAAI,CAAC,IAAI,CAAC9B,KAAK,CAAC+B,eAAe,EAAE;MAC7BF,YAAY,GAAG,CAAC,QAAQ,CAAC,EAAE,CAAC,GAAG,GAAG;IACtC;IAEA,IAAI,IAAI,CAACnC,KAAK,CAACgC,kBAAkB,KAAK,IAAI,EAAE;MACxCA,kBAAkB,GAAG,CAAC,QAAQ,CAAC,EAAE,CAAC,YAAY,GAAG;IACrD;IAEA,MAAM;MAAEM;IAAkB,CAAC,GAAG,IAAI,CAAChC,KAAK,CAACC,IAAI;IAC7C,MAAM;MAAEgC;IAAK,CAAC,GAAGjD,UAAU;IAE3B,IAAIkD,YAAY,GAAG,IAAI;IAEvB,IAAI,IAAI,CAAClC,KAAK,CAACmC,cAAc,IACzBC,KAAK,CAACC,OAAO,CAAC,IAAI,CAACrC,KAAK,CAACmC,cAAc,CAAC,IACxC,IAAI,CAACnC,KAAK,CAACmC,cAAc,CAACG,MAAM,GAAG,CAAC,EAAE;MACtC,IAAIC,GAAG,GACH,IAAI,CAACvC,KAAK,CAACmC,cAAc,CAACK,GAAG,CAAC,CAACC,KAAK,EAAEC,KAAK,KACvC,CAAC,EAAE,CAAC,GAAG,CAAC,CAACA,KAAK,CAAC,CAAC,CAAC,IAAI,CAAC,IAAI,CAAC,QAAQ,CAAC,CAACD,KAAK,CAAC,EAAE,IAAI,CAAC,EAAE,EAAE,CACzD,CAAC;MACNP,YAAY,GAAI,CAAC,EAAE,CAAC,CAACK,GAAG,CAAC,EAAE,EAAE,CAAE;IACnC;IAEA,MAAMI,OAAO,GAAG,IAAI,CAAC3C,KAAK,CAAC4C,YAAY;IACvC,IAAIC,wBAAwB,GAAG,IAAI;IAEnC,IAAIC,KAAK,GAAG,IAAI;IAChB,IAAIC,MAAM,GAAG,IAAI;IACjB,IAAIC,KAAK,GAAG,IAAI;IAEhB,IAAIL,OAAO,KAAK,IAAI,EAAE;MAClBG,KAAK,GAAIH,OAAO,CAACnC,IAAI,KAAKyC,SAAS,GAAIN,OAAO,CAACnC,IAAI,GAAG,IAAI;MAC1DuC,MAAM,GAAIJ,OAAO,CAAClC,KAAK,KAAKwC,SAAS,GAAIN,OAAO,CAAClC,KAAK,GAAG,IAAI;MAC7DuC,KAAK,GAAIL,OAAO,CAAC/B,IAAI,KAAKqC,SAAS,GAAIN,OAAO,CAAC/B,IAAI,GAAG,IAAI;IAC9D,CAAC,MACI;MACDiC,wBAAwB,GAAG,CAAC,QAAQ,CAAC,EAAE,CAAC,GAAG,GAAG;IAClD;IACA,IAAIK,SAAS,GAAG,IAAI;IACpB,IAAG,IAAI,CAAClD,KAAK,CAACmD,aAAa,IAAE,CAAC,EAAC;MAC3BD,SAAS,GAAE,CAAC,UAAU,CAClB,KAAK,CAAC,mCAAmC,CACzC,SAAS,CAAC,CAAC,IAAI,CAAC3B,mBAAmB,CAAC,CACpC,QAAQ,CAAC,CAAC,IAAI,CAACI,kBAAkB,CAAC,CAClC,MAAM,CAAC,KAAK,CACZ,UAAU,CAAC,IAAI;AAE/B,gBAAgB,CAAC,MAAM,CAAC,GAAG,CAAC,GAAG,CAAC,cAAc,EAAE,MAAM;AACtD,YAAY,EAAE,UAAU,CACX;IACL;IACA,OACI,CAAC,GAAG;AAChB,gBAAgB,CAAC,gBAAgB;AACjC,gBAAgB,CAACG,kBAAkB;AACnC,gBAAgB,CAACJ,kBAAkB;AACnC,gBAAgB,CAACmB,wBAAwB;AACzC,gBAAgB,CAACX,YAAY;AAC7B,gBAAgB,CAAC,UAAU,CACP,KAAK,CAAC,WAAW,CACjB,MAAM,CAAC,CAAC,MAAMkB,MAAM,CAACC,OAAO,CAACC,IAAI,CAAC,CAAC,CAAC,CACnC,KAAK,CAAC,CAAC,CACHJ,SAAS,CACZ,CAAC;AAEvB,gBAAgB,CAAC,IAAI,CAAC,QAAQ,CAAC,CAAC;QAAEK,IAAI,EAAE;MAAG,CAAC,CAAC,CAAC,UAAU,CAAC,CAAC;QAAEA,IAAI,EAAE;MAAG,CAAC,CAAC,CAAC,QAAQ,CAAC,CAAC,IAAI,CAAC1D,YAAY,CAAC;AACpG,oBAAoB,CAAC,IAAI,CAAC,IAAI,CAAC,KAAK,CAAC,MAAM;AAC3C,wBAAwB,CAACmC,iBAAiB,CAAC,MAAM,EAAE;YACvBwB,YAAY,EAAEV,KAAK;YACnBW,KAAK,EAAE,CAAC;cAAEC,QAAQ,EAAE,IAAI;cAAEtC,OAAO,EAAE;YAA0B,CAAC;UAClE,CAAC,CAAC,CACE,CAAC,KAAK,CACF,MAAM,CAAC,CAAC,CAAC,IAAI,CAAC,IAAI,CAAC,MAAM,CAAC,KAAK,CAAC,CAAC;YAAEuC,KAAK,EAAE;UAAkB,CAAC,CAAC,GAAG,CAAC,CAClE,WAAW,CAAC,MAAM,CAClB,IAAI,CAAC,OAAO,GAEpB,CAAC;AACzB,oBAAoB,EAAE,IAAI,CAAC,IAAI;AAC/B,oBAAoB,CAAC,IAAI,CAAC,IAAI,CAAC,KAAK,CAAC,OAAO;AAC5C,wBAAwB,CAAC3B,iBAAiB,CAAC,OAAO,EAAE;YACxBwB,YAAY,EAAET,MAAM;YACpBU,KAAK,EAAE,CAAC;cAAEC,QAAQ,EAAE,IAAI;cAAEtC,OAAO,EAAE;YAA2B,CAAC;UACnE,CAAC,CAAC,CACE,CAAC,KAAK,CACF,MAAM,CAAC,CAAC,CAAC,IAAI,CAAC,IAAI,CAAC,MAAM,CAAC,KAAK,CAAC,CAAC;YAAEuC,KAAK,EAAE;UAAkB,CAAC,CAAC,GAAG,CAAC,CAClE,WAAW,CAAC,OAAO,CACnB,IAAI,CAAC,OAAO,GAEpB,CAAC;AACzB,oBAAoB,EAAE,IAAI,CAAC,IAAI;AAC/B,oBAAoB,CAAC,IAAI,CAAC,IAAI,CAAC,KAAK,CAAC,mCAAmC;AACxE,wBAAwB,CAAC3B,iBAAiB,CAAC,UAAU,EAAE,CAC/B,CAAC,CAAC,CACE,CAAC,KAAK,CACF,MAAM,CAAC,CAAC,CAAC,IAAI,CAAC,IAAI,CAAC,MAAM,CAAC,KAAK,CAAC,CAAC;YAAE2B,KAAK,EAAE;UAAkB,CAAC,CAAC,GAAG,CAAC,CAClE,IAAI,CAAC,UAAU,CACf,WAAW,CAAC,UAAU,CACtB,IAAI,CAAC,OAAO,GAEpB,CAAC;AACzB,oBAAoB,EAAE,IAAI,CAAC,IAAI;AAC/B,oBAAoB,CAAC,IAAI,CAAC,IAAI,CAAC,KAAK,CAAC,iBAAiB;AACtD,wBAAwB,CAAC3B,iBAAiB,CAAC,YAAY,EAAE,CACjC,CAAC,CAAC,CACE,CAAC,KAAK,CACF,MAAM,CAAC,CAAC,CAAC,IAAI,CAAC,IAAI,CAAC,MAAM,CAAC,KAAK,CAAC,CAAC;YAAE2B,KAAK,EAAE;UAAkB,CAAC,CAAC,GAAG,CAAC,CAClE,IAAI,CAAC,UAAU,CACf,WAAW,CAAC,iBAAiB,CAC7B,IAAI,CAAC,OAAO,GAEpB,CAAC;AACzB,oBAAoB,EAAE,IAAI,CAAC,IAAI;AAC/B,oBAAoB,CAAC,IAAI,CAAC,IAAI,CAAC,KAAK,CAAC,MAAM;AAC3C,wBAAwB,CAAC3B,iBAAiB,CAAC,MAAM,EAAE;YACvBwB,YAAY,EAAER,KAAK;YACnBS,KAAK,EAAE,CAAC;cAAEC,QAAQ,EAAE,IAAI;cAAEtC,OAAO,EAAE;YAA6B,CAAC;UACrE,CAAC,CAAC,CACE,CAAC,KAAK,CAAC,KAAK;AACxC,gCAAgC,CAAC,KAAK,CAAC,KAAK,CAAC,GAAG,CAAC,KAAK,EAAE,KAAK;AAC7D,gCAAgC,CAAC,KAAK,CAAC,KAAK,CAAC,GAAG,CAAC,oBAAoB,EAAE,KAAK;AAC5E,gCAAgC,CAAC,KAAK,CAAC,KAAK,CAAC,GAAG,CAAC,uBAAuB,EAAE,KAAK;AAC/E,4BAA4B,EAAE,KAAK,CAAC,KAAK,CACjB,CAAC;AACzB,oBAAoB,EAAE,IAAI,CAAC,IAAI;AAC/B;AACA,oBAAoB,CAAC,MAAM,CAAC,IAAI,CAAC,SAAS,CAClB,QAAQ,CAAC,QAAQ,CACjB,SAAS,CAAC,CAAC/B,MAAM,CAACuE,cAAc,CAAC,CACjC,IAAI,CAAC,OAAO;AAEpC;AACA,mBAAmB,EAAE,MAAM;AAC3B;AACA,gBAAgB,EAAE,IAAI;AACtB,YAAY,EAAE,GAAG,CAAE;EAEf;AACJ;AAEA,MAAMC,eAAe,GAAGnE,KAAK,IAAI;EAC7B,OAAO;IACHoE,OAAO,EAAEpE,KAAK,CAACqE,IAAI,CAACD,OAAO;IAC3BE,KAAK,EAAEtE,KAAK,CAACqE,IAAI,CAACC,KAAK;IACvBjC,eAAe,EAAErC,KAAK,CAACqE,IAAI,CAACE,YAAY,KAAK,IAAI;IACjDC,gBAAgB,EAAExE,KAAK,CAACqE,IAAI,CAACG,gBAAgB;IAC7CjD,eAAe,EAAEvB,KAAK,CAACyE,KAAK,CAAClD,eAAe;IAC5CC,eAAe,EAAExB,KAAK,CAACyE,KAAK,CAACjD,eAAe;IAC5CiB,cAAc,EAAEzC,KAAK,CAACyE,KAAK,CAAChC,cAAc;IAC1CrB,cAAc,EAAEpB,KAAK,CAACyE,KAAK,CAACrD,cAAc;IAC1C8B,YAAY,EAAElD,KAAK,CAACyE,KAAK,CAACvB,YAAY;IACtCO,aAAa,EAAEzD,KAAK,CAACqE,IAAI,CAACK,eAAe;IACzCC,iBAAiB,EAAE3E,KAAK,CAACqE,IAAI,CAACO,mBAAmB;IACjDC,gBAAgB,EAAE7E,KAAK,CAACqE,IAAI,CAACS;EAEjC,CAAC;AACL,CAAC;AACD,MAAMC,kBAAkB,GAAGC,QAAQ,IAAI;EACnC,OAAO;IACHC,KAAK,EAAEA,CAAClE,KAAK,EAAEC,QAAQ,KAAKgE,QAAQ,CAACpF,OAAO,CAACqF,KAAK,CAAClE,KAAK,EAAEC,QAAQ,CAAC,CAAC;IACpEkE,mBAAmB,EAAEA,CAAA,KAAMF,QAAQ,CAACpF,OAAO,CAACsF,mBAAmB,CAAC,IAAI,CAAC,CAAC;IACtE/D,QAAQ,EAAEA,CAACgE,IAAI,EAAE/D,cAAc,EAAEgE,KAAK,KAAKJ,QAAQ,CAACpF,OAAO,CAACuB,QAAQ,CAACgE,IAAI,EAAE/D,cAAc,EAAEgE,KAAK,CAAC,CAAC;IAElGtD,cAAc,EAAGuD,MAAM,IAAKL,QAAQ,CAACpF,OAAO,CAACkC,cAAc,CAACuD,MAAM,CAAC;EACvE,CAAC;AACL,CAAC;AACD;AACA,eAAexF,OAAO,CAACsE,eAAe,EAAEY,kBAAkB,CAAC,CAAClG,IAAI,CAACyG,MAAM,CAAC,CAAC,CAACvF,YAAY,CAAC,CAAC"},"targets":{},"cloneInputAst":true,"browserslistConfigFile":false,"passPerPreset":false,"envName":"development","cwd":"/home/ani/Mergerware_assignment/Mererware_meteor/Mergerware_loanify","root":"/home/ani/Mergerware_assignment/Mererware_meteor/Mergerware_loanify","rootMode":"root","plugins":[{"key":"base$0","visitor":{"_exploded":true,"_verified":true},"options":{},"externalDependencies":[]},{"key":"base$0$0","visitor":{"Program":{"enter":[null],"exit":[null]},"_exploded":true,"_verified":true},"options":{"avoidModernSyntax":true,"enforceStrictMode":false,"dynamicImport":true},"externalDependencies":[]},{"key":"transform-runtime","visitor":{"MemberExpression":{"enter":[null]},"ObjectPattern":{"enter":[null]},"BinaryExpression":{"enter":[null]},"Identifier":{"enter":[null]},"JSXIdentifier":{"enter":[null]},"_exploded":true,"_verified":true},"options":{"version":"7.17.2","helpers":true,"useESModules":false,"corejs":false},"externalDependencies":[]},{"key":"proposal-class-properties","visitor":{"ExportDefaultDeclaration":{"enter":[null]},"_exploded":true,"_verified":true,"ClassExpression":{"enter":[null]},"ClassDeclaration":{"enter":[null]}},"options":{"loose":true},"externalDependencies":[]},{"key":"base$0$3","visitor":{"FunctionExpression":{"exit":[null]},"_exploded":true,"_verified":true},"options":{},"externalDependencies":[]},{"key":"base$0$4","visitor":{"ForInStatement":{"enter":[null]},"_exploded":true,"_verified":true},"options":{},"externalDependencies":[]},{"key":"transform-react-jsx","visitor":{"JSXNamespacedName":{"enter":[null]},"JSXSpreadChild":{"enter":[null]},"Program":{"enter":[null]},"JSXFragment":{"exit":[null]},"JSXElement":{"exit":[null]},"JSXAttribute":{"enter":[null]},"_exploded":true,"_verified":true},"options":{"pragma":"React.createElement","pragmaFrag":"React.Fragment","runtime":"classic","throwIfNamespace":true,"useBuiltIns":false},"externalDependencies":[]},{"key":"transform-react-display-name","visitor":{"ExportDefaultDeclaration":{"enter":[null]},"CallExpression":{"enter":[null]},"_exploded":true,"_verified":true},"options":{},"externalDependencies":[]},{"key":"transform-react-pure-annotations","visitor":{"CallExpression":{"enter":[null]},"_exploded":true,"_verified":true},"options":{},"externalDependencies":[]},{"key":"syntax-nullish-coalescing-operator","visitor":{"_exploded":true,"_verified":true},"options":{},"externalDependencies":[]},{"key":"proposal-nullish-coalescing-operator","visitor":{"LogicalExpression":{"enter":[null]},"_exploded":true,"_verified":true},"options":{},"externalDependencies":[]},{"key":"syntax-optional-chaining","visitor":{"_exploded":true,"_verified":true},"options":{},"externalDependencies":[]},{"key":"proposal-optional-chaining","visitor":{"OptionalCallExpression":{"enter":[null]},"OptionalMemberExpression":{"enter":[null]},"_exploded":true,"_verified":true},"options":{},"externalDependencies":[]},{"key":"syntax-optional-catch-binding","visitor":{"_exploded":true,"_verified":true},"options":{},"externalDependencies":[]},{"key":"proposal-optional-catch-binding","visitor":{"CatchClause":{"enter":[null]},"_exploded":true,"_verified":true},"options":{},"externalDependencies":[]},{"key":"syntax-class-properties","visitor":{"_exploded":true,"_verified":true},"options":{},"externalDependencies":[]},{"key":"proposal-class-properties","visitor":{"ExportDefaultDeclaration":{"enter":[null]},"_exploded":true,"_verified":true,"ClassExpression":{"enter":[null]},"ClassDeclaration":{"enter":[null]}},"options":{},"externalDependencies":[]},{"key":"syntax-async-generators","visitor":{"_exploded":true,"_verified":true},"options":{},"externalDependencies":[]},{"key":"proposal-async-generator-functions","visitor":{"Program":{"enter":[null]},"_exploded":true,"_verified":true},"options":{},"externalDependencies":[]},{"key":"syntax-object-rest-spread","visitor":{"_exploded":true,"_verified":true},"options":{},"externalDependencies":[]},{"key":"proposal-object-rest-spread","visitor":{"VariableDeclarator":{"enter":[null]},"ExportNamedDeclaration":{"enter":[null]},"CatchClause":{"enter":[null]},"AssignmentExpression":{"enter":[null]},"ArrayPattern":{"enter":[null]},"ObjectExpression":{"enter":[null]},"FunctionDeclaration":{"enter":[null]},"FunctionExpression":{"enter":[null]},"ObjectMethod":{"enter":[null]},"ArrowFunctionExpression":{"enter":[null]},"ClassMethod":{"enter":[null]},"ClassPrivateMethod":{"enter":[null]},"ForInStatement":{"enter":[null]},"ForOfStatement":{"enter":[null]},"_exploded":true,"_verified":true},"options":{},"externalDependencies":[]},{"key":"proposal-logical-assignment-operators","visitor":{"AssignmentExpression":{"enter":[null]},"_exploded":true,"_verified":true},"options":{},"externalDependencies":[]},{"key":"transform-arrow-functions","visitor":{"ArrowFunctionExpression":{"enter":[null]},"_exploded":true,"_verified":true},"options":{},"externalDependencies":[]},{"key":"transform-block-scoped-functions","visitor":{"BlockStatement":{"enter":[null]},"SwitchCase":{"enter":[null]},"_exploded":true,"_verified":true},"options":{},"externalDependencies":[]},{"key":"transform-block-scoping","visitor":{"VariableDeclaration":{"enter":[null,null]},"BlockStatement":{"enter":[null]},"SwitchCase":{"enter":[null]},"ClassDeclaration":{"enter":[null]},"DoWhileStatement":{"enter":[null]},"ForInStatement":{"enter":[null]},"ForStatement":{"enter":[null]},"WhileStatement":{"enter":[null]},"ForOfStatement":{"enter":[null]},"_exploded":true,"_verified":true},"options":{},"externalDependencies":[]},{"key":"transform-classes","visitor":{"ExportDefaultDeclaration":{"enter":[null]},"ClassDeclaration":{"enter":[null]},"ClassExpression":{"enter":[null]},"_exploded":true,"_verified":true},"options":{"loose":true},"externalDependencies":[]},{"key":"transform-computed-properties","visitor":{"ObjectExpression":{"exit":[null]},"_exploded":true,"_verified":true},"options":{"loose":true},"externalDependencies":[]},{"key":"transform-destructuring","visitor":{"ExportNamedDeclaration":{"enter":[null]},"CatchClause":{"enter":[null]},"AssignmentExpression":{"enter":[null]},"VariableDeclaration":{"enter":[null]},"_exploded":true,"_verified":true,"ForInStatement":{"enter":[null]},"ForOfStatement":{"enter":[null]}},"options":{},"externalDependencies":[]},{"key":"transform-for-of","visitor":{"ForOfStatement":{"enter":[null]},"_exploded":true,"_verified":true},"options":{"loose":true},"externalDependencies":[]},{"key":"transform-literals","visitor":{"NumericLiteral":{"enter":[null]},"StringLiteral":{"enter":[null]},"_exploded":true,"_verified":true},"options":{},"externalDependencies":[]},{"key":"transform-object-super","visitor":{"ObjectExpression":{"enter":[null]},"_exploded":true,"_verified":true,"DoWhileStatement":{"exit":[null]},"ForInStatement":{"exit":[null]},"ForStatement":{"exit":[null]},"WhileStatement":{"exit":[null]},"ForOfStatement":{"exit":[null]}},"options":{},"externalDependencies":[]},{"key":"transform-parameters","visitor":{"_exploded":true,"_verified":true,"FunctionDeclaration":{"enter":[null]},"FunctionExpression":{"enter":[null]},"ObjectMethod":{"enter":[null]},"ArrowFunctionExpression":{"enter":[null]},"ClassMethod":{"enter":[null]},"ClassPrivateMethod":{"enter":[null]}},"options":{},"externalDependencies":[]},{"key":"transform-shorthand-properties","visitor":{"ObjectMethod":{"enter":[null]},"ObjectProperty":{"enter":[null]},"_exploded":true,"_verified":true},"options":{},"externalDependencies":[]},{"key":"transform-spread","visitor":{"ArrayExpression":{"enter":[null]},"CallExpression":{"enter":[null]},"NewExpression":{"enter":[null]},"_exploded":true,"_verified":true},"options":{},"externalDependencies":[]},{"key":"transform-sticky-regex","visitor":{"RegExpLiteral":{"enter":[null]},"_exploded":true,"_verified":true},"options":{},"externalDependencies":[]},{"key":"transform-template-literals","visitor":{"TaggedTemplateExpression":{"enter":[null]},"TemplateLiteral":{"enter":[null]},"_exploded":true,"_verified":true},"options":{"loose":true},"externalDependencies":[]},{"key":"transform-typeof-symbol","visitor":{"UnaryExpression":{"enter":[null]},"_exploded":true,"_verified":true,"BlockStatement":{"enter":[null]},"CatchClause":{"enter":[null]},"DoWhileStatement":{"enter":[null]},"ForInStatement":{"enter":[null]},"ForStatement":{"enter":[null]},"FunctionDeclaration":{"enter":[null]},"FunctionExpression":{"enter":[null]},"Program":{"enter":[null]},"ObjectMethod":{"enter":[null]},"SwitchStatement":{"enter":[null]},"WhileStatement":{"enter":[null]},"ArrowFunctionExpression":{"enter":[null]},"ClassExpression":{"enter":[null]},"ClassDeclaration":{"enter":[null]},"ForOfStatement":{"enter":[null]},"ClassMethod":{"enter":[null]},"ClassPrivateMethod":{"enter":[null]},"StaticBlock":{"enter":[null]},"TSModuleBlock":{"enter":[null]},"AssignmentPattern":{"enter":[null]},"ArrayPattern":{"enter":[null]},"ObjectPattern":{"enter":[null]}},"options":{},"externalDependencies":[]},{"key":"transform-unicode-regex","visitor":{"RegExpLiteral":{"enter":[null]},"_exploded":true,"_verified":true},"options":{},"externalDependencies":[]},{"key":"transform-property-literals","visitor":{"ObjectProperty":{"exit":[null]},"_exploded":true,"_verified":true},"options":{},"externalDependencies":[]},{"key":"transform-exponentiation-operator","visitor":{"AssignmentExpression":{"enter":[null]},"BinaryExpression":{"enter":[null]},"_exploded":true,"_verified":true},"options":{},"externalDependencies":[]},{"key":"transform-regenerator","visitor":{"ObjectMethod":{"enter":[null],"exit":[null]},"ClassMethod":{"enter":[null],"exit":[null]},"ClassPrivateMethod":{"enter":[null],"exit":[null]},"FunctionDeclaration":{"exit":[null]},"FunctionExpression":{"exit":[null]},"ArrowFunctionExpression":{"exit":[null]},"MemberExpression":{"enter":[null]},"_exploded":true,"_verified":true},"options":{},"externalDependencies":[]}],"presets":[],"generatorOpts":{"filename":"/home/ani/Mergerware_assignment/Mererware_meteor/Mergerware_loanify/imports/ui/components/UsersEditUser/Forms/EditUserForm.js","comments":true,"compact":false,"sourceMaps":true,"sourceFileName":"imports/ui/components/UsersEditUser/Forms/EditUserForm.js","inputSourceMap":{"version":3,"names":["React","Component","Form","Icon","Input","Button","Checkbox","Select","Cascader","InputNumber","Upload","Typography","Radio","PageHeader","Popconfirm","notification","styles","actions","connect","Redirect","EditUserForm","state","idCardAttachment","deleteAccountRedirect","handleSubmit","e","preventDefault","props","form","validateFields","err","values","console","log","newUser","name","email","password","c_password","role","editUser","selectedUserId","componentDidUpdate","prevProps","editUserLoading","editUserMessage","success","message","description","placement","onDeleteUserConfirm","initDeleteUser","setState","deleteUserRedirect","onDeleteUserCancel","render","authRedirect","editedUserRedirect","isAuthenticated","getFieldDecorator","Text","serverErrors","editUserErrors","Array","isArray","length","lis","map","value","index","selUser","selectedUser","nullSelectedUserRedirect","_name","_email","_role","undefined","deleteBtn","userRoleAdmin","window","history","back","span","initialValue","rules","required","color","EditUserButton","mapStateToProps","loading","auth","error","access_token","authRedirectPath","users","user_role_admin","userRoleModerator","user_role_moderator","userRoleStandard","user_role_standard","mapDispatchToProps","dispatch","login","setAuthRedirectPath","user","token","userId","create"],"sources":["imports/ui/components/UsersEditUser/Forms/EditUserForm.js"],"sourcesContent":["import React, { Component } from 'react';\nimport {\n    Form, Icon, Input, Button, Checkbox, Select,\n    Cascader, InputNumber, Upload, Typography, Radio,\n    PageHeader,Popconfirm,notification\n} from 'antd';\nimport styles from './EditUserForm.module.css';\nimport * as actions from '../../../store/actions/index';\nimport { connect } from 'react-redux';\nimport { Redirect } from 'react-router-dom';\n\nclass EditUserForm extends Component {\n    state = { idCardAttachment: [],\n              deleteAccountRedirect:false,\n    }\n    handleSubmit = e => {\n        e.preventDefault();\n\n        this.props.form.validateFields((err, values) => {\n            if (!err) {\n                console.log('Received values of form: ', values);\n                let newUser = {\n                    name:values.name,\n                    email:values.email,\n                    password:values.password,\n                    c_password:values.c_password,\n                    role:values.role\n                };\n                this.props.editUser(\n                    newUser,\n                    this.props.selectedUserId,\n                    'sdsdsd');\n            }\n        });\n    };\n\n\n    componentDidUpdate=(prevProps)=> {\n        if(\n            prevProps.editUserLoading!==this.props.editUserLoading &&\n            this.props.editUserLoading === false &&\n            prevProps.editUserMessage!==this.props.editUserMessage&&\n            this.props.editUserMessage !== null\n        ){\n            notification.success({\n                message:\"Success\",\n                description:\"Successfully updated account.\",\n                placement:\"topRight\"\n            });\n        }\n    }\n\n\n    onDeleteUserConfirm = (e) => {\n        this.props.initDeleteUser(this.props.selectedUserId);\n        this.setState({\n            deleteUserRedirect:true\n        })\n    }\n    onDeleteUserCancel = (e) => {\n\n    }\n\n\n\n    render() {\n        let authRedirect = null;\n        let editedUserRedirect = null;\n        let deleteUserRedirect = null;\n\n        if (this.props.editUserMessage != null) {\n            editedUserRedirect = <Redirect to=\"/\" />\n        }\n        if (!this.props.isAuthenticated) {\n            authRedirect = <Redirect to=\"/\" />\n        }\n\n        if (this.state.deleteUserRedirect === true) {\n            deleteUserRedirect = <Redirect to=\"/users/all\" />\n        }\n\n        const { getFieldDecorator } = this.props.form;\n        const { Text } = Typography;\n\n        let serverErrors = null;\n\n        if (this.props.editUserErrors &&\n            Array.isArray(this.props.editUserErrors) &&\n            this.props.editUserErrors.length > 0) {\n            let lis =\n                this.props.editUserErrors.map((value, index) => (\n                    <li key={index}><Text type=\"danger\">{value}</Text></li>\n                ));\n            serverErrors = (<ul>{lis}</ul>)\n        }\n\n        const selUser = this.props.selectedUser;\n        let nullSelectedUserRedirect = null;\n\n        let _name = null;\n        let _email = null;\n        let _role = null;\n\n        if (selUser !== null) {\n            _name = (selUser.name !== undefined) ? selUser.name : null;\n            _email = (selUser.email !== undefined) ? selUser.email : null;\n            _role = (selUser.role !== undefined) ? selUser.role : null;\n        }\n        else {\n            nullSelectedUserRedirect = <Redirect to=\"/\" />\n        }\n        let deleteBtn = null;\n        if(this.props.userRoleAdmin==1){\n            deleteBtn=(<Popconfirm\n                title=\"Are you sure delete this account?\"\n                onConfirm={this.onDeleteUserConfirm}\n                onCancel={this.onDeleteUserCancel}\n                okText=\"Yes\"\n                cancelText=\"No\"\n            >\n                <Button key=\"2\">Delete account</Button>\n            </Popconfirm>\n            );\n        }\n        return (\n            <div>\n                {/*authRedirect*/}\n                {editedUserRedirect}\n                {deleteUserRedirect}\n                {nullSelectedUserRedirect}\n                {serverErrors}\n                <PageHeader\n                    title=\"Edit User\"\n                    onBack={() => window.history.back()}\n                     extra={[\n                         deleteBtn\n                     ]}\n                />\n                <Form labelCol={{ span: 24 }} wrapperCol={{ span: 24 }} onSubmit={this.handleSubmit}>\n                    <Form.Item label=\"Name\">\n                        {getFieldDecorator('name', {\n                            initialValue: _name,\n                            rules: [{ required: true, message: 'Please input your name!' }],\n                        })(\n                            <Input\n                                prefix={<Icon type=\"user\" style={{ color: 'rgba(0,0,0,.25)' }} />}\n                                placeholder=\"Name\"\n                                size=\"large\"\n                            />,\n                        )}\n                    </Form.Item>\n                    <Form.Item label=\"Email\">\n                        {getFieldDecorator('email', {\n                            initialValue: _email,\n                            rules: [{ required: true, message: 'Please input your email!' }],\n                        })(\n                            <Input\n                                prefix={<Icon type=\"user\" style={{ color: 'rgba(0,0,0,.25)' }} />}\n                                placeholder=\"Email\"\n                                size=\"large\"\n                            />,\n                        )}\n                    </Form.Item>\n                    <Form.Item label=\"Type password(to change password)\">\n                        {getFieldDecorator('password', {\n                        })(\n                            <Input\n                                prefix={<Icon type=\"lock\" style={{ color: 'rgba(0,0,0,.25)' }} />}\n                                type=\"password\"\n                                placeholder=\"Password\"\n                                size=\"large\"\n                            />,\n                        )}\n                    </Form.Item>\n                    <Form.Item label=\"Retype password\">\n                        {getFieldDecorator('c_password', {\n                        })(\n                            <Input\n                                prefix={<Icon type=\"lock\" style={{ color: 'rgba(0,0,0,.25)' }} />}\n                                type=\"password\"\n                                placeholder=\"Retype Password\"\n                                size=\"large\"\n                            />,\n                        )}\n                    </Form.Item>\n                    <Form.Item label=\"Role\">\n                        {getFieldDecorator('role', {\n                            initialValue: _role,\n                            rules: [{ required: true, message: 'Please input Phone Number!' }],\n                        })(\n                            <Radio.Group>\n                                <Radio value=\"0\">Admin</Radio>\n                                <Radio value=\"1\">Accounts (Moderator)</Radio>\n                                <Radio value=\"2\">Cashier (Standard User)</Radio>\n                            </Radio.Group>,\n                        )}\n                    </Form.Item>\n\n                    <Button type=\"primary\"\n                        htmlType=\"submit\"\n                        className={styles.EditUserButton}\n                        size=\"large\"\n                    >\n                        Edit User\n                   </Button>\n\n                </Form >\n            </div >\n        );\n    }\n}\n\nconst mapStateToProps = state => {\n    return {\n        loading: state.auth.loading,\n        error: state.auth.error,\n        isAuthenticated: state.auth.access_token !== null,\n        authRedirectPath: state.auth.authRedirectPath,\n        editUserLoading: state.users.editUserLoading,\n        editUserMessage: state.users.editUserMessage,\n        editUserErrors: state.users.editUserErrors,\n        selectedUserId: state.users.selectedUserId,\n        selectedUser: state.users.selectedUser,\n        userRoleAdmin: state.auth.user_role_admin,\n        userRoleModerator: state.auth.user_role_moderator,\n        userRoleStandard: state.auth.user_role_standard,\n\n    }\n}\nconst mapDispatchToProps = dispatch => {\n    return {\n        login: (email, password) => dispatch(actions.login(email, password)),\n        setAuthRedirectPath: () => dispatch(actions.setAuthRedirectPath('/ ')),\n        editUser: (user, selectedUserId, token) => dispatch(actions.editUser(user, selectedUserId, token)),\n\n        initDeleteUser: (userId) => dispatch(actions.initDeleteUser(userId)),\n    }\n}\n//export default Form.create()(LoginForm);\nexport default connect(mapStateToProps, mapDispatchToProps)(Form.create()(EditUserForm));\n"],"mappings":";AAAA,OAAOA,KAAK,IAAIC,SAAS,QAAQ,OAAO;AACxC,SACIC,IAAI,EAAEC,IAAI,EAAEC,KAAK,EAAEC,MAAM,EAAEC,QAAQ,EAAEC,MAAM,EAC3CC,QAAQ,EAAEC,WAAW,EAAEC,MAAM,EAAEC,UAAU,EAAEC,KAAK,EAChDC,UAAU,EAACC,UAAU,EAACC,YAAY,QAC/B,MAAM;AACb,OAAOC,MAAM,MAAM,2BAA2B;AAC9C,OAAO,KAAKC,OAAO,MAAM,8BAA8B;AACvD,SAASC,OAAO,QAAQ,aAAa;AACrC,SAASC,QAAQ,QAAQ,kBAAkB;AAE3C,MAAMC,YAAY,SAASnB,SAAS,CAAC;EACjCoB,KAAK,GAAG;IAAEC,gBAAgB,EAAE,EAAE;IACpBC,qBAAqB,EAAC;EAChC,CAAC;EACDC,YAAY,GAAGC,CAAC,IAAI;IAChBA,CAAC,CAACC,cAAc,CAAC,CAAC;IAElB,IAAI,CAACC,KAAK,CAACC,IAAI,CAACC,cAAc,CAAC,CAACC,GAAG,EAAEC,MAAM,KAAK;MAC5C,IAAI,CAACD,GAAG,EAAE;QACNE,OAAO,CAACC,GAAG,CAAC,2BAA2B,EAAEF,MAAM,CAAC;QAChD,IAAIG,OAAO,GAAG;UACVC,IAAI,EAACJ,MAAM,CAACI,IAAI;UAChBC,KAAK,EAACL,MAAM,CAACK,KAAK;UAClBC,QAAQ,EAACN,MAAM,CAACM,QAAQ;UACxBC,UAAU,EAACP,MAAM,CAACO,UAAU;UAC5BC,IAAI,EAACR,MAAM,CAACQ;QAChB,CAAC;QACD,IAAI,CAACZ,KAAK,CAACa,QAAQ,CACfN,OAAO,EACP,IAAI,CAACP,KAAK,CAACc,cAAc,EACzB,QAAQ,CAAC;MACjB;IACJ,CAAC,CAAC;EACN,CAAC;EAGDC,kBAAkB,GAAEC,SAAS,IAAI;IAC7B,IACIA,SAAS,CAACC,eAAe,KAAG,IAAI,CAACjB,KAAK,CAACiB,eAAe,IACtD,IAAI,CAACjB,KAAK,CAACiB,eAAe,KAAK,KAAK,IACpCD,SAAS,CAACE,eAAe,KAAG,IAAI,CAAClB,KAAK,CAACkB,eAAe,IACtD,IAAI,CAAClB,KAAK,CAACkB,eAAe,KAAK,IAAI,EACtC;MACG9B,YAAY,CAAC+B,OAAO,CAAC;QACjBC,OAAO,EAAC,SAAS;QACjBC,WAAW,EAAC,+BAA+B;QAC3CC,SAAS,EAAC;MACd,CAAC,CAAC;IACN;EACJ,CAAC;EAGDC,mBAAmB,GAAIzB,CAAC,IAAK;IACzB,IAAI,CAACE,KAAK,CAACwB,cAAc,CAAC,IAAI,CAACxB,KAAK,CAACc,cAAc,CAAC;IACpD,IAAI,CAACW,QAAQ,CAAC;MACVC,kBAAkB,EAAC;IACvB,CAAC,CAAC;EACN,CAAC;EACDC,kBAAkB,GAAI7B,CAAC,IAAK,CAE5B,CAAC;EAID8B,MAAMA,CAAA,EAAG;IACL,IAAIC,YAAY,GAAG,IAAI;IACvB,IAAIC,kBAAkB,GAAG,IAAI;IAC7B,IAAIJ,kBAAkB,GAAG,IAAI;IAE7B,IAAI,IAAI,CAAC1B,KAAK,CAACkB,eAAe,IAAI,IAAI,EAAE;MACpCY,kBAAkB,GAAG,CAAC,QAAQ,CAAC,EAAE,CAAC,GAAG,GAAG;IAC5C;IACA,IAAI,CAAC,IAAI,CAAC9B,KAAK,CAAC+B,eAAe,EAAE;MAC7BF,YAAY,GAAG,CAAC,QAAQ,CAAC,EAAE,CAAC,GAAG,GAAG;IACtC;IAEA,IAAI,IAAI,CAACnC,KAAK,CAACgC,kBAAkB,KAAK,IAAI,EAAE;MACxCA,kBAAkB,GAAG,CAAC,QAAQ,CAAC,EAAE,CAAC,YAAY,GAAG;IACrD;IAEA,MAAM;MAAEM;IAAkB,CAAC,GAAG,IAAI,CAAChC,KAAK,CAACC,IAAI;IAC7C,MAAM;MAAEgC;IAAK,CAAC,GAAGjD,UAAU;IAE3B,IAAIkD,YAAY,GAAG,IAAI;IAEvB,IAAI,IAAI,CAAClC,KAAK,CAACmC,cAAc,IACzBC,KAAK,CAACC,OAAO,CAAC,IAAI,CAACrC,KAAK,CAACmC,cAAc,CAAC,IACxC,IAAI,CAACnC,KAAK,CAACmC,cAAc,CAACG,MAAM,GAAG,CAAC,EAAE;MACtC,IAAIC,GAAG,GACH,IAAI,CAACvC,KAAK,CAACmC,cAAc,CAACK,GAAG,CAAC,CAACC,KAAK,EAAEC,KAAK,KACvC,CAAC,EAAE,CAAC,GAAG,CAAC,CAACA,KAAK,CAAC,CAAC,CAAC,IAAI,CAAC,IAAI,CAAC,QAAQ,CAAC,CAACD,KAAK,CAAC,EAAE,IAAI,CAAC,EAAE,EAAE,CACzD,CAAC;MACNP,YAAY,GAAI,CAAC,EAAE,CAAC,CAACK,GAAG,CAAC,EAAE,EAAE,CAAE;IACnC;IAEA,MAAMI,OAAO,GAAG,IAAI,CAAC3C,KAAK,CAAC4C,YAAY;IACvC,IAAIC,wBAAwB,GAAG,IAAI;IAEnC,IAAIC,KAAK,GAAG,IAAI;IAChB,IAAIC,MAAM,GAAG,IAAI;IACjB,IAAIC,KAAK,GAAG,IAAI;IAEhB,IAAIL,OAAO,KAAK,IAAI,EAAE;MAClBG,KAAK,GAAIH,OAAO,CAACnC,IAAI,KAAKyC,SAAS,GAAIN,OAAO,CAACnC,IAAI,GAAG,IAAI;MAC1DuC,MAAM,GAAIJ,OAAO,CAAClC,KAAK,KAAKwC,SAAS,GAAIN,OAAO,CAAClC,KAAK,GAAG,IAAI;MAC7DuC,KAAK,GAAIL,OAAO,CAAC/B,IAAI,KAAKqC,SAAS,GAAIN,OAAO,CAAC/B,IAAI,GAAG,IAAI;IAC9D,CAAC,MACI;MACDiC,wBAAwB,GAAG,CAAC,QAAQ,CAAC,EAAE,CAAC,GAAG,GAAG;IAClD;IACA,IAAIK,SAAS,GAAG,IAAI;IACpB,IAAG,IAAI,CAAClD,KAAK,CAACmD,aAAa,IAAE,CAAC,EAAC;MAC3BD,SAAS,GAAE,CAAC,UAAU,CAClB,KAAK,CAAC,mCAAmC,CACzC,SAAS,CAAC,CAAC,IAAI,CAAC3B,mBAAmB,CAAC,CACpC,QAAQ,CAAC,CAAC,IAAI,CAACI,kBAAkB,CAAC,CAClC,MAAM,CAAC,KAAK,CACZ,UAAU,CAAC,IAAI;AAE/B,gBAAgB,CAAC,MAAM,CAAC,GAAG,CAAC,GAAG,CAAC,cAAc,EAAE,MAAM;AACtD,YAAY,EAAE,UAAU,CACX;IACL;IACA,OACI,CAAC,GAAG;AAChB,gBAAgB,CAAC,gBAAgB;AACjC,gBAAgB,CAACG,kBAAkB;AACnC,gBAAgB,CAACJ,kBAAkB;AACnC,gBAAgB,CAACmB,wBAAwB;AACzC,gBAAgB,CAACX,YAAY;AAC7B,gBAAgB,CAAC,UAAU,CACP,KAAK,CAAC,WAAW,CACjB,MAAM,CAAC,CAAC,MAAMkB,MAAM,CAACC,OAAO,CAACC,IAAI,CAAC,CAAC,CAAC,CACnC,KAAK,CAAC,CAAC,CACHJ,SAAS,CACZ,CAAC;AAEvB,gBAAgB,CAAC,IAAI,CAAC,QAAQ,CAAC,CAAC;QAAEK,IAAI,EAAE;MAAG,CAAC,CAAC,CAAC,UAAU,CAAC,CAAC;QAAEA,IAAI,EAAE;MAAG,CAAC,CAAC,CAAC,QAAQ,CAAC,CAAC,IAAI,CAAC1D,YAAY,CAAC;AACpG,oBAAoB,CAAC,IAAI,CAAC,IAAI,CAAC,KAAK,CAAC,MAAM;AAC3C,wBAAwB,CAACmC,iBAAiB,CAAC,MAAM,EAAE;YACvBwB,YAAY,EAAEV,KAAK;YACnBW,KAAK,EAAE,CAAC;cAAEC,QAAQ,EAAE,IAAI;cAAEtC,OAAO,EAAE;YAA0B,CAAC;UAClE,CAAC,CAAC,CACE,CAAC,KAAK,CACF,MAAM,CAAC,CAAC,CAAC,IAAI,CAAC,IAAI,CAAC,MAAM,CAAC,KAAK,CAAC,CAAC;YAAEuC,KAAK,EAAE;UAAkB,CAAC,CAAC,GAAG,CAAC,CAClE,WAAW,CAAC,MAAM,CAClB,IAAI,CAAC,OAAO,GAEpB,CAAC;AACzB,oBAAoB,EAAE,IAAI,CAAC,IAAI;AAC/B,oBAAoB,CAAC,IAAI,CAAC,IAAI,CAAC,KAAK,CAAC,OAAO;AAC5C,wBAAwB,CAAC3B,iBAAiB,CAAC,OAAO,EAAE;YACxBwB,YAAY,EAAET,MAAM;YACpBU,KAAK,EAAE,CAAC;cAAEC,QAAQ,EAAE,IAAI;cAAEtC,OAAO,EAAE;YAA2B,CAAC;UACnE,CAAC,CAAC,CACE,CAAC,KAAK,CACF,MAAM,CAAC,CAAC,CAAC,IAAI,CAAC,IAAI,CAAC,MAAM,CAAC,KAAK,CAAC,CAAC;YAAEuC,KAAK,EAAE;UAAkB,CAAC,CAAC,GAAG,CAAC,CAClE,WAAW,CAAC,OAAO,CACnB,IAAI,CAAC,OAAO,GAEpB,CAAC;AACzB,oBAAoB,EAAE,IAAI,CAAC,IAAI;AAC/B,oBAAoB,CAAC,IAAI,CAAC,IAAI,CAAC,KAAK,CAAC,mCAAmC;AACxE,wBAAwB,CAAC3B,iBAAiB,CAAC,UAAU,EAAE,CAC/B,CAAC,CAAC,CACE,CAAC,KAAK,CACF,MAAM,CAAC,CAAC,CAAC,IAAI,CAAC,IAAI,CAAC,MAAM,CAAC,KAAK,CAAC,CAAC;YAAE2B,KAAK,EAAE;UAAkB,CAAC,CAAC,GAAG,CAAC,CAClE,IAAI,CAAC,UAAU,CACf,WAAW,CAAC,UAAU,CACtB,IAAI,CAAC,OAAO,GAEpB,CAAC;AACzB,oBAAoB,EAAE,IAAI,CAAC,IAAI;AAC/B,oBAAoB,CAAC,IAAI,CAAC,IAAI,CAAC,KAAK,CAAC,iBAAiB;AACtD,wBAAwB,CAAC3B,iBAAiB,CAAC,YAAY,EAAE,CACjC,CAAC,CAAC,CACE,CAAC,KAAK,CACF,MAAM,CAAC,CAAC,CAAC,IAAI,CAAC,IAAI,CAAC,MAAM,CAAC,KAAK,CAAC,CAAC;YAAE2B,KAAK,EAAE;UAAkB,CAAC,CAAC,GAAG,CAAC,CAClE,IAAI,CAAC,UAAU,CACf,WAAW,CAAC,iBAAiB,CAC7B,IAAI,CAAC,OAAO,GAEpB,CAAC;AACzB,oBAAoB,EAAE,IAAI,CAAC,IAAI;AAC/B,oBAAoB,CAAC,IAAI,CAAC,IAAI,CAAC,KAAK,CAAC,MAAM;AAC3C,wBAAwB,CAAC3B,iBAAiB,CAAC,MAAM,EAAE;YACvBwB,YAAY,EAAER,KAAK;YACnBS,KAAK,EAAE,CAAC;cAAEC,QAAQ,EAAE,IAAI;cAAEtC,OAAO,EAAE;YAA6B,CAAC;UACrE,CAAC,CAAC,CACE,CAAC,KAAK,CAAC,KAAK;AACxC,gCAAgC,CAAC,KAAK,CAAC,KAAK,CAAC,GAAG,CAAC,KAAK,EAAE,KAAK;AAC7D,gCAAgC,CAAC,KAAK,CAAC,KAAK,CAAC,GAAG,CAAC,oBAAoB,EAAE,KAAK;AAC5E,gCAAgC,CAAC,KAAK,CAAC,KAAK,CAAC,GAAG,CAAC,uBAAuB,EAAE,KAAK;AAC/E,4BAA4B,EAAE,KAAK,CAAC,KAAK,CACjB,CAAC;AACzB,oBAAoB,EAAE,IAAI,CAAC,IAAI;AAC/B;AACA,oBAAoB,CAAC,MAAM,CAAC,IAAI,CAAC,SAAS,CAClB,QAAQ,CAAC,QAAQ,CACjB,SAAS,CAAC,CAAC/B,MAAM,CAACuE,cAAc,CAAC,CACjC,IAAI,CAAC,OAAO;AAEpC;AACA,mBAAmB,EAAE,MAAM;AAC3B;AACA,gBAAgB,EAAE,IAAI;AACtB,YAAY,EAAE,GAAG,CAAE;EAEf;AACJ;AAEA,MAAMC,eAAe,GAAGnE,KAAK,IAAI;EAC7B,OAAO;IACHoE,OAAO,EAAEpE,KAAK,CAACqE,IAAI,CAACD,OAAO;IAC3BE,KAAK,EAAEtE,KAAK,CAACqE,IAAI,CAACC,KAAK;IACvBjC,eAAe,EAAErC,KAAK,CAACqE,IAAI,CAACE,YAAY,KAAK,IAAI;IACjDC,gBAAgB,EAAExE,KAAK,CAACqE,IAAI,CAACG,gBAAgB;IAC7CjD,eAAe,EAAEvB,KAAK,CAACyE,KAAK,CAAClD,eAAe;IAC5CC,eAAe,EAAExB,KAAK,CAACyE,KAAK,CAACjD,eAAe;IAC5CiB,cAAc,EAAEzC,KAAK,CAACyE,KAAK,CAAChC,cAAc;IAC1CrB,cAAc,EAAEpB,KAAK,CAACyE,KAAK,CAACrD,cAAc;IAC1C8B,YAAY,EAAElD,KAAK,CAACyE,KAAK,CAACvB,YAAY;IACtCO,aAAa,EAAEzD,KAAK,CAACqE,IAAI,CAACK,eAAe;IACzCC,iBAAiB,EAAE3E,KAAK,CAACqE,IAAI,CAACO,mBAAmB;IACjDC,gBAAgB,EAAE7E,KAAK,CAACqE,IAAI,CAACS;EAEjC,CAAC;AACL,CAAC;AACD,MAAMC,kBAAkB,GAAGC,QAAQ,IAAI;EACnC,OAAO;IACHC,KAAK,EAAEA,CAAClE,KAAK,EAAEC,QAAQ,KAAKgE,QAAQ,CAACpF,OAAO,CAACqF,KAAK,CAAClE,KAAK,EAAEC,QAAQ,CAAC,CAAC;IACpEkE,mBAAmB,EAAEA,CAAA,KAAMF,QAAQ,CAACpF,OAAO,CAACsF,mBAAmB,CAAC,IAAI,CAAC,CAAC;IACtE/D,QAAQ,EAAEA,CAACgE,IAAI,EAAE/D,cAAc,EAAEgE,KAAK,KAAKJ,QAAQ,CAACpF,OAAO,CAACuB,QAAQ,CAACgE,IAAI,EAAE/D,cAAc,EAAEgE,KAAK,CAAC,CAAC;IAElGtD,cAAc,EAAGuD,MAAM,IAAKL,QAAQ,CAACpF,OAAO,CAACkC,cAAc,CAACuD,MAAM,CAAC;EACvE,CAAC;AACL,CAAC;AACD;AACA,eAAexF,OAAO,CAACsE,eAAe,EAAEY,kBAAkB,CAAC,CAAClG,IAAI,CAACyG,MAAM,CAAC,CAAC,CAACvF,YAAY,CAAC,CAAC"}}},"code":"!function (module1) {\n  var _inheritsLoose;\n  module1.link(\"@babel/runtime/helpers/inheritsLoose\", {\n    default: function (v) {\n      _inheritsLoose = v;\n    }\n  }, 0);\n  var React, Component;\n  module1.link(\"react\", {\n    \"default\": function (v) {\n      React = v;\n    },\n    Component: function (v) {\n      Component = v;\n    }\n  }, 0);\n  var Form, Icon, Input, Button, Checkbox, Select, Cascader, InputNumber, Upload, Typography, Radio, PageHeader, Popconfirm, notification;\n  module1.link(\"antd\", {\n    Form: function (v) {\n      Form = v;\n    },\n    Icon: function (v) {\n      Icon = v;\n    },\n    Input: function (v) {\n      Input = v;\n    },\n    Button: function (v) {\n      Button = v;\n    },\n    Checkbox: function (v) {\n      Checkbox = v;\n    },\n    Select: function (v) {\n      Select = v;\n    },\n    Cascader: function (v) {\n      Cascader = v;\n    },\n    InputNumber: function (v) {\n      InputNumber = v;\n    },\n    Upload: function (v) {\n      Upload = v;\n    },\n    Typography: function (v) {\n      Typography = v;\n    },\n    Radio: function (v) {\n      Radio = v;\n    },\n    PageHeader: function (v) {\n      PageHeader = v;\n    },\n    Popconfirm: function (v) {\n      Popconfirm = v;\n    },\n    notification: function (v) {\n      notification = v;\n    }\n  }, 1);\n  var styles;\n  module1.link(\"./EditUserForm.module.css\", {\n    \"default\": function (v) {\n      styles = v;\n    }\n  }, 2);\n  var actions;\n  module1.link(\"../../../store/actions/index\", {\n    \"*\": function (v) {\n      actions = v;\n    }\n  }, 3);\n  var connect;\n  module1.link(\"react-redux\", {\n    connect: function (v) {\n      connect = v;\n    }\n  }, 4);\n  var Redirect;\n  module1.link(\"react-router-dom\", {\n    Redirect: function (v) {\n      Redirect = v;\n    }\n  }, 5);\n  ___INIT_METEOR_FAST_REFRESH(module);\n  var EditUserForm = /*#__PURE__*/function (_Component) {\n    _inheritsLoose(EditUserForm, _Component);\n    function EditUserForm() {\n      var _this;\n      for (var _len = arguments.length, args = new Array(_len), _key = 0; _key < _len; _key++) {\n        args[_key] = arguments[_key];\n      }\n      _this = _Component.call.apply(_Component, [this].concat(args)) || this;\n      _this.state = {\n        idCardAttachment: [],\n        deleteAccountRedirect: false\n      };\n      _this.handleSubmit = function (e) {\n        e.preventDefault();\n        _this.props.form.validateFields(function (err, values) {\n          if (!err) {\n            console.log('Received values of form: ', values);\n            var newUser = {\n              name: values.name,\n              email: values.email,\n              password: values.password,\n              c_password: values.c_password,\n              role: values.role\n            };\n            _this.props.editUser(newUser, _this.props.selectedUserId, 'sdsdsd');\n          }\n        });\n      };\n      _this.componentDidUpdate = function (prevProps) {\n        if (prevProps.editUserLoading !== _this.props.editUserLoading && _this.props.editUserLoading === false && prevProps.editUserMessage !== _this.props.editUserMessage && _this.props.editUserMessage !== null) {\n          notification.success({\n            message: \"Success\",\n            description: \"Successfully updated account.\",\n            placement: \"topRight\"\n          });\n        }\n      };\n      _this.onDeleteUserConfirm = function (e) {\n        _this.props.initDeleteUser(_this.props.selectedUserId);\n        _this.setState({\n          deleteUserRedirect: true\n        });\n      };\n      _this.onDeleteUserCancel = function (e) {};\n      return _this;\n    }\n    var _proto = EditUserForm.prototype;\n    _proto.render = function () {\n      function render() {\n        var authRedirect = null;\n        var editedUserRedirect = null;\n        var deleteUserRedirect = null;\n        if (this.props.editUserMessage != null) {\n          editedUserRedirect = /*#__PURE__*/React.createElement(Redirect, {\n            to: \"/\"\n          });\n        }\n        if (!this.props.isAuthenticated) {\n          authRedirect = /*#__PURE__*/React.createElement(Redirect, {\n            to: \"/\"\n          });\n        }\n        if (this.state.deleteUserRedirect === true) {\n          deleteUserRedirect = /*#__PURE__*/React.createElement(Redirect, {\n            to: \"/users/all\"\n          });\n        }\n        var getFieldDecorator = this.props.form.getFieldDecorator;\n        var _Typography = Typography,\n          Text = _Typography.Text;\n        var serverErrors = null;\n        if (this.props.editUserErrors && Array.isArray(this.props.editUserErrors) && this.props.editUserErrors.length > 0) {\n          var lis = this.props.editUserErrors.map(function (value, index) {\n            return /*#__PURE__*/React.createElement(\"li\", {\n              key: index\n            }, /*#__PURE__*/React.createElement(Text, {\n              type: \"danger\"\n            }, value));\n          });\n          serverErrors = /*#__PURE__*/React.createElement(\"ul\", null, lis);\n        }\n        var selUser = this.props.selectedUser;\n        var nullSelectedUserRedirect = null;\n        var _name = null;\n        var _email = null;\n        var _role = null;\n        if (selUser !== null) {\n          _name = selUser.name !== undefined ? selUser.name : null;\n          _email = selUser.email !== undefined ? selUser.email : null;\n          _role = selUser.role !== undefined ? selUser.role : null;\n        } else {\n          nullSelectedUserRedirect = /*#__PURE__*/React.createElement(Redirect, {\n            to: \"/\"\n          });\n        }\n        var deleteBtn = null;\n        if (this.props.userRoleAdmin == 1) {\n          deleteBtn = /*#__PURE__*/React.createElement(Popconfirm, {\n            title: \"Are you sure delete this account?\",\n            onConfirm: this.onDeleteUserConfirm,\n            onCancel: this.onDeleteUserCancel,\n            okText: \"Yes\",\n            cancelText: \"No\"\n          }, /*#__PURE__*/React.createElement(Button, {\n            key: \"2\"\n          }, \"Delete account\"));\n        }\n        return /*#__PURE__*/React.createElement(\"div\", null, editedUserRedirect, deleteUserRedirect, nullSelectedUserRedirect, serverErrors, /*#__PURE__*/React.createElement(PageHeader, {\n          title: \"Edit User\",\n          onBack: function () {\n            return window.history.back();\n          },\n          extra: [deleteBtn]\n        }), /*#__PURE__*/React.createElement(Form, {\n          labelCol: {\n            span: 24\n          },\n          wrapperCol: {\n            span: 24\n          },\n          onSubmit: this.handleSubmit\n        }, /*#__PURE__*/React.createElement(Form.Item, {\n          label: \"Name\"\n        }, getFieldDecorator('name', {\n          initialValue: _name,\n          rules: [{\n            required: true,\n            message: 'Please input your name!'\n          }]\n        })( /*#__PURE__*/React.createElement(Input, {\n          prefix: /*#__PURE__*/React.createElement(Icon, {\n            type: \"user\",\n            style: {\n              color: 'rgba(0,0,0,.25)'\n            }\n          }),\n          placeholder: \"Name\",\n          size: \"large\"\n        }))), /*#__PURE__*/React.createElement(Form.Item, {\n          label: \"Email\"\n        }, getFieldDecorator('email', {\n          initialValue: _email,\n          rules: [{\n            required: true,\n            message: 'Please input your email!'\n          }]\n        })( /*#__PURE__*/React.createElement(Input, {\n          prefix: /*#__PURE__*/React.createElement(Icon, {\n            type: \"user\",\n            style: {\n              color: 'rgba(0,0,0,.25)'\n            }\n          }),\n          placeholder: \"Email\",\n          size: \"large\"\n        }))), /*#__PURE__*/React.createElement(Form.Item, {\n          label: \"Type password(to change password)\"\n        }, getFieldDecorator('password', {})( /*#__PURE__*/React.createElement(Input, {\n          prefix: /*#__PURE__*/React.createElement(Icon, {\n            type: \"lock\",\n            style: {\n              color: 'rgba(0,0,0,.25)'\n            }\n          }),\n          type: \"password\",\n          placeholder: \"Password\",\n          size: \"large\"\n        }))), /*#__PURE__*/React.createElement(Form.Item, {\n          label: \"Retype password\"\n        }, getFieldDecorator('c_password', {})( /*#__PURE__*/React.createElement(Input, {\n          prefix: /*#__PURE__*/React.createElement(Icon, {\n            type: \"lock\",\n            style: {\n              color: 'rgba(0,0,0,.25)'\n            }\n          }),\n          type: \"password\",\n          placeholder: \"Retype Password\",\n          size: \"large\"\n        }))), /*#__PURE__*/React.createElement(Form.Item, {\n          label: \"Role\"\n        }, getFieldDecorator('role', {\n          initialValue: _role,\n          rules: [{\n            required: true,\n            message: 'Please input Phone Number!'\n          }]\n        })( /*#__PURE__*/React.createElement(Radio.Group, null, /*#__PURE__*/React.createElement(Radio, {\n          value: \"0\"\n        }, \"Admin\"), /*#__PURE__*/React.createElement(Radio, {\n          value: \"1\"\n        }, \"Accounts (Moderator)\"), /*#__PURE__*/React.createElement(Radio, {\n          value: \"2\"\n        }, \"Cashier (Standard User)\")))), /*#__PURE__*/React.createElement(Button, {\n          type: \"primary\",\n          htmlType: \"submit\",\n          className: styles.EditUserButton,\n          size: \"large\"\n        }, \"Edit User\")));\n      }\n      return render;\n    }();\n    return EditUserForm;\n  }(Component);\n  var mapStateToProps = function (state) {\n    return {\n      loading: state.auth.loading,\n      error: state.auth.error,\n      isAuthenticated: state.auth.access_token !== null,\n      authRedirectPath: state.auth.authRedirectPath,\n      editUserLoading: state.users.editUserLoading,\n      editUserMessage: state.users.editUserMessage,\n      editUserErrors: state.users.editUserErrors,\n      selectedUserId: state.users.selectedUserId,\n      selectedUser: state.users.selectedUser,\n      userRoleAdmin: state.auth.user_role_admin,\n      userRoleModerator: state.auth.user_role_moderator,\n      userRoleStandard: state.auth.user_role_standard\n    };\n  };\n  var mapDispatchToProps = function (dispatch) {\n    return {\n      login: function (email, password) {\n        return dispatch(actions.login(email, password));\n      },\n      setAuthRedirectPath: function () {\n        return dispatch(actions.setAuthRedirectPath('/ '));\n      },\n      editUser: function (user, selectedUserId, token) {\n        return dispatch(actions.editUser(user, selectedUserId, token));\n      },\n      initDeleteUser: function (userId) {\n        return dispatch(actions.initDeleteUser(userId));\n      }\n    };\n  };\n  //export default Form.create()(LoginForm);\n  module1.exportDefault(connect(mapStateToProps, mapDispatchToProps)(Form.create()(EditUserForm)));\n}.call(this, module);","map":{"version":3,"names":["EditUserForm","_Component","_inheritsLoose","_this","_len","arguments","length","args","Array","_key","call","apply","concat","state","idCardAttachment","deleteAccountRedirect","handleSubmit","e","preventDefault","props","form","validateFields","err","values","console","log","newUser","name","email","password","c_password","role","editUser","selectedUserId","componentDidUpdate","prevProps","editUserLoading","editUserMessage","notification","success","message","description","placement","onDeleteUserConfirm","initDeleteUser","setState","deleteUserRedirect","onDeleteUserCancel","_proto","prototype","render","authRedirect","editedUserRedirect","React","createElement","Redirect","to","isAuthenticated","getFieldDecorator","_Typography","Typography","Text","serverErrors","editUserErrors","isArray","lis","map","value","index","key","type","selUser","selectedUser","nullSelectedUserRedirect","_name","_email","_role","undefined","deleteBtn","userRoleAdmin","Popconfirm","title","onConfirm","onCancel","okText","cancelText","Button","PageHeader","onBack","window","history","back","extra","Form","labelCol","span","wrapperCol","onSubmit","Item","label","initialValue","rules","required","Input","prefix","Icon","style","color","placeholder","size","Radio","Group","htmlType","className","styles","EditUserButton","Component","mapStateToProps","loading","auth","error","access_token","authRedirectPath","users","user_role_admin","userRoleModerator","user_role_moderator","userRoleStandard","user_role_standard","mapDispatchToProps","dispatch","login","actions","setAuthRedirectPath","user","token","userId","connect","create"],"sources":["imports/ui/components/UsersEditUser/Forms/EditUserForm.js"],"sourcesContent":["import React, { Component } from 'react';\nimport {\n    Form, Icon, Input, Button, Checkbox, Select,\n    Cascader, InputNumber, Upload, Typography, Radio,\n    PageHeader,Popconfirm,notification\n} from 'antd';\nimport styles from './EditUserForm.module.css';\nimport * as actions from '../../../store/actions/index';\nimport { connect } from 'react-redux';\nimport { Redirect } from 'react-router-dom';\n\nclass EditUserForm extends Component {\n    state = { idCardAttachment: [],\n              deleteAccountRedirect:false,\n    }\n    handleSubmit = e => {\n        e.preventDefault();\n\n        this.props.form.validateFields((err, values) => {\n            if (!err) {\n                console.log('Received values of form: ', values);\n                let newUser = {\n                    name:values.name,\n                    email:values.email,\n                    password:values.password,\n                    c_password:values.c_password,\n                    role:values.role\n                };\n                this.props.editUser(\n                    newUser,\n                    this.props.selectedUserId,\n                    'sdsdsd');\n            }\n        });\n    };\n\n\n    componentDidUpdate=(prevProps)=> {\n        if(\n            prevProps.editUserLoading!==this.props.editUserLoading &&\n            this.props.editUserLoading === false &&\n            prevProps.editUserMessage!==this.props.editUserMessage&&\n            this.props.editUserMessage !== null\n        ){\n            notification.success({\n                message:\"Success\",\n                description:\"Successfully updated account.\",\n                placement:\"topRight\"\n            });\n        }\n    }\n\n\n    onDeleteUserConfirm = (e) => {\n        this.props.initDeleteUser(this.props.selectedUserId);\n        this.setState({\n            deleteUserRedirect:true\n        })\n    }\n    onDeleteUserCancel = (e) => {\n\n    }\n\n\n\n    render() {\n        let authRedirect = null;\n        let editedUserRedirect = null;\n        let deleteUserRedirect = null;\n\n        if (this.props.editUserMessage != null) {\n            editedUserRedirect = <Redirect to=\"/\" />\n        }\n        if (!this.props.isAuthenticated) {\n            authRedirect = <Redirect to=\"/\" />\n        }\n\n        if (this.state.deleteUserRedirect === true) {\n            deleteUserRedirect = <Redirect to=\"/users/all\" />\n        }\n\n        const { getFieldDecorator } = this.props.form;\n        const { Text } = Typography;\n\n        let serverErrors = null;\n\n        if (this.props.editUserErrors &&\n            Array.isArray(this.props.editUserErrors) &&\n            this.props.editUserErrors.length > 0) {\n            let lis =\n                this.props.editUserErrors.map((value, index) => (\n                    <li key={index}><Text type=\"danger\">{value}</Text></li>\n                ));\n            serverErrors = (<ul>{lis}</ul>)\n        }\n\n        const selUser = this.props.selectedUser;\n        let nullSelectedUserRedirect = null;\n\n        let _name = null;\n        let _email = null;\n        let _role = null;\n\n        if (selUser !== null) {\n            _name = (selUser.name !== undefined) ? selUser.name : null;\n            _email = (selUser.email !== undefined) ? selUser.email : null;\n            _role = (selUser.role !== undefined) ? selUser.role : null;\n        }\n        else {\n            nullSelectedUserRedirect = <Redirect to=\"/\" />\n        }\n        let deleteBtn = null;\n        if(this.props.userRoleAdmin==1){\n            deleteBtn=(<Popconfirm\n                title=\"Are you sure delete this account?\"\n                onConfirm={this.onDeleteUserConfirm}\n                onCancel={this.onDeleteUserCancel}\n                okText=\"Yes\"\n                cancelText=\"No\"\n            >\n                <Button key=\"2\">Delete account</Button>\n            </Popconfirm>\n            );\n        }\n        return (\n            <div>\n                {/*authRedirect*/}\n                {editedUserRedirect}\n                {deleteUserRedirect}\n                {nullSelectedUserRedirect}\n                {serverErrors}\n                <PageHeader\n                    title=\"Edit User\"\n                    onBack={() => window.history.back()}\n                     extra={[\n                         deleteBtn\n                     ]}\n                />\n                <Form labelCol={{ span: 24 }} wrapperCol={{ span: 24 }} onSubmit={this.handleSubmit}>\n                    <Form.Item label=\"Name\">\n                        {getFieldDecorator('name', {\n                            initialValue: _name,\n                            rules: [{ required: true, message: 'Please input your name!' }],\n                        })(\n                            <Input\n                                prefix={<Icon type=\"user\" style={{ color: 'rgba(0,0,0,.25)' }} />}\n                                placeholder=\"Name\"\n                                size=\"large\"\n                            />,\n                        )}\n                    </Form.Item>\n                    <Form.Item label=\"Email\">\n                        {getFieldDecorator('email', {\n                            initialValue: _email,\n                            rules: [{ required: true, message: 'Please input your email!' }],\n                        })(\n                            <Input\n                                prefix={<Icon type=\"user\" style={{ color: 'rgba(0,0,0,.25)' }} />}\n                                placeholder=\"Email\"\n                                size=\"large\"\n                            />,\n                        )}\n                    </Form.Item>\n                    <Form.Item label=\"Type password(to change password)\">\n                        {getFieldDecorator('password', {\n                        })(\n                            <Input\n                                prefix={<Icon type=\"lock\" style={{ color: 'rgba(0,0,0,.25)' }} />}\n                                type=\"password\"\n                                placeholder=\"Password\"\n                                size=\"large\"\n                            />,\n                        )}\n                    </Form.Item>\n                    <Form.Item label=\"Retype password\">\n                        {getFieldDecorator('c_password', {\n                        })(\n                            <Input\n                                prefix={<Icon type=\"lock\" style={{ color: 'rgba(0,0,0,.25)' }} />}\n                                type=\"password\"\n                                placeholder=\"Retype Password\"\n                                size=\"large\"\n                            />,\n                        )}\n                    </Form.Item>\n                    <Form.Item label=\"Role\">\n                        {getFieldDecorator('role', {\n                            initialValue: _role,\n                            rules: [{ required: true, message: 'Please input Phone Number!' }],\n                        })(\n                            <Radio.Group>\n                                <Radio value=\"0\">Admin</Radio>\n                                <Radio value=\"1\">Accounts (Moderator)</Radio>\n                                <Radio value=\"2\">Cashier (Standard User)</Radio>\n                            </Radio.Group>,\n                        )}\n                    </Form.Item>\n\n                    <Button type=\"primary\"\n                        htmlType=\"submit\"\n                        className={styles.EditUserButton}\n                        size=\"large\"\n                    >\n                        Edit User\n                   </Button>\n\n                </Form >\n            </div >\n        );\n    }\n}\n\nconst mapStateToProps = state => {\n    return {\n        loading: state.auth.loading,\n        error: state.auth.error,\n        isAuthenticated: state.auth.access_token !== null,\n        authRedirectPath: state.auth.authRedirectPath,\n        editUserLoading: state.users.editUserLoading,\n        editUserMessage: state.users.editUserMessage,\n        editUserErrors: state.users.editUserErrors,\n        selectedUserId: state.users.selectedUserId,\n        selectedUser: state.users.selectedUser,\n        userRoleAdmin: state.auth.user_role_admin,\n        userRoleModerator: state.auth.user_role_moderator,\n        userRoleStandard: state.auth.user_role_standard,\n\n    }\n}\nconst mapDispatchToProps = dispatch => {\n    return {\n        login: (email, password) => dispatch(actions.login(email, password)),\n        setAuthRedirectPath: () => dispatch(actions.setAuthRedirectPath('/ ')),\n        editUser: (user, selectedUserId, token) => dispatch(actions.editUser(user, selectedUserId, token)),\n\n        initDeleteUser: (userId) => dispatch(actions.initDeleteUser(userId)),\n    }\n}\n//export default Form.create()(LoginForm);\nexport default connect(mapStateToProps, mapDispatchToProps)(Form.create()(EditUserForm));\n"],"mappings":";;;;;;;;;;;;;;;;;;;;;;;;;;;;;;;;;;;;;;;;;;;;;;;;;;;;;;;;;;;;;;;;;;;;;;;;;;;;;;;;;;;;;;MAWMA,YAAY,0BAAAC,UAAA;IAAAC,cAAA,CAAAF,YAAA,EAAAC,UAAA;IAAA,SAAAD,aAAA;MAAA,IAAAG,KAAA;MAAA,SAAAC,IAAA,GAAAC,SAAA,CAAAC,MAAA,EAAAC,IAAA,OAAAC,KAAA,CAAAJ,IAAA,GAAAK,IAAA,MAAAA,IAAA,GAAAL,IAAA,EAAAK,IAAA;QAAAF,IAAA,CAAAE,IAAA,IAAAJ,SAAA,CAAAI,IAAA;MAAA;MAAAN,KAAA,GAAAF,UAAA,CAAAS,IAAA,CAAAC,KAAA,CAAAV,UAAA,SAAAW,MAAA,CAAAL,IAAA;MAAAJ,KAAA,CACdU,KAAK,GAAG;QAAEC,gBAAgB,EAAE,EAAE;QACpBC,qBAAqB,EAAC;MAChC,CAAC;MAAAZ,KAAA,CACDa,YAAY,GAAG,UAAAC,CAAC,EAAI;QAChBA,CAAC,CAACC,cAAc,CAAC,CAAC;QAElBf,KAAA,CAAKgB,KAAK,CAACC,IAAI,CAACC,cAAc,CAAC,UAACC,GAAG,EAAEC,MAAM,EAAK;UAC5C,IAAI,CAACD,GAAG,EAAE;YACNE,OAAO,CAACC,GAAG,CAAC,2BAA2B,EAAEF,MAAM,CAAC;YAChD,IAAIG,OAAO,GAAG;cACVC,IAAI,EAACJ,MAAM,CAACI,IAAI;cAChBC,KAAK,EAACL,MAAM,CAACK,KAAK;cAClBC,QAAQ,EAACN,MAAM,CAACM,QAAQ;cACxBC,UAAU,EAACP,MAAM,CAACO,UAAU;cAC5BC,IAAI,EAACR,MAAM,CAACQ;YAChB,CAAC;YACD5B,KAAA,CAAKgB,KAAK,CAACa,QAAQ,CACfN,OAAO,EACPvB,KAAA,CAAKgB,KAAK,CAACc,cAAc,EACzB,QAAQ,CAAC;UACjB;QACJ,CAAC,CAAC;MACN,CAAC;MAAA9B,KAAA,CAGD+B,kBAAkB,GAAE,UAAAC,SAAS,EAAI;QAC7B,IACIA,SAAS,CAACC,eAAe,KAAGjC,KAAA,CAAKgB,KAAK,CAACiB,eAAe,IACtDjC,KAAA,CAAKgB,KAAK,CAACiB,eAAe,KAAK,KAAK,IACpCD,SAAS,CAACE,eAAe,KAAGlC,KAAA,CAAKgB,KAAK,CAACkB,eAAe,IACtDlC,KAAA,CAAKgB,KAAK,CAACkB,eAAe,KAAK,IAAI,EACtC;UACGC,YAAY,CAACC,OAAO,CAAC;YACjBC,OAAO,EAAC,SAAS;YACjBC,WAAW,EAAC,+BAA+B;YAC3CC,SAAS,EAAC;UACd,CAAC,CAAC;QACN;MACJ,CAAC;MAAAvC,KAAA,CAGDwC,mBAAmB,GAAI,UAAA1B,CAAC,EAAK;QACzBd,KAAA,CAAKgB,KAAK,CAACyB,cAAc,CAACzC,KAAA,CAAKgB,KAAK,CAACc,cAAc,CAAC;QACpD9B,KAAA,CAAK0C,QAAQ,CAAC;UACVC,kBAAkB,EAAC;QACvB,CAAC,CAAC;MACN,CAAC;MAAA3C,KAAA,CACD4C,kBAAkB,GAAI,UAAA9B,CAAC,EAAK,CAE5B,CAAC;MAAA,OAAAd,KAAA;IAAA;IAAA,IAAA6C,MAAA,GAAAhD,YAAA,CAAAiD,SAAA;IAAAD,MAAA,CAIDE,MAAM;MAAN,SAAAA,OAAA,EAAS;QACL,IAAIC,YAAY,GAAG,IAAI;QACvB,IAAIC,kBAAkB,GAAG,IAAI;QAC7B,IAAIN,kBAAkB,GAAG,IAAI;QAE7B,IAAI,IAAI,CAAC3B,KAAK,CAACkB,eAAe,IAAI,IAAI,EAAE;UACpCe,kBAAkB,gBAAGC,KAAA,CAAAC,aAAA,CAACC,QAAQ;YAACC,EAAE,EAAC;UAAG,EAAG;QAC5C;QACA,IAAI,CAAC,IAAI,CAACrC,KAAK,CAACsC,eAAe,EAAE;UAC7BN,YAAY,gBAAGE,KAAA,CAAAC,aAAA,CAACC,QAAQ;YAACC,EAAE,EAAC;UAAG,EAAG;QACtC;QAEA,IAAI,IAAI,CAAC3C,KAAK,CAACiC,kBAAkB,KAAK,IAAI,EAAE;UACxCA,kBAAkB,gBAAGO,KAAA,CAAAC,aAAA,CAACC,QAAQ;YAACC,EAAE,EAAC;UAAY,EAAG;QACrD;QAEA,IAAQE,iBAAA,GAAsB,IAAI,CAACvC,KAAK,CAACC,IAAI,CAArCsC,iBAAA;QACR,IAAAC,WAAA,GAAiBC,UAAU;UAAnBC,IAAA,GAAAF,WAAA,CAAAE,IAAA;QAER,IAAIC,YAAY,GAAG,IAAI;QAEvB,IAAI,IAAI,CAAC3C,KAAK,CAAC4C,cAAc,IACzBvD,KAAK,CAACwD,OAAO,CAAC,IAAI,CAAC7C,KAAK,CAAC4C,cAAc,CAAC,IACxC,IAAI,CAAC5C,KAAK,CAAC4C,cAAc,CAACzD,MAAM,GAAG,CAAC,EAAE;UACtC,IAAI2D,GAAG,GACH,IAAI,CAAC9C,KAAK,CAAC4C,cAAc,CAACG,GAAG,CAAC,UAACC,KAAK,EAAEC,KAAK;YAAA,oBACvCf,KAAA,CAAAC,aAAA;cAAIe,GAAG,EAAED;YAAM,gBAACf,KAAA,CAAAC,aAAA,CAACO,IAAI;cAACS,IAAI,EAAC;YAAQ,GAAEH,KAAY,CAAK,CACzD;UAAA,EAAC;UACNL,YAAY,gBAAIT,KAAA,CAAAC,aAAA,aAAKW,GAAQ,CAAE;QACnC;QAEA,IAAMM,OAAO,GAAG,IAAI,CAACpD,KAAK,CAACqD,YAAY;QACvC,IAAIC,wBAAwB,GAAG,IAAI;QAEnC,IAAIC,KAAK,GAAG,IAAI;QAChB,IAAIC,MAAM,GAAG,IAAI;QACjB,IAAIC,KAAK,GAAG,IAAI;QAEhB,IAAIL,OAAO,KAAK,IAAI,EAAE;UAClBG,KAAK,GAAIH,OAAO,CAAC5C,IAAI,KAAKkD,SAAS,GAAIN,OAAO,CAAC5C,IAAI,GAAG,IAAI;UAC1DgD,MAAM,GAAIJ,OAAO,CAAC3C,KAAK,KAAKiD,SAAS,GAAIN,OAAO,CAAC3C,KAAK,GAAG,IAAI;UAC7DgD,KAAK,GAAIL,OAAO,CAACxC,IAAI,KAAK8C,SAAS,GAAIN,OAAO,CAACxC,IAAI,GAAG,IAAI;QAC9D,CAAC,MACI;UACD0C,wBAAwB,gBAAGpB,KAAA,CAAAC,aAAA,CAACC,QAAQ;YAACC,EAAE,EAAC;UAAG,EAAG;QAClD;QACA,IAAIsB,SAAS,GAAG,IAAI;QACpB,IAAG,IAAI,CAAC3D,KAAK,CAAC4D,aAAa,IAAE,CAAC,EAAC;UAC3BD,SAAS,gBAAEzB,KAAA,CAAAC,aAAA,CAAC0B,UAAU;YAClBC,KAAK,EAAC,mCAAmC;YACzCC,SAAS,EAAE,IAAI,CAACvC,mBAAoB;YACpCwC,QAAQ,EAAE,IAAI,CAACpC,kBAAmB;YAClCqC,MAAM,EAAC,KAAK;YACZC,UAAU,EAAC;UAAI,gBAEfhC,KAAA,CAAAC,aAAA,CAACgC,MAAM;YAACjB,GAAG,EAAC;UAAG,GAAC,gBAAsB,CAC9B,CACX;QACL;QACA,oBACIhB,KAAA,CAAAC,aAAA,cAEKF,kBAAkB,EAClBN,kBAAkB,EAClB2B,wBAAwB,EACxBX,YAAY,eACbT,KAAA,CAAAC,aAAA,CAACiC,UAAU;UACPN,KAAK,EAAC,WAAW;UACjBO,MAAM,EAAE,SAAAA,CAAA;YAAA,OAAMC,MAAM,CAACC,OAAO,CAACC,IAAI,CAAC,CAAC;UAAA,CAAC;UACnCC,KAAK,EAAE,CACHd,SAAS;QACX,iBAEPzB,KAAA,CAAAC,aAAA,CAACuC,IAAI;UAACC,QAAQ,EAAE;YAAEC,IAAI,EAAE;UAAG,CAAE;UAACC,UAAU,EAAE;YAAED,IAAI,EAAE;UAAG,CAAE;UAACE,QAAQ,EAAE,IAAI,CAACjF;QAAa,gBAChFqC,KAAA,CAAAC,aAAA,CAACuC,IAAI,CAACK,IAAI;UAACC,KAAK,EAAC;QAAM,GAClBzC,iBAAiB,CAAC,MAAM,EAAE;UACvB0C,YAAY,EAAE1B,KAAK;UACnB2B,KAAK,EAAE,CAAC;YAAEC,QAAQ,EAAE,IAAI;YAAE9D,OAAO,EAAE;UAA0B,CAAC;QAClE,CAAC,CAAC,eACEa,KAAA,CAAAC,aAAA,CAACiD,KAAK;UACFC,MAAM,eAAEnD,KAAA,CAAAC,aAAA,CAACmD,IAAI;YAACnC,IAAI,EAAC,MAAM;YAACoC,KAAK,EAAE;cAAEC,KAAK,EAAE;YAAkB;UAAE,EAAI;UAClEC,WAAW,EAAC,MAAM;UAClBC,IAAI,EAAC;QAAO,EAEpB,CACO,gBACXxD,KAAA,CAAAC,aAAA,CAACuC,IAAI,CAACK,IAAI;UAACC,KAAK,EAAC;QAAO,GACnBzC,iBAAiB,CAAC,OAAO,EAAE;UACxB0C,YAAY,EAAEzB,MAAM;UACpB0B,KAAK,EAAE,CAAC;YAAEC,QAAQ,EAAE,IAAI;YAAE9D,OAAO,EAAE;UAA2B,CAAC;QACnE,CAAC,CAAC,eACEa,KAAA,CAAAC,aAAA,CAACiD,KAAK;UACFC,MAAM,eAAEnD,KAAA,CAAAC,aAAA,CAACmD,IAAI;YAACnC,IAAI,EAAC,MAAM;YAACoC,KAAK,EAAE;cAAEC,KAAK,EAAE;YAAkB;UAAE,EAAI;UAClEC,WAAW,EAAC,OAAO;UACnBC,IAAI,EAAC;QAAO,EAEpB,CACO,gBACXxD,KAAA,CAAAC,aAAA,CAACuC,IAAI,CAACK,IAAI;UAACC,KAAK,EAAC;QAAmC,GAC/CzC,iBAAiB,CAAC,UAAU,EAAE,CAC/B,CAAC,CAAC,eACEL,KAAA,CAAAC,aAAA,CAACiD,KAAK;UACFC,MAAM,eAAEnD,KAAA,CAAAC,aAAA,CAACmD,IAAI;YAACnC,IAAI,EAAC,MAAM;YAACoC,KAAK,EAAE;cAAEC,KAAK,EAAE;YAAkB;UAAE,EAAI;UAClErC,IAAI,EAAC,UAAU;UACfsC,WAAW,EAAC,UAAU;UACtBC,IAAI,EAAC;QAAO,EAEpB,CACO,gBACXxD,KAAA,CAAAC,aAAA,CAACuC,IAAI,CAACK,IAAI;UAACC,KAAK,EAAC;QAAiB,GAC7BzC,iBAAiB,CAAC,YAAY,EAAE,CACjC,CAAC,CAAC,eACEL,KAAA,CAAAC,aAAA,CAACiD,KAAK;UACFC,MAAM,eAAEnD,KAAA,CAAAC,aAAA,CAACmD,IAAI;YAACnC,IAAI,EAAC,MAAM;YAACoC,KAAK,EAAE;cAAEC,KAAK,EAAE;YAAkB;UAAE,EAAI;UAClErC,IAAI,EAAC,UAAU;UACfsC,WAAW,EAAC,iBAAiB;UAC7BC,IAAI,EAAC;QAAO,EAEpB,CACO,gBACXxD,KAAA,CAAAC,aAAA,CAACuC,IAAI,CAACK,IAAI;UAACC,KAAK,EAAC;QAAM,GAClBzC,iBAAiB,CAAC,MAAM,EAAE;UACvB0C,YAAY,EAAExB,KAAK;UACnByB,KAAK,EAAE,CAAC;YAAEC,QAAQ,EAAE,IAAI;YAAE9D,OAAO,EAAE;UAA6B,CAAC;QACrE,CAAC,CAAC,eACEa,KAAA,CAAAC,aAAA,CAACwD,KAAK,CAACC,KAAK,qBACR1D,KAAA,CAAAC,aAAA,CAACwD,KAAK;UAAC3C,KAAK,EAAC;QAAG,GAAC,OAAY,gBAC7Bd,KAAA,CAAAC,aAAA,CAACwD,KAAK;UAAC3C,KAAK,EAAC;QAAG,GAAC,sBAA2B,gBAC5Cd,KAAA,CAAAC,aAAA,CAACwD,KAAK;UAAC3C,KAAK,EAAC;QAAG,GAAC,yBAA8B,CACtC,CACjB,CACO,gBAEXd,KAAA,CAAAC,aAAA,CAACgC,MAAM;UAAChB,IAAI,EAAC,SAAS;UAClB0C,QAAQ,EAAC,QAAQ;UACjBC,SAAS,EAAEC,MAAM,CAACC,cAAe;UACjCN,IAAI,EAAC;QAAO,cAGT,CAEL,CACL,CAAE;MAEf;MAAA,OAAA3D,MAAA;IAAA;IAAA,OAAAlD,YAAA;EAAA,EAtMuBoH,SAAS;EAyMpC,IAAMC,eAAe,GAAG,SAAAA,CAAAxG,KAAK,EAAI;IAC7B,OAAO;MACHyG,OAAO,EAAEzG,KAAK,CAAC0G,IAAI,CAACD,OAAO;MAC3BE,KAAK,EAAE3G,KAAK,CAAC0G,IAAI,CAACC,KAAK;MACvB/D,eAAe,EAAE5C,KAAK,CAAC0G,IAAI,CAACE,YAAY,KAAK,IAAI;MACjDC,gBAAgB,EAAE7G,KAAK,CAAC0G,IAAI,CAACG,gBAAgB;MAC7CtF,eAAe,EAAEvB,KAAK,CAAC8G,KAAK,CAACvF,eAAe;MAC5CC,eAAe,EAAExB,KAAK,CAAC8G,KAAK,CAACtF,eAAe;MAC5C0B,cAAc,EAAElD,KAAK,CAAC8G,KAAK,CAAC5D,cAAc;MAC1C9B,cAAc,EAAEpB,KAAK,CAAC8G,KAAK,CAAC1F,cAAc;MAC1CuC,YAAY,EAAE3D,KAAK,CAAC8G,KAAK,CAACnD,YAAY;MACtCO,aAAa,EAAElE,KAAK,CAAC0G,IAAI,CAACK,eAAe;MACzCC,iBAAiB,EAAEhH,KAAK,CAAC0G,IAAI,CAACO,mBAAmB;MACjDC,gBAAgB,EAAElH,KAAK,CAAC0G,IAAI,CAACS;IAEjC,CAAC;EACL,CAAC;EACD,IAAMC,kBAAkB,GAAG,SAAAA,CAAAC,QAAQ,EAAI;IACnC,OAAO;MACHC,KAAK,EAAE,SAAAA,CAACvG,KAAK,EAAEC,QAAQ;QAAA,OAAKqG,QAAQ,CAACE,OAAO,CAACD,KAAK,CAACvG,KAAK,EAAEC,QAAQ,CAAC,CAAC;MAAA;MACpEwG,mBAAmB,EAAE,SAAAA,CAAA;QAAA,OAAMH,QAAQ,CAACE,OAAO,CAACC,mBAAmB,CAAC,IAAI,CAAC,CAAC;MAAA;MACtErG,QAAQ,EAAE,SAAAA,CAACsG,IAAI,EAAErG,cAAc,EAAEsG,KAAK;QAAA,OAAKL,QAAQ,CAACE,OAAO,CAACpG,QAAQ,CAACsG,IAAI,EAAErG,cAAc,EAAEsG,KAAK,CAAC,CAAC;MAAA;MAElG3F,cAAc,EAAG,SAAAA,CAAA4F,MAAM;QAAA,OAAKN,QAAQ,CAACE,OAAO,CAACxF,cAAc,CAAC4F,MAAM,CAAC;MAAA;IACvE,CAAC;EACL,CAAC;EACD;wBACeC,OAAO,CAACpB,eAAe,EAAEY,kBAAkB,CAAC,CAACpC,IAAI,CAAC6C,MAAM,CAAC,CAAC,CAAC1I,YAAY,CAAC,C"},"sourceType":"module","externalDependencies":{},"hash":"8a0e4e572396a2fa2eb3fcdf2a8ca07bdc7fa6ba"}
