{"metadata":{},"options":{"assumptions":{},"compact":false,"sourceMaps":true,"ast":true,"babelrc":false,"configFile":false,"parserOpts":{"sourceType":"module","sourceFileName":"/home/ani/Mergerware_assignment/Mererware_meteor/Mergerware_loanify/imports/ui/components/Auth/Auth.js","plugins":["*","flow","jsx","asyncGenerators","bigInt","classPrivateMethods","classPrivateProperties","classProperties","doExpressions","dynamicImport","exportDefaultFrom","exportExtensions","exportNamespaceFrom","functionBind","functionSent","importMeta","nullishCoalescingOperator","numericSeparator","objectRestSpread","optionalCatchBinding","optionalChaining",["pipelineOperator",{"proposal":"minimal"}],"throwExpressions","classProperties","classPrivateProperties","jsx","nullishCoalescingOperator","nullishCoalescingOperator","optionalChaining","optionalChaining","optionalCatchBinding","optionalCatchBinding","classProperties","classPrivateProperties","classPrivateMethods","classProperties","classPrivateProperties","asyncGenerators","asyncGenerators","objectRestSpread","objectRestSpread","logicalAssignment"],"allowImportExportEverywhere":true,"allowReturnOutsideFunction":true,"allowUndeclaredExports":true,"strictMode":false},"caller":{"name":"meteor","arch":"web.browser.legacy"},"sourceFileName":"imports/ui/components/Auth/Auth.js","filename":"/home/ani/Mergerware_assignment/Mererware_meteor/Mergerware_loanify/imports/ui/components/Auth/Auth.js","inputSourceMap":{"version":3,"names":["React","Component","Row","Col","Card","LoginForm","RegisterForm","Auth","state","cardTitle","currentForm","goToRegisterPage","setState","goToLoginPage","render","currForm"],"sources":["imports/ui/components/Auth/Auth.js"],"sourcesContent":["import React, { Component } from 'react';\n//import styles from './Auth.module.css';\nimport { Row, Col, Card } from 'antd';\nimport LoginForm from './LoginForm/LoginForm';\nimport RegisterForm from './RegisterForm/RegisterForm';\n\nclass Auth extends Component {\n    state = {\n        cardTitle: 'Login',\n        currentForm: 'login'\n    }\n    goToRegisterPage = () => {\n        this.setState({\n            cardTitle: 'Register',\n            currentForm: 'register'\n        })\n    }\n    goToLoginPage = () => {\n        this.setState({\n            cardTitle: 'Login',\n            currentForm: 'login'\n        })\n    }\n\n    render() {\n        let currForm = null;\n        if (this.state.currentForm === 'register') {\n            currForm = <RegisterForm login={this.goToLoginPage} />\n\n        }\n        else if (this.state.currentForm === 'login') {\n            currForm = <LoginForm register={this.goToRegisterPage} />\n        }\n\n        return (\n            <Row type=\"flex\" justify=\"center\">\n                <Col xl={8} md={12} xs={24}>\n                    <Card\n                        title={this.state.cardTitle}\n                        bordered={false}\n                    >\n                        {currForm}\n                    </Card>\n                </Col>\n            </Row>\n\n        );\n    }\n\n}\nexport default Auth;\n\n/*help={<div className={styles.Label}>Should be a valid password</div>}*/\n"],"mappings":";AAAA,OAAOA,KAAK,IAAIC,SAAS,QAAQ,OAAO;AACxC;AACA,SAASC,GAAG,EAAEC,GAAG,EAAEC,IAAI,QAAQ,MAAM;AACrC,OAAOC,SAAS,MAAM,uBAAuB;AAC7C,OAAOC,YAAY,MAAM,6BAA6B;AAEtD,MAAMC,IAAI,SAASN,SAAS,CAAC;EACzBO,KAAK,GAAG;IACJC,SAAS,EAAE,OAAO;IAClBC,WAAW,EAAE;EACjB,CAAC;EACDC,gBAAgB,GAAGA,CAAA,KAAM;IACrB,IAAI,CAACC,QAAQ,CAAC;MACVH,SAAS,EAAE,UAAU;MACrBC,WAAW,EAAE;IACjB,CAAC,CAAC;EACN,CAAC;EACDG,aAAa,GAAGA,CAAA,KAAM;IAClB,IAAI,CAACD,QAAQ,CAAC;MACVH,SAAS,EAAE,OAAO;MAClBC,WAAW,EAAE;IACjB,CAAC,CAAC;EACN,CAAC;EAEDI,MAAMA,CAAA,EAAG;IACL,IAAIC,QAAQ,GAAG,IAAI;IACnB,IAAI,IAAI,CAACP,KAAK,CAACE,WAAW,KAAK,UAAU,EAAE;MACvCK,QAAQ,GAAG,CAAC,YAAY,CAAC,KAAK,CAAC,CAAC,IAAI,CAACF,aAAa,CAAC,GAAG;IAE1D,CAAC,MACI,IAAI,IAAI,CAACL,KAAK,CAACE,WAAW,KAAK,OAAO,EAAE;MACzCK,QAAQ,GAAG,CAAC,SAAS,CAAC,QAAQ,CAAC,CAAC,IAAI,CAACJ,gBAAgB,CAAC,GAAG;IAC7D;IAEA,OACI,CAAC,GAAG,CAAC,IAAI,CAAC,MAAM,CAAC,OAAO,CAAC,QAAQ;AAC7C,gBAAgB,CAAC,GAAG,CAAC,EAAE,CAAC,CAAC,CAAC,CAAC,CAAC,EAAE,CAAC,CAAC,EAAE,CAAC,CAAC,EAAE,CAAC,CAAC,EAAE,CAAC;AAC3C,oBAAoB,CAAC,IAAI,CACD,KAAK,CAAC,CAAC,IAAI,CAACH,KAAK,CAACC,SAAS,CAAC,CAC5B,QAAQ,CAAC,CAAC,KAAK,CAAC;AAExC,wBAAwB,CAACM,QAAQ;AACjC,oBAAoB,EAAE,IAAI;AAC1B,gBAAgB,EAAE,GAAG;AACrB,YAAY,EAAE,GAAG,CAAC;EAGd;AAEJ;AACA,eAAeR,IAAI;;AAEnB"},"targets":{},"cloneInputAst":true,"browserslistConfigFile":false,"passPerPreset":false,"envName":"development","cwd":"/home/ani/Mergerware_assignment/Mererware_meteor/Mergerware_loanify","root":"/home/ani/Mergerware_assignment/Mererware_meteor/Mergerware_loanify","rootMode":"root","plugins":[{"key":"base$0","visitor":{"_exploded":true,"_verified":true},"options":{},"externalDependencies":[]},{"key":"base$0$0","visitor":{"Program":{"enter":[null],"exit":[null]},"_exploded":true,"_verified":true},"options":{"avoidModernSyntax":true,"enforceStrictMode":false,"dynamicImport":true},"externalDependencies":[]},{"key":"transform-runtime","visitor":{"MemberExpression":{"enter":[null]},"ObjectPattern":{"enter":[null]},"BinaryExpression":{"enter":[null]},"Identifier":{"enter":[null]},"JSXIdentifier":{"enter":[null]},"_exploded":true,"_verified":true},"options":{"version":"7.17.2","helpers":true,"useESModules":false,"corejs":false},"externalDependencies":[]},{"key":"proposal-class-properties","visitor":{"ExportDefaultDeclaration":{"enter":[null]},"_exploded":true,"_verified":true,"ClassExpression":{"enter":[null]},"ClassDeclaration":{"enter":[null]}},"options":{"loose":true},"externalDependencies":[]},{"key":"base$0$3","visitor":{"FunctionExpression":{"exit":[null]},"_exploded":true,"_verified":true},"options":{},"externalDependencies":[]},{"key":"base$0$4","visitor":{"ForInStatement":{"enter":[null]},"_exploded":true,"_verified":true},"options":{},"externalDependencies":[]},{"key":"transform-react-jsx","visitor":{"JSXNamespacedName":{"enter":[null]},"JSXSpreadChild":{"enter":[null]},"Program":{"enter":[null]},"JSXFragment":{"exit":[null]},"JSXElement":{"exit":[null]},"JSXAttribute":{"enter":[null]},"_exploded":true,"_verified":true},"options":{"pragma":"React.createElement","pragmaFrag":"React.Fragment","runtime":"classic","throwIfNamespace":true,"useBuiltIns":false},"externalDependencies":[]},{"key":"transform-react-display-name","visitor":{"ExportDefaultDeclaration":{"enter":[null]},"CallExpression":{"enter":[null]},"_exploded":true,"_verified":true},"options":{},"externalDependencies":[]},{"key":"transform-react-pure-annotations","visitor":{"CallExpression":{"enter":[null]},"_exploded":true,"_verified":true},"options":{},"externalDependencies":[]},{"key":"syntax-nullish-coalescing-operator","visitor":{"_exploded":true,"_verified":true},"options":{},"externalDependencies":[]},{"key":"proposal-nullish-coalescing-operator","visitor":{"LogicalExpression":{"enter":[null]},"_exploded":true,"_verified":true},"options":{},"externalDependencies":[]},{"key":"syntax-optional-chaining","visitor":{"_exploded":true,"_verified":true},"options":{},"externalDependencies":[]},{"key":"proposal-optional-chaining","visitor":{"OptionalCallExpression":{"enter":[null]},"OptionalMemberExpression":{"enter":[null]},"_exploded":true,"_verified":true},"options":{},"externalDependencies":[]},{"key":"syntax-optional-catch-binding","visitor":{"_exploded":true,"_verified":true},"options":{},"externalDependencies":[]},{"key":"proposal-optional-catch-binding","visitor":{"CatchClause":{"enter":[null]},"_exploded":true,"_verified":true},"options":{},"externalDependencies":[]},{"key":"syntax-class-properties","visitor":{"_exploded":true,"_verified":true},"options":{},"externalDependencies":[]},{"key":"proposal-class-properties","visitor":{"ExportDefaultDeclaration":{"enter":[null]},"_exploded":true,"_verified":true,"ClassExpression":{"enter":[null]},"ClassDeclaration":{"enter":[null]}},"options":{},"externalDependencies":[]},{"key":"syntax-async-generators","visitor":{"_exploded":true,"_verified":true},"options":{},"externalDependencies":[]},{"key":"proposal-async-generator-functions","visitor":{"Program":{"enter":[null]},"_exploded":true,"_verified":true},"options":{},"externalDependencies":[]},{"key":"syntax-object-rest-spread","visitor":{"_exploded":true,"_verified":true},"options":{},"externalDependencies":[]},{"key":"proposal-object-rest-spread","visitor":{"VariableDeclarator":{"enter":[null]},"ExportNamedDeclaration":{"enter":[null]},"CatchClause":{"enter":[null]},"AssignmentExpression":{"enter":[null]},"ArrayPattern":{"enter":[null]},"ObjectExpression":{"enter":[null]},"FunctionDeclaration":{"enter":[null]},"FunctionExpression":{"enter":[null]},"ObjectMethod":{"enter":[null]},"ArrowFunctionExpression":{"enter":[null]},"ClassMethod":{"enter":[null]},"ClassPrivateMethod":{"enter":[null]},"ForInStatement":{"enter":[null]},"ForOfStatement":{"enter":[null]},"_exploded":true,"_verified":true},"options":{},"externalDependencies":[]},{"key":"proposal-logical-assignment-operators","visitor":{"AssignmentExpression":{"enter":[null]},"_exploded":true,"_verified":true},"options":{},"externalDependencies":[]},{"key":"transform-arrow-functions","visitor":{"ArrowFunctionExpression":{"enter":[null]},"_exploded":true,"_verified":true},"options":{},"externalDependencies":[]},{"key":"transform-block-scoped-functions","visitor":{"BlockStatement":{"enter":[null]},"SwitchCase":{"enter":[null]},"_exploded":true,"_verified":true},"options":{},"externalDependencies":[]},{"key":"transform-block-scoping","visitor":{"VariableDeclaration":{"enter":[null,null]},"BlockStatement":{"enter":[null]},"SwitchCase":{"enter":[null]},"ClassDeclaration":{"enter":[null]},"DoWhileStatement":{"enter":[null]},"ForInStatement":{"enter":[null]},"ForStatement":{"enter":[null]},"WhileStatement":{"enter":[null]},"ForOfStatement":{"enter":[null]},"_exploded":true,"_verified":true},"options":{},"externalDependencies":[]},{"key":"transform-classes","visitor":{"ExportDefaultDeclaration":{"enter":[null]},"ClassDeclaration":{"enter":[null]},"ClassExpression":{"enter":[null]},"_exploded":true,"_verified":true},"options":{"loose":true},"externalDependencies":[]},{"key":"transform-computed-properties","visitor":{"ObjectExpression":{"exit":[null]},"_exploded":true,"_verified":true},"options":{"loose":true},"externalDependencies":[]},{"key":"transform-destructuring","visitor":{"ExportNamedDeclaration":{"enter":[null]},"CatchClause":{"enter":[null]},"AssignmentExpression":{"enter":[null]},"VariableDeclaration":{"enter":[null]},"_exploded":true,"_verified":true,"ForInStatement":{"enter":[null]},"ForOfStatement":{"enter":[null]}},"options":{},"externalDependencies":[]},{"key":"transform-for-of","visitor":{"ForOfStatement":{"enter":[null]},"_exploded":true,"_verified":true},"options":{"loose":true},"externalDependencies":[]},{"key":"transform-literals","visitor":{"NumericLiteral":{"enter":[null]},"StringLiteral":{"enter":[null]},"_exploded":true,"_verified":true},"options":{},"externalDependencies":[]},{"key":"transform-object-super","visitor":{"ObjectExpression":{"enter":[null]},"_exploded":true,"_verified":true,"DoWhileStatement":{"exit":[null]},"ForInStatement":{"exit":[null]},"ForStatement":{"exit":[null]},"WhileStatement":{"exit":[null]},"ForOfStatement":{"exit":[null]}},"options":{},"externalDependencies":[]},{"key":"transform-parameters","visitor":{"_exploded":true,"_verified":true,"FunctionDeclaration":{"enter":[null]},"FunctionExpression":{"enter":[null]},"ObjectMethod":{"enter":[null]},"ArrowFunctionExpression":{"enter":[null]},"ClassMethod":{"enter":[null]},"ClassPrivateMethod":{"enter":[null]}},"options":{},"externalDependencies":[]},{"key":"transform-shorthand-properties","visitor":{"ObjectMethod":{"enter":[null]},"ObjectProperty":{"enter":[null]},"_exploded":true,"_verified":true},"options":{},"externalDependencies":[]},{"key":"transform-spread","visitor":{"ArrayExpression":{"enter":[null]},"CallExpression":{"enter":[null]},"NewExpression":{"enter":[null]},"_exploded":true,"_verified":true},"options":{},"externalDependencies":[]},{"key":"transform-sticky-regex","visitor":{"RegExpLiteral":{"enter":[null]},"_exploded":true,"_verified":true},"options":{},"externalDependencies":[]},{"key":"transform-template-literals","visitor":{"TaggedTemplateExpression":{"enter":[null]},"TemplateLiteral":{"enter":[null]},"_exploded":true,"_verified":true},"options":{"loose":true},"externalDependencies":[]},{"key":"transform-typeof-symbol","visitor":{"UnaryExpression":{"enter":[null]},"_exploded":true,"_verified":true,"BlockStatement":{"enter":[null]},"CatchClause":{"enter":[null]},"DoWhileStatement":{"enter":[null]},"ForInStatement":{"enter":[null]},"ForStatement":{"enter":[null]},"FunctionDeclaration":{"enter":[null]},"FunctionExpression":{"enter":[null]},"Program":{"enter":[null]},"ObjectMethod":{"enter":[null]},"SwitchStatement":{"enter":[null]},"WhileStatement":{"enter":[null]},"ArrowFunctionExpression":{"enter":[null]},"ClassExpression":{"enter":[null]},"ClassDeclaration":{"enter":[null]},"ForOfStatement":{"enter":[null]},"ClassMethod":{"enter":[null]},"ClassPrivateMethod":{"enter":[null]},"StaticBlock":{"enter":[null]},"TSModuleBlock":{"enter":[null]},"AssignmentPattern":{"enter":[null]},"ArrayPattern":{"enter":[null]},"ObjectPattern":{"enter":[null]}},"options":{},"externalDependencies":[]},{"key":"transform-unicode-regex","visitor":{"RegExpLiteral":{"enter":[null]},"_exploded":true,"_verified":true},"options":{},"externalDependencies":[]},{"key":"transform-property-literals","visitor":{"ObjectProperty":{"exit":[null]},"_exploded":true,"_verified":true},"options":{},"externalDependencies":[]},{"key":"transform-exponentiation-operator","visitor":{"AssignmentExpression":{"enter":[null]},"BinaryExpression":{"enter":[null]},"_exploded":true,"_verified":true},"options":{},"externalDependencies":[]},{"key":"transform-regenerator","visitor":{"ObjectMethod":{"enter":[null],"exit":[null]},"ClassMethod":{"enter":[null],"exit":[null]},"ClassPrivateMethod":{"enter":[null],"exit":[null]},"FunctionDeclaration":{"exit":[null]},"FunctionExpression":{"exit":[null]},"ArrowFunctionExpression":{"exit":[null]},"MemberExpression":{"enter":[null]},"_exploded":true,"_verified":true},"options":{},"externalDependencies":[]}],"presets":[],"generatorOpts":{"filename":"/home/ani/Mergerware_assignment/Mererware_meteor/Mergerware_loanify/imports/ui/components/Auth/Auth.js","comments":true,"compact":false,"sourceMaps":true,"sourceFileName":"imports/ui/components/Auth/Auth.js","inputSourceMap":{"version":3,"names":["React","Component","Row","Col","Card","LoginForm","RegisterForm","Auth","state","cardTitle","currentForm","goToRegisterPage","setState","goToLoginPage","render","currForm"],"sources":["imports/ui/components/Auth/Auth.js"],"sourcesContent":["import React, { Component } from 'react';\n//import styles from './Auth.module.css';\nimport { Row, Col, Card } from 'antd';\nimport LoginForm from './LoginForm/LoginForm';\nimport RegisterForm from './RegisterForm/RegisterForm';\n\nclass Auth extends Component {\n    state = {\n        cardTitle: 'Login',\n        currentForm: 'login'\n    }\n    goToRegisterPage = () => {\n        this.setState({\n            cardTitle: 'Register',\n            currentForm: 'register'\n        })\n    }\n    goToLoginPage = () => {\n        this.setState({\n            cardTitle: 'Login',\n            currentForm: 'login'\n        })\n    }\n\n    render() {\n        let currForm = null;\n        if (this.state.currentForm === 'register') {\n            currForm = <RegisterForm login={this.goToLoginPage} />\n\n        }\n        else if (this.state.currentForm === 'login') {\n            currForm = <LoginForm register={this.goToRegisterPage} />\n        }\n\n        return (\n            <Row type=\"flex\" justify=\"center\">\n                <Col xl={8} md={12} xs={24}>\n                    <Card\n                        title={this.state.cardTitle}\n                        bordered={false}\n                    >\n                        {currForm}\n                    </Card>\n                </Col>\n            </Row>\n\n        );\n    }\n\n}\nexport default Auth;\n\n/*help={<div className={styles.Label}>Should be a valid password</div>}*/\n"],"mappings":";AAAA,OAAOA,KAAK,IAAIC,SAAS,QAAQ,OAAO;AACxC;AACA,SAASC,GAAG,EAAEC,GAAG,EAAEC,IAAI,QAAQ,MAAM;AACrC,OAAOC,SAAS,MAAM,uBAAuB;AAC7C,OAAOC,YAAY,MAAM,6BAA6B;AAEtD,MAAMC,IAAI,SAASN,SAAS,CAAC;EACzBO,KAAK,GAAG;IACJC,SAAS,EAAE,OAAO;IAClBC,WAAW,EAAE;EACjB,CAAC;EACDC,gBAAgB,GAAGA,CAAA,KAAM;IACrB,IAAI,CAACC,QAAQ,CAAC;MACVH,SAAS,EAAE,UAAU;MACrBC,WAAW,EAAE;IACjB,CAAC,CAAC;EACN,CAAC;EACDG,aAAa,GAAGA,CAAA,KAAM;IAClB,IAAI,CAACD,QAAQ,CAAC;MACVH,SAAS,EAAE,OAAO;MAClBC,WAAW,EAAE;IACjB,CAAC,CAAC;EACN,CAAC;EAEDI,MAAMA,CAAA,EAAG;IACL,IAAIC,QAAQ,GAAG,IAAI;IACnB,IAAI,IAAI,CAACP,KAAK,CAACE,WAAW,KAAK,UAAU,EAAE;MACvCK,QAAQ,GAAG,CAAC,YAAY,CAAC,KAAK,CAAC,CAAC,IAAI,CAACF,aAAa,CAAC,GAAG;IAE1D,CAAC,MACI,IAAI,IAAI,CAACL,KAAK,CAACE,WAAW,KAAK,OAAO,EAAE;MACzCK,QAAQ,GAAG,CAAC,SAAS,CAAC,QAAQ,CAAC,CAAC,IAAI,CAACJ,gBAAgB,CAAC,GAAG;IAC7D;IAEA,OACI,CAAC,GAAG,CAAC,IAAI,CAAC,MAAM,CAAC,OAAO,CAAC,QAAQ;AAC7C,gBAAgB,CAAC,GAAG,CAAC,EAAE,CAAC,CAAC,CAAC,CAAC,CAAC,EAAE,CAAC,CAAC,EAAE,CAAC,CAAC,EAAE,CAAC,CAAC,EAAE,CAAC;AAC3C,oBAAoB,CAAC,IAAI,CACD,KAAK,CAAC,CAAC,IAAI,CAACH,KAAK,CAACC,SAAS,CAAC,CAC5B,QAAQ,CAAC,CAAC,KAAK,CAAC;AAExC,wBAAwB,CAACM,QAAQ;AACjC,oBAAoB,EAAE,IAAI;AAC1B,gBAAgB,EAAE,GAAG;AACrB,YAAY,EAAE,GAAG,CAAC;EAGd;AAEJ;AACA,eAAeR,IAAI;;AAEnB"}}},"code":"!function (module1) {\n  var _inheritsLoose;\n  module1.link(\"@babel/runtime/helpers/inheritsLoose\", {\n    default: function (v) {\n      _inheritsLoose = v;\n    }\n  }, 0);\n  var React, Component;\n  module1.link(\"react\", {\n    \"default\": function (v) {\n      React = v;\n    },\n    Component: function (v) {\n      Component = v;\n    }\n  }, 0);\n  var Row, Col, Card;\n  module1.link(\"antd\", {\n    Row: function (v) {\n      Row = v;\n    },\n    Col: function (v) {\n      Col = v;\n    },\n    Card: function (v) {\n      Card = v;\n    }\n  }, 1);\n  var LoginForm;\n  module1.link(\"./LoginForm/LoginForm\", {\n    \"default\": function (v) {\n      LoginForm = v;\n    }\n  }, 2);\n  var RegisterForm;\n  module1.link(\"./RegisterForm/RegisterForm\", {\n    \"default\": function (v) {\n      RegisterForm = v;\n    }\n  }, 3);\n  ___INIT_METEOR_FAST_REFRESH(module);\n  var Auth = /*#__PURE__*/function (_Component) {\n    _inheritsLoose(Auth, _Component);\n    function Auth() {\n      var _this;\n      for (var _len = arguments.length, args = new Array(_len), _key = 0; _key < _len; _key++) {\n        args[_key] = arguments[_key];\n      }\n      _this = _Component.call.apply(_Component, [this].concat(args)) || this;\n      _this.state = {\n        cardTitle: 'Login',\n        currentForm: 'login'\n      };\n      _this.goToRegisterPage = function () {\n        _this.setState({\n          cardTitle: 'Register',\n          currentForm: 'register'\n        });\n      };\n      _this.goToLoginPage = function () {\n        _this.setState({\n          cardTitle: 'Login',\n          currentForm: 'login'\n        });\n      };\n      return _this;\n    }\n    var _proto = Auth.prototype;\n    _proto.render = function () {\n      function render() {\n        var currForm = null;\n        if (this.state.currentForm === 'register') {\n          currForm = /*#__PURE__*/React.createElement(RegisterForm, {\n            login: this.goToLoginPage\n          });\n        } else if (this.state.currentForm === 'login') {\n          currForm = /*#__PURE__*/React.createElement(LoginForm, {\n            register: this.goToRegisterPage\n          });\n        }\n        return /*#__PURE__*/React.createElement(Row, {\n          type: \"flex\",\n          justify: \"center\"\n        }, /*#__PURE__*/React.createElement(Col, {\n          xl: 8,\n          md: 12,\n          xs: 24\n        }, /*#__PURE__*/React.createElement(Card, {\n          title: this.state.cardTitle,\n          bordered: false\n        }, currForm)));\n      }\n      return render;\n    }();\n    return Auth;\n  }(Component);\n  module1.exportDefault(Auth);\n}.call(this, module);","map":{"version":3,"names":["Auth","_Component","_inheritsLoose","_this","_len","arguments","length","args","Array","_key","call","apply","concat","state","cardTitle","currentForm","goToRegisterPage","setState","goToLoginPage","_proto","prototype","render","currForm","React","createElement","RegisterForm","login","LoginForm","register","Row","type","justify","Col","xl","md","xs","Card","title","bordered","Component"],"sources":["imports/ui/components/Auth/Auth.js"],"sourcesContent":["import React, { Component } from 'react';\n//import styles from './Auth.module.css';\nimport { Row, Col, Card } from 'antd';\nimport LoginForm from './LoginForm/LoginForm';\nimport RegisterForm from './RegisterForm/RegisterForm';\n\nclass Auth extends Component {\n    state = {\n        cardTitle: 'Login',\n        currentForm: 'login'\n    }\n    goToRegisterPage = () => {\n        this.setState({\n            cardTitle: 'Register',\n            currentForm: 'register'\n        })\n    }\n    goToLoginPage = () => {\n        this.setState({\n            cardTitle: 'Login',\n            currentForm: 'login'\n        })\n    }\n\n    render() {\n        let currForm = null;\n        if (this.state.currentForm === 'register') {\n            currForm = <RegisterForm login={this.goToLoginPage} />\n\n        }\n        else if (this.state.currentForm === 'login') {\n            currForm = <LoginForm register={this.goToRegisterPage} />\n        }\n\n        return (\n            <Row type=\"flex\" justify=\"center\">\n                <Col xl={8} md={12} xs={24}>\n                    <Card\n                        title={this.state.cardTitle}\n                        bordered={false}\n                    >\n                        {currForm}\n                    </Card>\n                </Col>\n            </Row>\n\n        );\n    }\n\n}\nexport default Auth;\n\n/*help={<div className={styles.Label}>Should be a valid password</div>}*/\n"],"mappings":";;;;;;;;;;;;;;;;;;;;;;;;;;;;;;;;;;;;;;;;;MAMMA,IAAI,0BAAAC,UAAA;IAAAC,cAAA,CAAAF,IAAA,EAAAC,UAAA;IAAA,SAAAD,KAAA;MAAA,IAAAG,KAAA;MAAA,SAAAC,IAAA,GAAAC,SAAA,CAAAC,MAAA,EAAAC,IAAA,OAAAC,KAAA,CAAAJ,IAAA,GAAAK,IAAA,MAAAA,IAAA,GAAAL,IAAA,EAAAK,IAAA;QAAAF,IAAA,CAAAE,IAAA,IAAAJ,SAAA,CAAAI,IAAA;MAAA;MAAAN,KAAA,GAAAF,UAAA,CAAAS,IAAA,CAAAC,KAAA,CAAAV,UAAA,SAAAW,MAAA,CAAAL,IAAA;MAAAJ,KAAA,CACNU,KAAK,GAAG;QACJC,SAAS,EAAE,OAAO;QAClBC,WAAW,EAAE;MACjB,CAAC;MAAAZ,KAAA,CACDa,gBAAgB,GAAG,YAAM;QACrBb,KAAA,CAAKc,QAAQ,CAAC;UACVH,SAAS,EAAE,UAAU;UACrBC,WAAW,EAAE;QACjB,CAAC,CAAC;MACN,CAAC;MAAAZ,KAAA,CACDe,aAAa,GAAG,YAAM;QAClBf,KAAA,CAAKc,QAAQ,CAAC;UACVH,SAAS,EAAE,OAAO;UAClBC,WAAW,EAAE;QACjB,CAAC,CAAC;MACN,CAAC;MAAA,OAAAZ,KAAA;IAAA;IAAA,IAAAgB,MAAA,GAAAnB,IAAA,CAAAoB,SAAA;IAAAD,MAAA,CAEDE,MAAM;MAAN,SAAAA,OAAA,EAAS;QACL,IAAIC,QAAQ,GAAG,IAAI;QACnB,IAAI,IAAI,CAACT,KAAK,CAACE,WAAW,KAAK,UAAU,EAAE;UACvCO,QAAQ,gBAAGC,KAAA,CAAAC,aAAA,CAACC,YAAY;YAACC,KAAK,EAAE,IAAI,CAACR;UAAc,EAAG;QAE1D,CAAC,MACI,IAAI,IAAI,CAACL,KAAK,CAACE,WAAW,KAAK,OAAO,EAAE;UACzCO,QAAQ,gBAAGC,KAAA,CAAAC,aAAA,CAACG,SAAS;YAACC,QAAQ,EAAE,IAAI,CAACZ;UAAiB,EAAG;QAC7D;QAEA,oBACIO,KAAA,CAAAC,aAAA,CAACK,GAAG;UAACC,IAAI,EAAC,MAAM;UAACC,OAAO,EAAC;QAAQ,gBAC7BR,KAAA,CAAAC,aAAA,CAACQ,GAAG;UAACC,EAAE,EAAE,CAAE;UAACC,EAAE,EAAE,EAAG;UAACC,EAAE,EAAE;QAAG,gBACvBZ,KAAA,CAAAC,aAAA,CAACY,IAAI;UACDC,KAAK,EAAE,IAAI,CAACxB,KAAK,CAACC,SAAU;UAC5BwB,QAAQ,EAAE;QAAM,GAEfhB,QACC,CACL,CACJ,CAAC;MAGd;MAAA,OAAAD,MAAA;IAAA;IAAA,OAAArB,IAAA;EAAA,EAzCeuC,SAAS;wBA4CbvC,I"},"sourceType":"module","externalDependencies":{},"hash":"a86fa381a8789a1e2cff1b5a31eed6b0ea79a96e"}
