{"metadata":{},"options":{"assumptions":{},"compact":false,"sourceMaps":true,"ast":true,"babelrc":false,"configFile":false,"parserOpts":{"sourceType":"module","sourceFileName":"/home/ani/Mergerware_assignment/Mererware_meteor/Mergerware_loanify/packages/binary-heap/min-max-heap.js","plugins":["*","flow","jsx","asyncGenerators","bigInt","classPrivateMethods","classPrivateProperties","classProperties","doExpressions","dynamicImport","exportDefaultFrom","exportExtensions","exportNamespaceFrom","functionBind","functionSent","importMeta","nullishCoalescingOperator","numericSeparator","objectRestSpread","optionalCatchBinding","optionalChaining",["pipelineOperator",{"proposal":"minimal"}],"throwExpressions","objectRestSpread","objectRestSpread","asyncGenerators","classProperties","classPrivateProperties","jsx","nullishCoalescingOperator","nullishCoalescingOperator","optionalChaining","optionalChaining","optionalCatchBinding","optionalCatchBinding","classProperties","classPrivateProperties","classPrivateMethods","classProperties","classPrivateProperties","asyncGenerators","asyncGenerators","objectRestSpread","objectRestSpread","logicalAssignment"],"allowImportExportEverywhere":true,"allowReturnOutsideFunction":true,"allowUndeclaredExports":true,"strictMode":false},"caller":{"name":"meteor","arch":"os.linux.x86_64"},"sourceFileName":"packages/binary-heap/min-max-heap.js","filename":"/home/ani/Mergerware_assignment/Mererware_meteor/Mergerware_loanify/packages/binary-heap/min-max-heap.js","targets":{},"cloneInputAst":true,"browserslistConfigFile":false,"passPerPreset":false,"envName":"development","cwd":"/home/ani/Mergerware_assignment/Mererware_meteor/Mergerware_loanify","root":"/home/ani/Mergerware_assignment/Mererware_meteor/Mergerware_loanify","rootMode":"root","plugins":[{"key":"base$0","visitor":{"_exploded":true,"_verified":true},"options":{},"externalDependencies":[]},{"key":"base$0$0","visitor":{"Program":{"enter":[null],"exit":[null]},"_exploded":true,"_verified":true},"options":{"avoidModernSyntax":false,"enforceStrictMode":false,"dynamicImport":true,"generateLetDeclarations":true},"externalDependencies":[]},{"key":"transform-runtime","visitor":{"MemberExpression":{"enter":[null]},"ObjectPattern":{"enter":[null]},"BinaryExpression":{"enter":[null]},"Identifier":{"enter":[null]},"JSXIdentifier":{"enter":[null]},"_exploded":true,"_verified":true},"options":{"version":"7.17.2","helpers":true,"useESModules":false,"corejs":false},"externalDependencies":[]},{"key":"syntax-object-rest-spread","visitor":{"_exploded":true,"_verified":true},"options":{},"externalDependencies":[]},{"key":"proposal-object-rest-spread","visitor":{"VariableDeclarator":{"enter":[null]},"ExportNamedDeclaration":{"enter":[null]},"CatchClause":{"enter":[null]},"AssignmentExpression":{"enter":[null]},"ArrayPattern":{"enter":[null]},"ObjectExpression":{"enter":[null]},"FunctionDeclaration":{"enter":[null]},"FunctionExpression":{"enter":[null]},"ObjectMethod":{"enter":[null]},"ArrowFunctionExpression":{"enter":[null]},"ClassMethod":{"enter":[null]},"ClassPrivateMethod":{"enter":[null]},"ForInStatement":{"enter":[null]},"ForOfStatement":{"enter":[null]},"_exploded":true,"_verified":true},"options":{},"externalDependencies":[]},{"key":"transform-meteor-async-await","visitor":{"AwaitExpression":{"enter":[null]},"_exploded":true,"_verified":true,"FunctionDeclaration":{"exit":[null]},"FunctionExpression":{"exit":[null]},"ObjectMethod":{"exit":[null]},"ArrowFunctionExpression":{"exit":[null]},"ClassMethod":{"exit":[null]},"ClassPrivateMethod":{"exit":[null]}},"options":{"useNativeAsyncAwait":false},"externalDependencies":[]},{"key":"proposal-async-generator-functions","visitor":{"Program":{"enter":[null]},"_exploded":true,"_verified":true},"options":{},"externalDependencies":[]},{"key":"proposal-class-properties","visitor":{"ExportDefaultDeclaration":{"enter":[null]},"_exploded":true,"_verified":true,"ClassExpression":{"enter":[null]},"ClassDeclaration":{"enter":[null]}},"options":{"loose":true},"externalDependencies":[]},{"key":"transform-react-jsx","visitor":{"JSXNamespacedName":{"enter":[null]},"JSXSpreadChild":{"enter":[null]},"Program":{"enter":[null]},"JSXFragment":{"exit":[null]},"JSXElement":{"exit":[null]},"JSXAttribute":{"enter":[null]},"_exploded":true,"_verified":true},"options":{"pragma":"React.createElement","pragmaFrag":"React.Fragment","runtime":"classic","throwIfNamespace":true,"useBuiltIns":false},"externalDependencies":[]},{"key":"transform-react-display-name","visitor":{"ExportDefaultDeclaration":{"enter":[null]},"CallExpression":{"enter":[null]},"_exploded":true,"_verified":true},"options":{},"externalDependencies":[]},{"key":"transform-react-pure-annotations","visitor":{"CallExpression":{"enter":[null]},"_exploded":true,"_verified":true},"options":{},"externalDependencies":[]},{"key":"syntax-nullish-coalescing-operator","visitor":{"_exploded":true,"_verified":true},"options":{},"externalDependencies":[]},{"key":"proposal-nullish-coalescing-operator","visitor":{"LogicalExpression":{"enter":[null]},"_exploded":true,"_verified":true},"options":{},"externalDependencies":[]},{"key":"syntax-optional-chaining","visitor":{"_exploded":true,"_verified":true},"options":{},"externalDependencies":[]},{"key":"proposal-optional-chaining","visitor":{"OptionalCallExpression":{"enter":[null]},"OptionalMemberExpression":{"enter":[null]},"_exploded":true,"_verified":true},"options":{},"externalDependencies":[]},{"key":"syntax-optional-catch-binding","visitor":{"_exploded":true,"_verified":true},"options":{},"externalDependencies":[]},{"key":"proposal-optional-catch-binding","visitor":{"CatchClause":{"enter":[null]},"_exploded":true,"_verified":true},"options":{},"externalDependencies":[]},{"key":"syntax-class-properties","visitor":{"_exploded":true,"_verified":true},"options":{},"externalDependencies":[]},{"key":"proposal-class-properties","visitor":{"ExportDefaultDeclaration":{"enter":[null]},"_exploded":true,"_verified":true,"ClassExpression":{"enter":[null]},"ClassDeclaration":{"enter":[null]}},"options":{},"externalDependencies":[]},{"key":"syntax-async-generators","visitor":{"_exploded":true,"_verified":true},"options":{},"externalDependencies":[]},{"key":"proposal-async-generator-functions","visitor":{"Program":{"enter":[null]},"_exploded":true,"_verified":true},"options":{},"externalDependencies":[]},{"key":"syntax-object-rest-spread","visitor":{"_exploded":true,"_verified":true},"options":{},"externalDependencies":[]},{"key":"proposal-object-rest-spread","visitor":{"VariableDeclarator":{"enter":[null]},"ExportNamedDeclaration":{"enter":[null]},"CatchClause":{"enter":[null]},"AssignmentExpression":{"enter":[null]},"ArrayPattern":{"enter":[null]},"ObjectExpression":{"enter":[null]},"FunctionDeclaration":{"enter":[null]},"FunctionExpression":{"enter":[null]},"ObjectMethod":{"enter":[null]},"ArrowFunctionExpression":{"enter":[null]},"ClassMethod":{"enter":[null]},"ClassPrivateMethod":{"enter":[null]},"ForInStatement":{"enter":[null]},"ForOfStatement":{"enter":[null]},"_exploded":true,"_verified":true},"options":{},"externalDependencies":[]},{"key":"proposal-logical-assignment-operators","visitor":{"AssignmentExpression":{"enter":[null]},"_exploded":true,"_verified":true},"options":{},"externalDependencies":[]},{"key":"transform-literals","visitor":{"NumericLiteral":{"enter":[null]},"StringLiteral":{"enter":[null]},"_exploded":true,"_verified":true},"options":{},"externalDependencies":[]},{"key":"transform-template-literals","visitor":{"TaggedTemplateExpression":{"enter":[null]},"TemplateLiteral":{"enter":[null]},"_exploded":true,"_verified":true},"options":{},"externalDependencies":[]},{"key":"transform-parameters","visitor":{"_exploded":true,"_verified":true,"FunctionDeclaration":{"enter":[null]},"FunctionExpression":{"enter":[null]},"ObjectMethod":{"enter":[null]},"ArrowFunctionExpression":{"enter":[null]},"ClassMethod":{"enter":[null]},"ClassPrivateMethod":{"enter":[null]}},"options":{},"externalDependencies":[]},{"key":"transform-exponentiation-operator","visitor":{"AssignmentExpression":{"enter":[null]},"BinaryExpression":{"enter":[null]},"_exploded":true,"_verified":true},"options":{},"externalDependencies":[]}],"presets":[],"generatorOpts":{"filename":"/home/ani/Mergerware_assignment/Mererware_meteor/Mergerware_loanify/packages/binary-heap/min-max-heap.js","comments":true,"compact":false,"sourceMaps":true,"sourceFileName":"packages/binary-heap/min-max-heap.js"}},"code":"module.export({\n  MinMaxHeap: () => MinMaxHeap\n});\nlet MaxHeap;\nmodule.link(\"./max-heap.js\", {\n  MaxHeap(v) {\n    MaxHeap = v;\n  }\n}, 0);\nlet MinHeap;\nmodule.link(\"./min-heap.js\", {\n  MinHeap(v) {\n    MinHeap = v;\n  }\n}, 1);\nclass MinMaxHeap extends MaxHeap {\n  constructor(comparator, options) {\n    super(comparator, options);\n    this._minHeap = new MinHeap(comparator, options);\n  }\n  set() {\n    super.set(...arguments);\n    this._minHeap.set(...arguments);\n  }\n  remove() {\n    super.remove(...arguments);\n    this._minHeap.remove(...arguments);\n  }\n  clear() {\n    super.clear(...arguments);\n    this._minHeap.clear(...arguments);\n  }\n  setDefault() {\n    super.setDefault(...arguments);\n    return this._minHeap.setDefault(...arguments);\n  }\n  clone() {\n    const clone = new MinMaxHeap(this._comparator, this._heap);\n    return clone;\n  }\n  minElementId() {\n    return this._minHeap.minElementId();\n  }\n}\n;","map":{"version":3,"names":["module","export","MinMaxHeap","MaxHeap","link","v","MinHeap","constructor","comparator","options","_minHeap","set","arguments","remove","clear","setDefault","clone","_comparator","_heap","minElementId"],"sources":["packages/binary-heap/min-max-heap.js"],"sourcesContent":["import { MaxHeap } from './max-heap.js';\nimport { MinHeap } from './min-heap.js';\n\n// This implementation of Min/Max-Heap is just a subclass of Max-Heap\n// with a Min-Heap as an encapsulated property.\n//\n// Most of the operations are just proxy methods to call the same method on both\n// heaps.\n//\n// This implementation takes 2*N memory but is fairly simple to write and\n// understand. And the constant factor of a simple Heap is usually smaller\n// compared to other two-way priority queues like Min/Max Heaps\n// (http://www.cs.otago.ac.nz/staffpriv/mike/Papers/MinMaxHeaps/MinMaxHeaps.pdf)\n// and Interval Heaps\n// (http://www.cise.ufl.edu/~sahni/dsaac/enrich/c13/double.htm)\nexport class MinMaxHeap extends MaxHeap {\n  constructor(comparator, options) {\n    super(comparator, options);\n    this._minHeap = new MinHeap(comparator, options);\n  }\n\n  set(...args) {\n    super.set(...args);\n    this._minHeap.set(...args);\n  }\n\n  remove(...args) {\n    super.remove(...args);\n    this._minHeap.remove(...args);\n  }\n\n  clear(...args) {\n    super.clear(...args);\n    this._minHeap.clear(...args);\n  }\n\n  setDefault(...args) {\n    super.setDefault(...args);\n    return this._minHeap.setDefault(...args);\n  }\n\n  clone() {\n    const clone = new MinMaxHeap(this._comparator, this._heap);\n    return clone;\n  }\n\n  minElementId() {\n    return this._minHeap.minElementId();\n  }\n\n};\n"],"mappings":"AAAAA,MAAM,CAACC,MAAM,CAAC;EAACC,UAAU,EAACA,CAAA,KAAIA;AAAU,CAAC,CAAC;AAAC,IAAIC,OAAO;AAACH,MAAM,CAACI,IAAI,CAAC,eAAe,EAAC;EAACD,OAAOA,CAACE,CAAC,EAAC;IAACF,OAAO,GAACE,CAAC;EAAA;AAAC,CAAC,EAAC,CAAC,CAAC;AAAC,IAAIC,OAAO;AAACN,MAAM,CAACI,IAAI,CAAC,eAAe,EAAC;EAACE,OAAOA,CAACD,CAAC,EAAC;IAACC,OAAO,GAACD,CAAC;EAAA;AAAC,CAAC,EAAC,CAAC,CAAC;AAezK,MAAMH,UAAU,SAASC,OAAO,CAAC;EACtCI,WAAWA,CAACC,UAAU,EAAEC,OAAO,EAAE;IAC/B,KAAK,CAACD,UAAU,EAAEC,OAAO,CAAC;IAC1B,IAAI,CAACC,QAAQ,GAAG,IAAIJ,OAAO,CAACE,UAAU,EAAEC,OAAO,CAAC;EAClD;EAEAE,GAAGA,CAAA,EAAU;IACX,KAAK,CAACA,GAAG,CAAC,GAAAC,SAAO,CAAC;IAClB,IAAI,CAACF,QAAQ,CAACC,GAAG,CAAC,GAAAC,SAAO,CAAC;EAC5B;EAEAC,MAAMA,CAAA,EAAU;IACd,KAAK,CAACA,MAAM,CAAC,GAAAD,SAAO,CAAC;IACrB,IAAI,CAACF,QAAQ,CAACG,MAAM,CAAC,GAAAD,SAAO,CAAC;EAC/B;EAEAE,KAAKA,CAAA,EAAU;IACb,KAAK,CAACA,KAAK,CAAC,GAAAF,SAAO,CAAC;IACpB,IAAI,CAACF,QAAQ,CAACI,KAAK,CAAC,GAAAF,SAAO,CAAC;EAC9B;EAEAG,UAAUA,CAAA,EAAU;IAClB,KAAK,CAACA,UAAU,CAAC,GAAAH,SAAO,CAAC;IACzB,OAAO,IAAI,CAACF,QAAQ,CAACK,UAAU,CAAC,GAAAH,SAAO,CAAC;EAC1C;EAEAI,KAAKA,CAAA,EAAG;IACN,MAAMA,KAAK,GAAG,IAAId,UAAU,CAAC,IAAI,CAACe,WAAW,EAAE,IAAI,CAACC,KAAK,CAAC;IAC1D,OAAOF,KAAK;EACd;EAEAG,YAAYA,CAAA,EAAG;IACb,OAAO,IAAI,CAACT,QAAQ,CAACS,YAAY,CAAC,CAAC;EACrC;AAEF;AAAC"},"sourceType":"module","externalDependencies":{},"hash":"ab99c2a073d51141baabe7ad81f5799bbff47870"}
