{"metadata":{},"options":{"assumptions":{},"compact":false,"sourceMaps":true,"ast":true,"babelrc":false,"configFile":false,"parserOpts":{"sourceType":"module","sourceFileName":"/home/ani/Mergerware_assignment/Mererware_meteor/Mergerware_loanify/imports/ui/components/UsersEditUser/UsersEditUser.js","plugins":["*","flow","jsx","asyncGenerators","bigInt","classPrivateMethods","classPrivateProperties","classProperties","doExpressions","dynamicImport","exportDefaultFrom","exportExtensions","exportNamespaceFrom","functionBind","functionSent","importMeta","nullishCoalescingOperator","numericSeparator","objectRestSpread","optionalCatchBinding","optionalChaining",["pipelineOperator",{"proposal":"minimal"}],"throwExpressions","classProperties","classPrivateProperties","jsx","nullishCoalescingOperator","nullishCoalescingOperator","optionalChaining","optionalChaining","optionalCatchBinding","optionalCatchBinding","classProperties","classPrivateProperties","classPrivateMethods","classProperties","classPrivateProperties","asyncGenerators","asyncGenerators","objectRestSpread","objectRestSpread","logicalAssignment"],"allowImportExportEverywhere":true,"allowReturnOutsideFunction":true,"allowUndeclaredExports":true,"strictMode":false},"caller":{"name":"meteor","arch":"web.browser.legacy"},"sourceFileName":"imports/ui/components/UsersEditUser/UsersEditUser.js","filename":"/home/ani/Mergerware_assignment/Mererware_meteor/Mergerware_loanify/imports/ui/components/UsersEditUser/UsersEditUser.js","inputSourceMap":{"version":3,"names":["React","Component","connect","actions","EditUserForm","Redirect","UsersEditUser","state","render","authRedirect","props","isAuthenticated","mapStateToProps","users","selectedUserId","loading","auth","error","token","access_token","authRedirectPath","mapDispatchToProps","dispatch","login","email","password","setAuthRedirectPath","initUsers","setSelectedUserId","unsetSelectedLoanId"],"sources":["imports/ui/components/UsersEditUser/UsersEditUser.js"],"sourcesContent":["import React, { Component } from 'react';\nimport { connect } from 'react-redux';\nimport * as actions from '../../store/actions/index';\nimport EditUserForm from './Forms/EditUserForm';\nimport { Redirect } from 'react-router';\n\nclass UsersEditUser extends Component {\n    state = {}\n    render() {\n        let authRedirect = null;\n        if (!this.props.isAuthenticated) {\n            authRedirect = <Redirect to=\"/login\" />\n        }\n\n        return (\n            <div>\n                {authRedirect}\n                <EditUserForm />\n            </div>\n        );\n    }\n}\n\nconst mapStateToProps = state => {\n    return {\n        users: state.users.users,\n        selectedUserId:state.users.selectedUserId,\n        loading: state.auth.loading,\n        error: state.auth.error,\n        token: state.auth.access_token,\n        isAuthenticated: state.auth.access_token !== null,\n        authRedirectPath: state.auth.authRedirectPath\n    }\n}\n\n\nconst mapDispatchToProps = dispatch => {\n    return {\n        login: (email, password) => dispatch(actions.login(email, password)),\n        setAuthRedirectPath: () => dispatch(actions.setAuthRedirectPath('/ ')),\n        initUsers: () => dispatch(actions.initUsers()),\n        setSelectedUserId: (selectedUserId) => dispatch(actions.setSelectedUserId(selectedUserId)),\n        unsetSelectedLoanId: () => dispatch(actions.unsetSelectedLoanId())\n    }\n}\nexport default connect(mapStateToProps, mapDispatchToProps)(UsersEditUser);\n"],"mappings":";AAAA,OAAOA,KAAK,IAAIC,SAAS,QAAQ,OAAO;AACxC,SAASC,OAAO,QAAQ,aAAa;AACrC,OAAO,KAAKC,OAAO,MAAM,2BAA2B;AACpD,OAAOC,YAAY,MAAM,sBAAsB;AAC/C,SAASC,QAAQ,QAAQ,cAAc;AAEvC,MAAMC,aAAa,SAASL,SAAS,CAAC;EAClCM,KAAK,GAAG,CAAC,CAAC;EACVC,MAAMA,CAAA,EAAG;IACL,IAAIC,YAAY,GAAG,IAAI;IACvB,IAAI,CAAC,IAAI,CAACC,KAAK,CAACC,eAAe,EAAE;MAC7BF,YAAY,GAAG,CAAC,QAAQ,CAAC,EAAE,CAAC,QAAQ,GAAG;IAC3C;IAEA,OACI,CAAC,GAAG;AAChB,gBAAgB,CAACA,YAAY;AAC7B,gBAAgB,CAAC,YAAY;AAC7B,YAAY,EAAE,GAAG,CAAC;EAEd;AACJ;AAEA,MAAMG,eAAe,GAAGL,KAAK,IAAI;EAC7B,OAAO;IACHM,KAAK,EAAEN,KAAK,CAACM,KAAK,CAACA,KAAK;IACxBC,cAAc,EAACP,KAAK,CAACM,KAAK,CAACC,cAAc;IACzCC,OAAO,EAAER,KAAK,CAACS,IAAI,CAACD,OAAO;IAC3BE,KAAK,EAAEV,KAAK,CAACS,IAAI,CAACC,KAAK;IACvBC,KAAK,EAAEX,KAAK,CAACS,IAAI,CAACG,YAAY;IAC9BR,eAAe,EAAEJ,KAAK,CAACS,IAAI,CAACG,YAAY,KAAK,IAAI;IACjDC,gBAAgB,EAAEb,KAAK,CAACS,IAAI,CAACI;EACjC,CAAC;AACL,CAAC;AAGD,MAAMC,kBAAkB,GAAGC,QAAQ,IAAI;EACnC,OAAO;IACHC,KAAK,EAAEA,CAACC,KAAK,EAAEC,QAAQ,KAAKH,QAAQ,CAACnB,OAAO,CAACoB,KAAK,CAACC,KAAK,EAAEC,QAAQ,CAAC,CAAC;IACpEC,mBAAmB,EAAEA,CAAA,KAAMJ,QAAQ,CAACnB,OAAO,CAACuB,mBAAmB,CAAC,IAAI,CAAC,CAAC;IACtEC,SAAS,EAAEA,CAAA,KAAML,QAAQ,CAACnB,OAAO,CAACwB,SAAS,CAAC,CAAC,CAAC;IAC9CC,iBAAiB,EAAGd,cAAc,IAAKQ,QAAQ,CAACnB,OAAO,CAACyB,iBAAiB,CAACd,cAAc,CAAC,CAAC;IAC1Fe,mBAAmB,EAAEA,CAAA,KAAMP,QAAQ,CAACnB,OAAO,CAAC0B,mBAAmB,CAAC,CAAC;EACrE,CAAC;AACL,CAAC;AACD,eAAe3B,OAAO,CAACU,eAAe,EAAES,kBAAkB,CAAC,CAACf,aAAa,CAAC"},"targets":{},"cloneInputAst":true,"browserslistConfigFile":false,"passPerPreset":false,"envName":"development","cwd":"/home/ani/Mergerware_assignment/Mererware_meteor/Mergerware_loanify","root":"/home/ani/Mergerware_assignment/Mererware_meteor/Mergerware_loanify","rootMode":"root","plugins":[{"key":"base$0","visitor":{"_exploded":true,"_verified":true},"options":{},"externalDependencies":[]},{"key":"base$0$0","visitor":{"Program":{"enter":[null],"exit":[null]},"_exploded":true,"_verified":true},"options":{"avoidModernSyntax":true,"enforceStrictMode":false,"dynamicImport":true},"externalDependencies":[]},{"key":"transform-runtime","visitor":{"MemberExpression":{"enter":[null]},"ObjectPattern":{"enter":[null]},"BinaryExpression":{"enter":[null]},"Identifier":{"enter":[null]},"JSXIdentifier":{"enter":[null]},"_exploded":true,"_verified":true},"options":{"version":"7.17.2","helpers":true,"useESModules":false,"corejs":false},"externalDependencies":[]},{"key":"proposal-class-properties","visitor":{"ExportDefaultDeclaration":{"enter":[null]},"_exploded":true,"_verified":true,"ClassExpression":{"enter":[null]},"ClassDeclaration":{"enter":[null]}},"options":{"loose":true},"externalDependencies":[]},{"key":"base$0$3","visitor":{"FunctionExpression":{"exit":[null]},"_exploded":true,"_verified":true},"options":{},"externalDependencies":[]},{"key":"base$0$4","visitor":{"ForInStatement":{"enter":[null]},"_exploded":true,"_verified":true},"options":{},"externalDependencies":[]},{"key":"transform-react-jsx","visitor":{"JSXNamespacedName":{"enter":[null]},"JSXSpreadChild":{"enter":[null]},"Program":{"enter":[null]},"JSXFragment":{"exit":[null]},"JSXElement":{"exit":[null]},"JSXAttribute":{"enter":[null]},"_exploded":true,"_verified":true},"options":{"pragma":"React.createElement","pragmaFrag":"React.Fragment","runtime":"classic","throwIfNamespace":true,"useBuiltIns":false},"externalDependencies":[]},{"key":"transform-react-display-name","visitor":{"ExportDefaultDeclaration":{"enter":[null]},"CallExpression":{"enter":[null]},"_exploded":true,"_verified":true},"options":{},"externalDependencies":[]},{"key":"transform-react-pure-annotations","visitor":{"CallExpression":{"enter":[null]},"_exploded":true,"_verified":true},"options":{},"externalDependencies":[]},{"key":"syntax-nullish-coalescing-operator","visitor":{"_exploded":true,"_verified":true},"options":{},"externalDependencies":[]},{"key":"proposal-nullish-coalescing-operator","visitor":{"LogicalExpression":{"enter":[null]},"_exploded":true,"_verified":true},"options":{},"externalDependencies":[]},{"key":"syntax-optional-chaining","visitor":{"_exploded":true,"_verified":true},"options":{},"externalDependencies":[]},{"key":"proposal-optional-chaining","visitor":{"OptionalCallExpression":{"enter":[null]},"OptionalMemberExpression":{"enter":[null]},"_exploded":true,"_verified":true},"options":{},"externalDependencies":[]},{"key":"syntax-optional-catch-binding","visitor":{"_exploded":true,"_verified":true},"options":{},"externalDependencies":[]},{"key":"proposal-optional-catch-binding","visitor":{"CatchClause":{"enter":[null]},"_exploded":true,"_verified":true},"options":{},"externalDependencies":[]},{"key":"syntax-class-properties","visitor":{"_exploded":true,"_verified":true},"options":{},"externalDependencies":[]},{"key":"proposal-class-properties","visitor":{"ExportDefaultDeclaration":{"enter":[null]},"_exploded":true,"_verified":true,"ClassExpression":{"enter":[null]},"ClassDeclaration":{"enter":[null]}},"options":{},"externalDependencies":[]},{"key":"syntax-async-generators","visitor":{"_exploded":true,"_verified":true},"options":{},"externalDependencies":[]},{"key":"proposal-async-generator-functions","visitor":{"Program":{"enter":[null]},"_exploded":true,"_verified":true},"options":{},"externalDependencies":[]},{"key":"syntax-object-rest-spread","visitor":{"_exploded":true,"_verified":true},"options":{},"externalDependencies":[]},{"key":"proposal-object-rest-spread","visitor":{"VariableDeclarator":{"enter":[null]},"ExportNamedDeclaration":{"enter":[null]},"CatchClause":{"enter":[null]},"AssignmentExpression":{"enter":[null]},"ArrayPattern":{"enter":[null]},"ObjectExpression":{"enter":[null]},"FunctionDeclaration":{"enter":[null]},"FunctionExpression":{"enter":[null]},"ObjectMethod":{"enter":[null]},"ArrowFunctionExpression":{"enter":[null]},"ClassMethod":{"enter":[null]},"ClassPrivateMethod":{"enter":[null]},"ForInStatement":{"enter":[null]},"ForOfStatement":{"enter":[null]},"_exploded":true,"_verified":true},"options":{},"externalDependencies":[]},{"key":"proposal-logical-assignment-operators","visitor":{"AssignmentExpression":{"enter":[null]},"_exploded":true,"_verified":true},"options":{},"externalDependencies":[]},{"key":"transform-arrow-functions","visitor":{"ArrowFunctionExpression":{"enter":[null]},"_exploded":true,"_verified":true},"options":{},"externalDependencies":[]},{"key":"transform-block-scoped-functions","visitor":{"BlockStatement":{"enter":[null]},"SwitchCase":{"enter":[null]},"_exploded":true,"_verified":true},"options":{},"externalDependencies":[]},{"key":"transform-block-scoping","visitor":{"VariableDeclaration":{"enter":[null,null]},"BlockStatement":{"enter":[null]},"SwitchCase":{"enter":[null]},"ClassDeclaration":{"enter":[null]},"DoWhileStatement":{"enter":[null]},"ForInStatement":{"enter":[null]},"ForStatement":{"enter":[null]},"WhileStatement":{"enter":[null]},"ForOfStatement":{"enter":[null]},"_exploded":true,"_verified":true},"options":{},"externalDependencies":[]},{"key":"transform-classes","visitor":{"ExportDefaultDeclaration":{"enter":[null]},"ClassDeclaration":{"enter":[null]},"ClassExpression":{"enter":[null]},"_exploded":true,"_verified":true},"options":{"loose":true},"externalDependencies":[]},{"key":"transform-computed-properties","visitor":{"ObjectExpression":{"exit":[null]},"_exploded":true,"_verified":true},"options":{"loose":true},"externalDependencies":[]},{"key":"transform-destructuring","visitor":{"ExportNamedDeclaration":{"enter":[null]},"CatchClause":{"enter":[null]},"AssignmentExpression":{"enter":[null]},"VariableDeclaration":{"enter":[null]},"_exploded":true,"_verified":true,"ForInStatement":{"enter":[null]},"ForOfStatement":{"enter":[null]}},"options":{},"externalDependencies":[]},{"key":"transform-for-of","visitor":{"ForOfStatement":{"enter":[null]},"_exploded":true,"_verified":true},"options":{"loose":true},"externalDependencies":[]},{"key":"transform-literals","visitor":{"NumericLiteral":{"enter":[null]},"StringLiteral":{"enter":[null]},"_exploded":true,"_verified":true},"options":{},"externalDependencies":[]},{"key":"transform-object-super","visitor":{"ObjectExpression":{"enter":[null]},"_exploded":true,"_verified":true,"DoWhileStatement":{"exit":[null]},"ForInStatement":{"exit":[null]},"ForStatement":{"exit":[null]},"WhileStatement":{"exit":[null]},"ForOfStatement":{"exit":[null]}},"options":{},"externalDependencies":[]},{"key":"transform-parameters","visitor":{"_exploded":true,"_verified":true,"FunctionDeclaration":{"enter":[null]},"FunctionExpression":{"enter":[null]},"ObjectMethod":{"enter":[null]},"ArrowFunctionExpression":{"enter":[null]},"ClassMethod":{"enter":[null]},"ClassPrivateMethod":{"enter":[null]}},"options":{},"externalDependencies":[]},{"key":"transform-shorthand-properties","visitor":{"ObjectMethod":{"enter":[null]},"ObjectProperty":{"enter":[null]},"_exploded":true,"_verified":true},"options":{},"externalDependencies":[]},{"key":"transform-spread","visitor":{"ArrayExpression":{"enter":[null]},"CallExpression":{"enter":[null]},"NewExpression":{"enter":[null]},"_exploded":true,"_verified":true},"options":{},"externalDependencies":[]},{"key":"transform-sticky-regex","visitor":{"RegExpLiteral":{"enter":[null]},"_exploded":true,"_verified":true},"options":{},"externalDependencies":[]},{"key":"transform-template-literals","visitor":{"TaggedTemplateExpression":{"enter":[null]},"TemplateLiteral":{"enter":[null]},"_exploded":true,"_verified":true},"options":{"loose":true},"externalDependencies":[]},{"key":"transform-typeof-symbol","visitor":{"UnaryExpression":{"enter":[null]},"_exploded":true,"_verified":true,"BlockStatement":{"enter":[null]},"CatchClause":{"enter":[null]},"DoWhileStatement":{"enter":[null]},"ForInStatement":{"enter":[null]},"ForStatement":{"enter":[null]},"FunctionDeclaration":{"enter":[null]},"FunctionExpression":{"enter":[null]},"Program":{"enter":[null]},"ObjectMethod":{"enter":[null]},"SwitchStatement":{"enter":[null]},"WhileStatement":{"enter":[null]},"ArrowFunctionExpression":{"enter":[null]},"ClassExpression":{"enter":[null]},"ClassDeclaration":{"enter":[null]},"ForOfStatement":{"enter":[null]},"ClassMethod":{"enter":[null]},"ClassPrivateMethod":{"enter":[null]},"StaticBlock":{"enter":[null]},"TSModuleBlock":{"enter":[null]},"AssignmentPattern":{"enter":[null]},"ArrayPattern":{"enter":[null]},"ObjectPattern":{"enter":[null]}},"options":{},"externalDependencies":[]},{"key":"transform-unicode-regex","visitor":{"RegExpLiteral":{"enter":[null]},"_exploded":true,"_verified":true},"options":{},"externalDependencies":[]},{"key":"transform-property-literals","visitor":{"ObjectProperty":{"exit":[null]},"_exploded":true,"_verified":true},"options":{},"externalDependencies":[]},{"key":"transform-exponentiation-operator","visitor":{"AssignmentExpression":{"enter":[null]},"BinaryExpression":{"enter":[null]},"_exploded":true,"_verified":true},"options":{},"externalDependencies":[]},{"key":"transform-regenerator","visitor":{"ObjectMethod":{"enter":[null],"exit":[null]},"ClassMethod":{"enter":[null],"exit":[null]},"ClassPrivateMethod":{"enter":[null],"exit":[null]},"FunctionDeclaration":{"exit":[null]},"FunctionExpression":{"exit":[null]},"ArrowFunctionExpression":{"exit":[null]},"MemberExpression":{"enter":[null]},"_exploded":true,"_verified":true},"options":{},"externalDependencies":[]}],"presets":[],"generatorOpts":{"filename":"/home/ani/Mergerware_assignment/Mererware_meteor/Mergerware_loanify/imports/ui/components/UsersEditUser/UsersEditUser.js","comments":true,"compact":false,"sourceMaps":true,"sourceFileName":"imports/ui/components/UsersEditUser/UsersEditUser.js","inputSourceMap":{"version":3,"names":["React","Component","connect","actions","EditUserForm","Redirect","UsersEditUser","state","render","authRedirect","props","isAuthenticated","mapStateToProps","users","selectedUserId","loading","auth","error","token","access_token","authRedirectPath","mapDispatchToProps","dispatch","login","email","password","setAuthRedirectPath","initUsers","setSelectedUserId","unsetSelectedLoanId"],"sources":["imports/ui/components/UsersEditUser/UsersEditUser.js"],"sourcesContent":["import React, { Component } from 'react';\nimport { connect } from 'react-redux';\nimport * as actions from '../../store/actions/index';\nimport EditUserForm from './Forms/EditUserForm';\nimport { Redirect } from 'react-router';\n\nclass UsersEditUser extends Component {\n    state = {}\n    render() {\n        let authRedirect = null;\n        if (!this.props.isAuthenticated) {\n            authRedirect = <Redirect to=\"/login\" />\n        }\n\n        return (\n            <div>\n                {authRedirect}\n                <EditUserForm />\n            </div>\n        );\n    }\n}\n\nconst mapStateToProps = state => {\n    return {\n        users: state.users.users,\n        selectedUserId:state.users.selectedUserId,\n        loading: state.auth.loading,\n        error: state.auth.error,\n        token: state.auth.access_token,\n        isAuthenticated: state.auth.access_token !== null,\n        authRedirectPath: state.auth.authRedirectPath\n    }\n}\n\n\nconst mapDispatchToProps = dispatch => {\n    return {\n        login: (email, password) => dispatch(actions.login(email, password)),\n        setAuthRedirectPath: () => dispatch(actions.setAuthRedirectPath('/ ')),\n        initUsers: () => dispatch(actions.initUsers()),\n        setSelectedUserId: (selectedUserId) => dispatch(actions.setSelectedUserId(selectedUserId)),\n        unsetSelectedLoanId: () => dispatch(actions.unsetSelectedLoanId())\n    }\n}\nexport default connect(mapStateToProps, mapDispatchToProps)(UsersEditUser);\n"],"mappings":";AAAA,OAAOA,KAAK,IAAIC,SAAS,QAAQ,OAAO;AACxC,SAASC,OAAO,QAAQ,aAAa;AACrC,OAAO,KAAKC,OAAO,MAAM,2BAA2B;AACpD,OAAOC,YAAY,MAAM,sBAAsB;AAC/C,SAASC,QAAQ,QAAQ,cAAc;AAEvC,MAAMC,aAAa,SAASL,SAAS,CAAC;EAClCM,KAAK,GAAG,CAAC,CAAC;EACVC,MAAMA,CAAA,EAAG;IACL,IAAIC,YAAY,GAAG,IAAI;IACvB,IAAI,CAAC,IAAI,CAACC,KAAK,CAACC,eAAe,EAAE;MAC7BF,YAAY,GAAG,CAAC,QAAQ,CAAC,EAAE,CAAC,QAAQ,GAAG;IAC3C;IAEA,OACI,CAAC,GAAG;AAChB,gBAAgB,CAACA,YAAY;AAC7B,gBAAgB,CAAC,YAAY;AAC7B,YAAY,EAAE,GAAG,CAAC;EAEd;AACJ;AAEA,MAAMG,eAAe,GAAGL,KAAK,IAAI;EAC7B,OAAO;IACHM,KAAK,EAAEN,KAAK,CAACM,KAAK,CAACA,KAAK;IACxBC,cAAc,EAACP,KAAK,CAACM,KAAK,CAACC,cAAc;IACzCC,OAAO,EAAER,KAAK,CAACS,IAAI,CAACD,OAAO;IAC3BE,KAAK,EAAEV,KAAK,CAACS,IAAI,CAACC,KAAK;IACvBC,KAAK,EAAEX,KAAK,CAACS,IAAI,CAACG,YAAY;IAC9BR,eAAe,EAAEJ,KAAK,CAACS,IAAI,CAACG,YAAY,KAAK,IAAI;IACjDC,gBAAgB,EAAEb,KAAK,CAACS,IAAI,CAACI;EACjC,CAAC;AACL,CAAC;AAGD,MAAMC,kBAAkB,GAAGC,QAAQ,IAAI;EACnC,OAAO;IACHC,KAAK,EAAEA,CAACC,KAAK,EAAEC,QAAQ,KAAKH,QAAQ,CAACnB,OAAO,CAACoB,KAAK,CAACC,KAAK,EAAEC,QAAQ,CAAC,CAAC;IACpEC,mBAAmB,EAAEA,CAAA,KAAMJ,QAAQ,CAACnB,OAAO,CAACuB,mBAAmB,CAAC,IAAI,CAAC,CAAC;IACtEC,SAAS,EAAEA,CAAA,KAAML,QAAQ,CAACnB,OAAO,CAACwB,SAAS,CAAC,CAAC,CAAC;IAC9CC,iBAAiB,EAAGd,cAAc,IAAKQ,QAAQ,CAACnB,OAAO,CAACyB,iBAAiB,CAACd,cAAc,CAAC,CAAC;IAC1Fe,mBAAmB,EAAEA,CAAA,KAAMP,QAAQ,CAACnB,OAAO,CAAC0B,mBAAmB,CAAC,CAAC;EACrE,CAAC;AACL,CAAC;AACD,eAAe3B,OAAO,CAACU,eAAe,EAAES,kBAAkB,CAAC,CAACf,aAAa,CAAC"}}},"code":"!function (module1) {\n  var _inheritsLoose;\n  module1.link(\"@babel/runtime/helpers/inheritsLoose\", {\n    default: function (v) {\n      _inheritsLoose = v;\n    }\n  }, 0);\n  var React, Component;\n  module1.link(\"react\", {\n    \"default\": function (v) {\n      React = v;\n    },\n    Component: function (v) {\n      Component = v;\n    }\n  }, 0);\n  var connect;\n  module1.link(\"react-redux\", {\n    connect: function (v) {\n      connect = v;\n    }\n  }, 1);\n  var actions;\n  module1.link(\"../../store/actions/index\", {\n    \"*\": function (v) {\n      actions = v;\n    }\n  }, 2);\n  var EditUserForm;\n  module1.link(\"./Forms/EditUserForm\", {\n    \"default\": function (v) {\n      EditUserForm = v;\n    }\n  }, 3);\n  var Redirect;\n  module1.link(\"react-router\", {\n    Redirect: function (v) {\n      Redirect = v;\n    }\n  }, 4);\n  ___INIT_METEOR_FAST_REFRESH(module);\n  var UsersEditUser = /*#__PURE__*/function (_Component) {\n    _inheritsLoose(UsersEditUser, _Component);\n    function UsersEditUser() {\n      var _this;\n      for (var _len = arguments.length, args = new Array(_len), _key = 0; _key < _len; _key++) {\n        args[_key] = arguments[_key];\n      }\n      _this = _Component.call.apply(_Component, [this].concat(args)) || this;\n      _this.state = {};\n      return _this;\n    }\n    var _proto = UsersEditUser.prototype;\n    _proto.render = function () {\n      function render() {\n        var authRedirect = null;\n        if (!this.props.isAuthenticated) {\n          authRedirect = /*#__PURE__*/React.createElement(Redirect, {\n            to: \"/login\"\n          });\n        }\n        return /*#__PURE__*/React.createElement(\"div\", null, authRedirect, /*#__PURE__*/React.createElement(EditUserForm, null));\n      }\n      return render;\n    }();\n    return UsersEditUser;\n  }(Component);\n  var mapStateToProps = function (state) {\n    return {\n      users: state.users.users,\n      selectedUserId: state.users.selectedUserId,\n      loading: state.auth.loading,\n      error: state.auth.error,\n      token: state.auth.access_token,\n      isAuthenticated: state.auth.access_token !== null,\n      authRedirectPath: state.auth.authRedirectPath\n    };\n  };\n  var mapDispatchToProps = function (dispatch) {\n    return {\n      login: function (email, password) {\n        return dispatch(actions.login(email, password));\n      },\n      setAuthRedirectPath: function () {\n        return dispatch(actions.setAuthRedirectPath('/ '));\n      },\n      initUsers: function () {\n        return dispatch(actions.initUsers());\n      },\n      setSelectedUserId: function (selectedUserId) {\n        return dispatch(actions.setSelectedUserId(selectedUserId));\n      },\n      unsetSelectedLoanId: function () {\n        return dispatch(actions.unsetSelectedLoanId());\n      }\n    };\n  };\n  module1.exportDefault(connect(mapStateToProps, mapDispatchToProps)(UsersEditUser));\n}.call(this, module);","map":{"version":3,"names":["UsersEditUser","_Component","_inheritsLoose","_this","_len","arguments","length","args","Array","_key","call","apply","concat","state","_proto","prototype","render","authRedirect","props","isAuthenticated","React","createElement","Redirect","to","EditUserForm","Component","mapStateToProps","users","selectedUserId","loading","auth","error","token","access_token","authRedirectPath","mapDispatchToProps","dispatch","login","email","password","actions","setAuthRedirectPath","initUsers","setSelectedUserId","unsetSelectedLoanId","connect"],"sources":["imports/ui/components/UsersEditUser/UsersEditUser.js"],"sourcesContent":["import React, { Component } from 'react';\nimport { connect } from 'react-redux';\nimport * as actions from '../../store/actions/index';\nimport EditUserForm from './Forms/EditUserForm';\nimport { Redirect } from 'react-router';\n\nclass UsersEditUser extends Component {\n    state = {}\n    render() {\n        let authRedirect = null;\n        if (!this.props.isAuthenticated) {\n            authRedirect = <Redirect to=\"/login\" />\n        }\n\n        return (\n            <div>\n                {authRedirect}\n                <EditUserForm />\n            </div>\n        );\n    }\n}\n\nconst mapStateToProps = state => {\n    return {\n        users: state.users.users,\n        selectedUserId:state.users.selectedUserId,\n        loading: state.auth.loading,\n        error: state.auth.error,\n        token: state.auth.access_token,\n        isAuthenticated: state.auth.access_token !== null,\n        authRedirectPath: state.auth.authRedirectPath\n    }\n}\n\n\nconst mapDispatchToProps = dispatch => {\n    return {\n        login: (email, password) => dispatch(actions.login(email, password)),\n        setAuthRedirectPath: () => dispatch(actions.setAuthRedirectPath('/ ')),\n        initUsers: () => dispatch(actions.initUsers()),\n        setSelectedUserId: (selectedUserId) => dispatch(actions.setSelectedUserId(selectedUserId)),\n        unsetSelectedLoanId: () => dispatch(actions.unsetSelectedLoanId())\n    }\n}\nexport default connect(mapStateToProps, mapDispatchToProps)(UsersEditUser);\n"],"mappings":";;;;;;;;;;;;;;;;;;;;;;;;;;;;;;;;;;;;;;;;;MAMMA,aAAa,0BAAAC,UAAA;IAAAC,cAAA,CAAAF,aAAA,EAAAC,UAAA;IAAA,SAAAD,cAAA;MAAA,IAAAG,KAAA;MAAA,SAAAC,IAAA,GAAAC,SAAA,CAAAC,MAAA,EAAAC,IAAA,OAAAC,KAAA,CAAAJ,IAAA,GAAAK,IAAA,MAAAA,IAAA,GAAAL,IAAA,EAAAK,IAAA;QAAAF,IAAA,CAAAE,IAAA,IAAAJ,SAAA,CAAAI,IAAA;MAAA;MAAAN,KAAA,GAAAF,UAAA,CAAAS,IAAA,CAAAC,KAAA,CAAAV,UAAA,SAAAW,MAAA,CAAAL,IAAA;MAAAJ,KAAA,CACfU,KAAK,GAAG,CAAC,CAAC;MAAA,OAAAV,KAAA;IAAA;IAAA,IAAAW,MAAA,GAAAd,aAAA,CAAAe,SAAA;IAAAD,MAAA,CACVE,MAAM;MAAN,SAAAA,OAAA,EAAS;QACL,IAAIC,YAAY,GAAG,IAAI;QACvB,IAAI,CAAC,IAAI,CAACC,KAAK,CAACC,eAAe,EAAE;UAC7BF,YAAY,gBAAGG,KAAA,CAAAC,aAAA,CAACC,QAAQ;YAACC,EAAE,EAAC;UAAQ,EAAG;QAC3C;QAEA,oBACIH,KAAA,CAAAC,aAAA,cACKJ,YAAY,eACbG,KAAA,CAAAC,aAAA,CAACG,YAAY,OACZ,CAAC;MAEd;MAAA,OAAAR,MAAA;IAAA;IAAA,OAAAhB,aAAA;EAAA,EAdwByB,SAAS;EAiBrC,IAAMC,eAAe,GAAG,SAAAA,CAAAb,KAAK,EAAI;IAC7B,OAAO;MACHc,KAAK,EAAEd,KAAK,CAACc,KAAK,CAACA,KAAK;MACxBC,cAAc,EAACf,KAAK,CAACc,KAAK,CAACC,cAAc;MACzCC,OAAO,EAAEhB,KAAK,CAACiB,IAAI,CAACD,OAAO;MAC3BE,KAAK,EAAElB,KAAK,CAACiB,IAAI,CAACC,KAAK;MACvBC,KAAK,EAAEnB,KAAK,CAACiB,IAAI,CAACG,YAAY;MAC9Bd,eAAe,EAAEN,KAAK,CAACiB,IAAI,CAACG,YAAY,KAAK,IAAI;MACjDC,gBAAgB,EAAErB,KAAK,CAACiB,IAAI,CAACI;IACjC,CAAC;EACL,CAAC;EAGD,IAAMC,kBAAkB,GAAG,SAAAA,CAAAC,QAAQ,EAAI;IACnC,OAAO;MACHC,KAAK,EAAE,SAAAA,CAACC,KAAK,EAAEC,QAAQ;QAAA,OAAKH,QAAQ,CAACI,OAAO,CAACH,KAAK,CAACC,KAAK,EAAEC,QAAQ,CAAC,CAAC;MAAA;MACpEE,mBAAmB,EAAE,SAAAA,CAAA;QAAA,OAAML,QAAQ,CAACI,OAAO,CAACC,mBAAmB,CAAC,IAAI,CAAC,CAAC;MAAA;MACtEC,SAAS,EAAE,SAAAA,CAAA;QAAA,OAAMN,QAAQ,CAACI,OAAO,CAACE,SAAS,CAAC,CAAC,CAAC;MAAA;MAC9CC,iBAAiB,EAAG,SAAAA,CAAAf,cAAc;QAAA,OAAKQ,QAAQ,CAACI,OAAO,CAACG,iBAAiB,CAACf,cAAc,CAAC,CAAC;MAAA;MAC1FgB,mBAAmB,EAAE,SAAAA,CAAA;QAAA,OAAMR,QAAQ,CAACI,OAAO,CAACI,mBAAmB,CAAC,CAAC;MAAA;IACrE,CAAC;EACL,CAAC;wBACcC,OAAO,CAACnB,eAAe,EAAES,kBAAkB,CAAC,CAACnC,aAAa,C"},"sourceType":"module","externalDependencies":{},"hash":"b6773d62500582cc36fe737cf129be74e61714b2"}
