{"metadata":{},"options":{"assumptions":{},"compact":false,"sourceMaps":true,"ast":true,"babelrc":false,"configFile":false,"parserOpts":{"sourceType":"module","sourceFileName":"/home/ani/Mergerware_assignment/Mererware_meteor/Mergerware_loanify/imports/ui/components/Auth/RegisterForm/RegisterForm.js","plugins":["*","flow","jsx","asyncGenerators","bigInt","classPrivateMethods","classPrivateProperties","classProperties","doExpressions","dynamicImport","exportDefaultFrom","exportExtensions","exportNamespaceFrom","functionBind","functionSent","importMeta","nullishCoalescingOperator","numericSeparator","objectRestSpread","optionalCatchBinding","optionalChaining",["pipelineOperator",{"proposal":"minimal"}],"throwExpressions","classProperties","classPrivateProperties","jsx","nullishCoalescingOperator","nullishCoalescingOperator","optionalChaining","optionalChaining","optionalCatchBinding","optionalCatchBinding","classProperties","classPrivateProperties","classPrivateMethods","classProperties","classPrivateProperties","asyncGenerators","asyncGenerators","objectRestSpread","objectRestSpread","logicalAssignment"],"allowImportExportEverywhere":true,"allowReturnOutsideFunction":true,"allowUndeclaredExports":true,"strictMode":false},"caller":{"name":"meteor","arch":"web.browser"},"sourceFileName":"imports/ui/components/Auth/RegisterForm/RegisterForm.js","filename":"/home/ani/Mergerware_assignment/Mererware_meteor/Mergerware_loanify/imports/ui/components/Auth/RegisterForm/RegisterForm.js","inputSourceMap":{"version":3,"names":["React","Component","Form","Icon","Input","Button","Checkbox","Result","Typography","styles","actions","connect","Redirect","RegisterForm","handleSubmit","e","preventDefault","props","form","validateFields","err","values","console","log","register","name","email","password","c_password","render","authRedirect","isAuthenticated","getFieldDecorator","registerForm","register_message","login","rules","required","message","color","RegisterFormButton","errors","error","Object","keys","map","key","mapStateToProps","state","loading","auth","access_token","authRedirectPath","mapDispatchToProps","dispatch","setAuthRedirectPath","create"],"sources":["imports/ui/components/Auth/RegisterForm/RegisterForm.js"],"sourcesContent":["import React, { Component } from 'react';\nimport { Form, Icon, Input, Button, Checkbox, Result, Typography } from 'antd';\nimport styles from './RegisterForm.module.css';\nimport * as actions from '../../../store/actions/index';\nimport { connect } from 'react-redux';\nimport { Redirect } from 'react-router-dom';\n\nclass RegisterForm extends Component {\n    handleSubmit = e => {\n        e.preventDefault();\n        this.props.form.validateFields((err, values) => {\n            if (!err) {\n                console.log('Received values of form: ', values);\n                this.props.register(values.name, values.email, values.password, values.c_password)\n            }\n        });\n    };\n\n    render() {\n        let authRedirect = null;\n        if (!this.props.isAuthenticated) {\n            authRedirect = <Redirect to=\"/\" />\n        }\n        const { getFieldDecorator } = this.props.form;\n\n        let registerForm = null;\n\n        if (this.props.register_message) {\n            registerForm = (\n                <Result\n                    status=\"success\"\n                    title=\"Successfully Registered!\"\n                    subTitle={this.props.register_message}\n                    extra={[\n                        <Button type=\"primary\" key=\"loginButton\" onClick={this.props.login}>\n                            Go to Login\n                        </Button>,\n                    ]}\n                />\n            );\n        }\n        else {\n            registerForm = (\n                < Form onSubmit={this.handleSubmit} className=\"login-form\" >\n                    <Form.Item>\n                        {getFieldDecorator('name', {\n                            rules: [{ required: true, message: 'Please input your name!' }],\n                        })(\n                            <Input\n                                prefix={<Icon type=\"user\" style={{ color: 'rgba(0,0,0,.25)' }} />}\n                                placeholder=\"Name\"\n                                size=\"large\"\n                            />,\n                        )}\n                    </Form.Item>\n                    <Form.Item>\n                        {getFieldDecorator('email', {\n                            rules: [{ required: true, message: 'Please input your email!' }],\n                        })(\n                            <Input\n                                prefix={<Icon type=\"user\" style={{ color: 'rgba(0,0,0,.25)' }} />}\n                                type=\"email\"\n                                placeholder=\"Email\"\n                                size=\"large\"\n                            />,\n                        )}\n                    </Form.Item>\n                    <Form.Item>\n                        {getFieldDecorator('password', {\n                            rules: [{ required: true, message: 'Please input your Password!' }],\n                        })(\n                            <Input\n                                prefix={<Icon type=\"lock\" style={{ color: 'rgba(0,0,0,.25)' }} />}\n                                type=\"password\"\n                                placeholder=\"Password\"\n                                size=\"large\"\n                            />,\n                        )}\n                    </Form.Item>\n                    <Form.Item>\n                        {getFieldDecorator('c_password', {\n                            rules: [{ required: true, message: 'Retype your Password!' }],\n                        })(\n                            <Input\n                                prefix={<Icon type=\"lock\" style={{ color: 'rgba(0,0,0,.25)' }} />}\n                                type=\"password\"\n                                placeholder=\"Retype Password\"\n                                size=\"large\"\n                            />,\n                        )}\n                    </Form.Item>\n\n                    <Form.Item>\n                        <Button type=\"primary\"\n                            htmlType=\"submit\"\n                            className={styles.RegisterFormButton}\n                            size=\"large\"\n                        >\n                            Register\n                    </Button>\n                    </Form.Item>\n                </Form >\n            );\n        }\n\n        let errors = null;\n        if (this.props.error) {\n            errors = Object.keys(this.props.error).map(\n                (key) => <Typography.Text key={key} type=\"danger\">{this.props.error[key]}</Typography.Text>\n            );\n        }\n        return (\n            <div>\n                {errors}\n                {registerForm}\n            </div>\n        );\n    }\n}\n\nconst mapStateToProps = state => {\n    return {\n        loading: state.register.loading,\n        error: state.register.error,\n        register_message: state.register.register_message,\n        isAuthenticated: state.auth.access_token !== null,\n        authRedirectPath: state.auth.authRedirectPath\n    }\n}\nconst mapDispatchToProps = dispatch => {\n    return {\n        register: (name, email, password, c_password) => dispatch(actions.register(name, email, password, c_password)),\n        setAuthRedirectPath: () => dispatch(actions.setAuthRedirectPath('/ '))\n    }\n}\n//export default Form.create()(RegisterForm);\nexport default connect(mapStateToProps, mapDispatchToProps)(Form.create()(RegisterForm));\n"],"mappings":";AAAA,OAAOA,KAAK,IAAIC,SAAS,QAAQ,OAAO;AACxC,SAASC,IAAI,EAAEC,IAAI,EAAEC,KAAK,EAAEC,MAAM,EAAEC,QAAQ,EAAEC,MAAM,EAAEC,UAAU,QAAQ,MAAM;AAC9E,OAAOC,MAAM,MAAM,2BAA2B;AAC9C,OAAO,KAAKC,OAAO,MAAM,8BAA8B;AACvD,SAASC,OAAO,QAAQ,aAAa;AACrC,SAASC,QAAQ,QAAQ,kBAAkB;AAE3C,MAAMC,YAAY,SAASZ,SAAS,CAAC;EACjCa,YAAY,GAAGC,CAAC,IAAI;IAChBA,CAAC,CAACC,cAAc,CAAC,CAAC;IAClB,IAAI,CAACC,KAAK,CAACC,IAAI,CAACC,cAAc,CAAC,CAACC,GAAG,EAAEC,MAAM,KAAK;MAC5C,IAAI,CAACD,GAAG,EAAE;QACNE,OAAO,CAACC,GAAG,CAAC,2BAA2B,EAAEF,MAAM,CAAC;QAChD,IAAI,CAACJ,KAAK,CAACO,QAAQ,CAACH,MAAM,CAACI,IAAI,EAAEJ,MAAM,CAACK,KAAK,EAAEL,MAAM,CAACM,QAAQ,EAAEN,MAAM,CAACO,UAAU,CAAC;MACtF;IACJ,CAAC,CAAC;EACN,CAAC;EAEDC,MAAMA,CAAA,EAAG;IACL,IAAIC,YAAY,GAAG,IAAI;IACvB,IAAI,CAAC,IAAI,CAACb,KAAK,CAACc,eAAe,EAAE;MAC7BD,YAAY,GAAG,CAAC,QAAQ,CAAC,EAAE,CAAC,GAAG,GAAG;IACtC;IACA,MAAM;MAAEE;IAAkB,CAAC,GAAG,IAAI,CAACf,KAAK,CAACC,IAAI;IAE7C,IAAIe,YAAY,GAAG,IAAI;IAEvB,IAAI,IAAI,CAAChB,KAAK,CAACiB,gBAAgB,EAAE;MAC7BD,YAAY,GACR,CAAC,MAAM,CACH,MAAM,CAAC,SAAS,CAChB,KAAK,CAAC,0BAA0B,CAChC,QAAQ,CAAC,CAAC,IAAI,CAAChB,KAAK,CAACiB,gBAAgB,CAAC,CACtC,KAAK,CAAC,CAAC,CACH,CAAC,MAAM,CAAC,IAAI,CAAC,SAAS,CAAC,GAAG,CAAC,aAAa,CAAC,OAAO,CAAC,CAAC,IAAI,CAACjB,KAAK,CAACkB,KAAK,CAAC;AAC3F;AACA,wBAAwB,EAAE,MAAM,CAAC,CACZ,CAAC,GAET;IACL,CAAC,MACI;MACDF,YAAY,GACR,CAAE,IAAI,CAAC,QAAQ,CAAC,CAAC,IAAI,CAACnB,YAAY,CAAC,CAAC,SAAS,CAAC,YAAY;AAC1E,oBAAoB,CAAC,IAAI,CAAC,IAAI;AAC9B,wBAAwB,CAACkB,iBAAiB,CAAC,MAAM,EAAE;YACvBI,KAAK,EAAE,CAAC;cAAEC,QAAQ,EAAE,IAAI;cAAEC,OAAO,EAAE;YAA0B,CAAC;UAClE,CAAC,CAAC,CACE,CAAC,KAAK,CACF,MAAM,CAAC,CAAC,CAAC,IAAI,CAAC,IAAI,CAAC,MAAM,CAAC,KAAK,CAAC,CAAC;YAAEC,KAAK,EAAE;UAAkB,CAAC,CAAC,GAAG,CAAC,CAClE,WAAW,CAAC,MAAM,CAClB,IAAI,CAAC,OAAO,GAEpB,CAAC;AACzB,oBAAoB,EAAE,IAAI,CAAC,IAAI;AAC/B,oBAAoB,CAAC,IAAI,CAAC,IAAI;AAC9B,wBAAwB,CAACP,iBAAiB,CAAC,OAAO,EAAE;YACxBI,KAAK,EAAE,CAAC;cAAEC,QAAQ,EAAE,IAAI;cAAEC,OAAO,EAAE;YAA2B,CAAC;UACnE,CAAC,CAAC,CACE,CAAC,KAAK,CACF,MAAM,CAAC,CAAC,CAAC,IAAI,CAAC,IAAI,CAAC,MAAM,CAAC,KAAK,CAAC,CAAC;YAAEC,KAAK,EAAE;UAAkB,CAAC,CAAC,GAAG,CAAC,CAClE,IAAI,CAAC,OAAO,CACZ,WAAW,CAAC,OAAO,CACnB,IAAI,CAAC,OAAO,GAEpB,CAAC;AACzB,oBAAoB,EAAE,IAAI,CAAC,IAAI;AAC/B,oBAAoB,CAAC,IAAI,CAAC,IAAI;AAC9B,wBAAwB,CAACP,iBAAiB,CAAC,UAAU,EAAE;YAC3BI,KAAK,EAAE,CAAC;cAAEC,QAAQ,EAAE,IAAI;cAAEC,OAAO,EAAE;YAA8B,CAAC;UACtE,CAAC,CAAC,CACE,CAAC,KAAK,CACF,MAAM,CAAC,CAAC,CAAC,IAAI,CAAC,IAAI,CAAC,MAAM,CAAC,KAAK,CAAC,CAAC;YAAEC,KAAK,EAAE;UAAkB,CAAC,CAAC,GAAG,CAAC,CAClE,IAAI,CAAC,UAAU,CACf,WAAW,CAAC,UAAU,CACtB,IAAI,CAAC,OAAO,GAEpB,CAAC;AACzB,oBAAoB,EAAE,IAAI,CAAC,IAAI;AAC/B,oBAAoB,CAAC,IAAI,CAAC,IAAI;AAC9B,wBAAwB,CAACP,iBAAiB,CAAC,YAAY,EAAE;YAC7BI,KAAK,EAAE,CAAC;cAAEC,QAAQ,EAAE,IAAI;cAAEC,OAAO,EAAE;YAAwB,CAAC;UAChE,CAAC,CAAC,CACE,CAAC,KAAK,CACF,MAAM,CAAC,CAAC,CAAC,IAAI,CAAC,IAAI,CAAC,MAAM,CAAC,KAAK,CAAC,CAAC;YAAEC,KAAK,EAAE;UAAkB,CAAC,CAAC,GAAG,CAAC,CAClE,IAAI,CAAC,UAAU,CACf,WAAW,CAAC,iBAAiB,CAC7B,IAAI,CAAC,OAAO,GAEpB,CAAC;AACzB,oBAAoB,EAAE,IAAI,CAAC,IAAI;AAC/B;AACA,oBAAoB,CAAC,IAAI,CAAC,IAAI;AAC9B,wBAAwB,CAAC,MAAM,CAAC,IAAI,CAAC,SAAS,CAClB,QAAQ,CAAC,QAAQ,CACjB,SAAS,CAAC,CAAC9B,MAAM,CAAC+B,kBAAkB,CAAC,CACrC,IAAI,CAAC,OAAO;AAExC;AACA,oBAAoB,EAAE,MAAM;AAC5B,oBAAoB,EAAE,IAAI,CAAC,IAAI;AAC/B,gBAAgB,EAAE,IAAI,CACT;IACL;IAEA,IAAIC,MAAM,GAAG,IAAI;IACjB,IAAI,IAAI,CAACxB,KAAK,CAACyB,KAAK,EAAE;MAClBD,MAAM,GAAGE,MAAM,CAACC,IAAI,CAAC,IAAI,CAAC3B,KAAK,CAACyB,KAAK,CAAC,CAACG,GAAG,CACrCC,GAAG,IAAK,CAAC,UAAU,CAAC,IAAI,CAAC,GAAG,CAAC,CAACA,GAAG,CAAC,CAAC,IAAI,CAAC,QAAQ,CAAC,CAAC,IAAI,CAAC7B,KAAK,CAACyB,KAAK,CAACI,GAAG,CAAC,CAAC,EAAE,UAAU,CAAC,IAAI,CAC9F,CAAC;IACL;IACA,OACI,CAAC,GAAG;AAChB,gBAAgB,CAACL,MAAM;AACvB,gBAAgB,CAACR,YAAY;AAC7B,YAAY,EAAE,GAAG,CAAC;EAEd;AACJ;AAEA,MAAMc,eAAe,GAAGC,KAAK,IAAI;EAC7B,OAAO;IACHC,OAAO,EAAED,KAAK,CAACxB,QAAQ,CAACyB,OAAO;IAC/BP,KAAK,EAAEM,KAAK,CAACxB,QAAQ,CAACkB,KAAK;IAC3BR,gBAAgB,EAAEc,KAAK,CAACxB,QAAQ,CAACU,gBAAgB;IACjDH,eAAe,EAAEiB,KAAK,CAACE,IAAI,CAACC,YAAY,KAAK,IAAI;IACjDC,gBAAgB,EAAEJ,KAAK,CAACE,IAAI,CAACE;EACjC,CAAC;AACL,CAAC;AACD,MAAMC,kBAAkB,GAAGC,QAAQ,IAAI;EACnC,OAAO;IACH9B,QAAQ,EAAEA,CAACC,IAAI,EAAEC,KAAK,EAAEC,QAAQ,EAAEC,UAAU,KAAK0B,QAAQ,CAAC5C,OAAO,CAACc,QAAQ,CAACC,IAAI,EAAEC,KAAK,EAAEC,QAAQ,EAAEC,UAAU,CAAC,CAAC;IAC9G2B,mBAAmB,EAAEA,CAAA,KAAMD,QAAQ,CAAC5C,OAAO,CAAC6C,mBAAmB,CAAC,IAAI,CAAC;EACzE,CAAC;AACL,CAAC;AACD;AACA,eAAe5C,OAAO,CAACoC,eAAe,EAAEM,kBAAkB,CAAC,CAACnD,IAAI,CAACsD,MAAM,CAAC,CAAC,CAAC3C,YAAY,CAAC,CAAC"},"targets":{},"cloneInputAst":true,"browserslistConfigFile":false,"passPerPreset":false,"envName":"development","cwd":"/home/ani/Mergerware_assignment/Mererware_meteor/Mergerware_loanify","root":"/home/ani/Mergerware_assignment/Mererware_meteor/Mergerware_loanify","rootMode":"root","plugins":[{"key":"base$0","visitor":{"_exploded":true,"_verified":true},"options":{},"externalDependencies":[]},{"key":"base$0$0","visitor":{"Program":{"enter":[null],"exit":[null]},"_exploded":true,"_verified":true},"options":{"avoidModernSyntax":false,"enforceStrictMode":false,"dynamicImport":true,"generateLetDeclarations":true},"externalDependencies":[]},{"key":"transform-runtime","visitor":{"MemberExpression":{"enter":[null]},"ObjectPattern":{"enter":[null]},"BinaryExpression":{"enter":[null]},"Identifier":{"enter":[null]},"JSXIdentifier":{"enter":[null]},"_exploded":true,"_verified":true},"options":{"version":"7.17.2","helpers":true,"useESModules":false,"corejs":false},"externalDependencies":[]},{"key":"proposal-class-properties","visitor":{"ExportDefaultDeclaration":{"enter":[null]},"_exploded":true,"_verified":true,"ClassExpression":{"enter":[null]},"ClassDeclaration":{"enter":[null]}},"options":{"loose":true},"externalDependencies":[]},{"key":"transform-react-jsx","visitor":{"JSXNamespacedName":{"enter":[null]},"JSXSpreadChild":{"enter":[null]},"Program":{"enter":[null]},"JSXFragment":{"exit":[null]},"JSXElement":{"exit":[null]},"JSXAttribute":{"enter":[null]},"_exploded":true,"_verified":true},"options":{"pragma":"React.createElement","pragmaFrag":"React.Fragment","runtime":"classic","throwIfNamespace":true,"useBuiltIns":false},"externalDependencies":[]},{"key":"transform-react-display-name","visitor":{"ExportDefaultDeclaration":{"enter":[null]},"CallExpression":{"enter":[null]},"_exploded":true,"_verified":true},"options":{},"externalDependencies":[]},{"key":"transform-react-pure-annotations","visitor":{"CallExpression":{"enter":[null]},"_exploded":true,"_verified":true},"options":{},"externalDependencies":[]},{"key":"syntax-nullish-coalescing-operator","visitor":{"_exploded":true,"_verified":true},"options":{},"externalDependencies":[]},{"key":"proposal-nullish-coalescing-operator","visitor":{"LogicalExpression":{"enter":[null]},"_exploded":true,"_verified":true},"options":{},"externalDependencies":[]},{"key":"syntax-optional-chaining","visitor":{"_exploded":true,"_verified":true},"options":{},"externalDependencies":[]},{"key":"proposal-optional-chaining","visitor":{"OptionalCallExpression":{"enter":[null]},"OptionalMemberExpression":{"enter":[null]},"_exploded":true,"_verified":true},"options":{},"externalDependencies":[]},{"key":"syntax-optional-catch-binding","visitor":{"_exploded":true,"_verified":true},"options":{},"externalDependencies":[]},{"key":"proposal-optional-catch-binding","visitor":{"CatchClause":{"enter":[null]},"_exploded":true,"_verified":true},"options":{},"externalDependencies":[]},{"key":"syntax-class-properties","visitor":{"_exploded":true,"_verified":true},"options":{},"externalDependencies":[]},{"key":"proposal-class-properties","visitor":{"ExportDefaultDeclaration":{"enter":[null]},"_exploded":true,"_verified":true,"ClassExpression":{"enter":[null]},"ClassDeclaration":{"enter":[null]}},"options":{},"externalDependencies":[]},{"key":"syntax-async-generators","visitor":{"_exploded":true,"_verified":true},"options":{},"externalDependencies":[]},{"key":"proposal-async-generator-functions","visitor":{"Program":{"enter":[null]},"_exploded":true,"_verified":true},"options":{},"externalDependencies":[]},{"key":"syntax-object-rest-spread","visitor":{"_exploded":true,"_verified":true},"options":{},"externalDependencies":[]},{"key":"proposal-object-rest-spread","visitor":{"VariableDeclarator":{"enter":[null]},"ExportNamedDeclaration":{"enter":[null]},"CatchClause":{"enter":[null]},"AssignmentExpression":{"enter":[null]},"ArrayPattern":{"enter":[null]},"ObjectExpression":{"enter":[null]},"FunctionDeclaration":{"enter":[null]},"FunctionExpression":{"enter":[null]},"ObjectMethod":{"enter":[null]},"ArrowFunctionExpression":{"enter":[null]},"ClassMethod":{"enter":[null]},"ClassPrivateMethod":{"enter":[null]},"ForInStatement":{"enter":[null]},"ForOfStatement":{"enter":[null]},"_exploded":true,"_verified":true},"options":{},"externalDependencies":[]},{"key":"proposal-logical-assignment-operators","visitor":{"AssignmentExpression":{"enter":[null]},"_exploded":true,"_verified":true},"options":{},"externalDependencies":[]},{"key":"transform-literals","visitor":{"NumericLiteral":{"enter":[null]},"StringLiteral":{"enter":[null]},"_exploded":true,"_verified":true},"options":{},"externalDependencies":[]},{"key":"transform-template-literals","visitor":{"TaggedTemplateExpression":{"enter":[null]},"TemplateLiteral":{"enter":[null]},"_exploded":true,"_verified":true},"options":{},"externalDependencies":[]},{"key":"transform-parameters","visitor":{"_exploded":true,"_verified":true,"FunctionDeclaration":{"enter":[null]},"FunctionExpression":{"enter":[null]},"ObjectMethod":{"enter":[null]},"ArrowFunctionExpression":{"enter":[null]},"ClassMethod":{"enter":[null]},"ClassPrivateMethod":{"enter":[null]}},"options":{},"externalDependencies":[]},{"key":"transform-exponentiation-operator","visitor":{"AssignmentExpression":{"enter":[null]},"BinaryExpression":{"enter":[null]},"_exploded":true,"_verified":true},"options":{},"externalDependencies":[]}],"presets":[],"generatorOpts":{"filename":"/home/ani/Mergerware_assignment/Mererware_meteor/Mergerware_loanify/imports/ui/components/Auth/RegisterForm/RegisterForm.js","comments":true,"compact":false,"sourceMaps":true,"sourceFileName":"imports/ui/components/Auth/RegisterForm/RegisterForm.js","inputSourceMap":{"version":3,"names":["React","Component","Form","Icon","Input","Button","Checkbox","Result","Typography","styles","actions","connect","Redirect","RegisterForm","handleSubmit","e","preventDefault","props","form","validateFields","err","values","console","log","register","name","email","password","c_password","render","authRedirect","isAuthenticated","getFieldDecorator","registerForm","register_message","login","rules","required","message","color","RegisterFormButton","errors","error","Object","keys","map","key","mapStateToProps","state","loading","auth","access_token","authRedirectPath","mapDispatchToProps","dispatch","setAuthRedirectPath","create"],"sources":["imports/ui/components/Auth/RegisterForm/RegisterForm.js"],"sourcesContent":["import React, { Component } from 'react';\nimport { Form, Icon, Input, Button, Checkbox, Result, Typography } from 'antd';\nimport styles from './RegisterForm.module.css';\nimport * as actions from '../../../store/actions/index';\nimport { connect } from 'react-redux';\nimport { Redirect } from 'react-router-dom';\n\nclass RegisterForm extends Component {\n    handleSubmit = e => {\n        e.preventDefault();\n        this.props.form.validateFields((err, values) => {\n            if (!err) {\n                console.log('Received values of form: ', values);\n                this.props.register(values.name, values.email, values.password, values.c_password)\n            }\n        });\n    };\n\n    render() {\n        let authRedirect = null;\n        if (!this.props.isAuthenticated) {\n            authRedirect = <Redirect to=\"/\" />\n        }\n        const { getFieldDecorator } = this.props.form;\n\n        let registerForm = null;\n\n        if (this.props.register_message) {\n            registerForm = (\n                <Result\n                    status=\"success\"\n                    title=\"Successfully Registered!\"\n                    subTitle={this.props.register_message}\n                    extra={[\n                        <Button type=\"primary\" key=\"loginButton\" onClick={this.props.login}>\n                            Go to Login\n                        </Button>,\n                    ]}\n                />\n            );\n        }\n        else {\n            registerForm = (\n                < Form onSubmit={this.handleSubmit} className=\"login-form\" >\n                    <Form.Item>\n                        {getFieldDecorator('name', {\n                            rules: [{ required: true, message: 'Please input your name!' }],\n                        })(\n                            <Input\n                                prefix={<Icon type=\"user\" style={{ color: 'rgba(0,0,0,.25)' }} />}\n                                placeholder=\"Name\"\n                                size=\"large\"\n                            />,\n                        )}\n                    </Form.Item>\n                    <Form.Item>\n                        {getFieldDecorator('email', {\n                            rules: [{ required: true, message: 'Please input your email!' }],\n                        })(\n                            <Input\n                                prefix={<Icon type=\"user\" style={{ color: 'rgba(0,0,0,.25)' }} />}\n                                type=\"email\"\n                                placeholder=\"Email\"\n                                size=\"large\"\n                            />,\n                        )}\n                    </Form.Item>\n                    <Form.Item>\n                        {getFieldDecorator('password', {\n                            rules: [{ required: true, message: 'Please input your Password!' }],\n                        })(\n                            <Input\n                                prefix={<Icon type=\"lock\" style={{ color: 'rgba(0,0,0,.25)' }} />}\n                                type=\"password\"\n                                placeholder=\"Password\"\n                                size=\"large\"\n                            />,\n                        )}\n                    </Form.Item>\n                    <Form.Item>\n                        {getFieldDecorator('c_password', {\n                            rules: [{ required: true, message: 'Retype your Password!' }],\n                        })(\n                            <Input\n                                prefix={<Icon type=\"lock\" style={{ color: 'rgba(0,0,0,.25)' }} />}\n                                type=\"password\"\n                                placeholder=\"Retype Password\"\n                                size=\"large\"\n                            />,\n                        )}\n                    </Form.Item>\n\n                    <Form.Item>\n                        <Button type=\"primary\"\n                            htmlType=\"submit\"\n                            className={styles.RegisterFormButton}\n                            size=\"large\"\n                        >\n                            Register\n                    </Button>\n                    </Form.Item>\n                </Form >\n            );\n        }\n\n        let errors = null;\n        if (this.props.error) {\n            errors = Object.keys(this.props.error).map(\n                (key) => <Typography.Text key={key} type=\"danger\">{this.props.error[key]}</Typography.Text>\n            );\n        }\n        return (\n            <div>\n                {errors}\n                {registerForm}\n            </div>\n        );\n    }\n}\n\nconst mapStateToProps = state => {\n    return {\n        loading: state.register.loading,\n        error: state.register.error,\n        register_message: state.register.register_message,\n        isAuthenticated: state.auth.access_token !== null,\n        authRedirectPath: state.auth.authRedirectPath\n    }\n}\nconst mapDispatchToProps = dispatch => {\n    return {\n        register: (name, email, password, c_password) => dispatch(actions.register(name, email, password, c_password)),\n        setAuthRedirectPath: () => dispatch(actions.setAuthRedirectPath('/ '))\n    }\n}\n//export default Form.create()(RegisterForm);\nexport default connect(mapStateToProps, mapDispatchToProps)(Form.create()(RegisterForm));\n"],"mappings":";AAAA,OAAOA,KAAK,IAAIC,SAAS,QAAQ,OAAO;AACxC,SAASC,IAAI,EAAEC,IAAI,EAAEC,KAAK,EAAEC,MAAM,EAAEC,QAAQ,EAAEC,MAAM,EAAEC,UAAU,QAAQ,MAAM;AAC9E,OAAOC,MAAM,MAAM,2BAA2B;AAC9C,OAAO,KAAKC,OAAO,MAAM,8BAA8B;AACvD,SAASC,OAAO,QAAQ,aAAa;AACrC,SAASC,QAAQ,QAAQ,kBAAkB;AAE3C,MAAMC,YAAY,SAASZ,SAAS,CAAC;EACjCa,YAAY,GAAGC,CAAC,IAAI;IAChBA,CAAC,CAACC,cAAc,CAAC,CAAC;IAClB,IAAI,CAACC,KAAK,CAACC,IAAI,CAACC,cAAc,CAAC,CAACC,GAAG,EAAEC,MAAM,KAAK;MAC5C,IAAI,CAACD,GAAG,EAAE;QACNE,OAAO,CAACC,GAAG,CAAC,2BAA2B,EAAEF,MAAM,CAAC;QAChD,IAAI,CAACJ,KAAK,CAACO,QAAQ,CAACH,MAAM,CAACI,IAAI,EAAEJ,MAAM,CAACK,KAAK,EAAEL,MAAM,CAACM,QAAQ,EAAEN,MAAM,CAACO,UAAU,CAAC;MACtF;IACJ,CAAC,CAAC;EACN,CAAC;EAEDC,MAAMA,CAAA,EAAG;IACL,IAAIC,YAAY,GAAG,IAAI;IACvB,IAAI,CAAC,IAAI,CAACb,KAAK,CAACc,eAAe,EAAE;MAC7BD,YAAY,GAAG,CAAC,QAAQ,CAAC,EAAE,CAAC,GAAG,GAAG;IACtC;IACA,MAAM;MAAEE;IAAkB,CAAC,GAAG,IAAI,CAACf,KAAK,CAACC,IAAI;IAE7C,IAAIe,YAAY,GAAG,IAAI;IAEvB,IAAI,IAAI,CAAChB,KAAK,CAACiB,gBAAgB,EAAE;MAC7BD,YAAY,GACR,CAAC,MAAM,CACH,MAAM,CAAC,SAAS,CAChB,KAAK,CAAC,0BAA0B,CAChC,QAAQ,CAAC,CAAC,IAAI,CAAChB,KAAK,CAACiB,gBAAgB,CAAC,CACtC,KAAK,CAAC,CAAC,CACH,CAAC,MAAM,CAAC,IAAI,CAAC,SAAS,CAAC,GAAG,CAAC,aAAa,CAAC,OAAO,CAAC,CAAC,IAAI,CAACjB,KAAK,CAACkB,KAAK,CAAC;AAC3F;AACA,wBAAwB,EAAE,MAAM,CAAC,CACZ,CAAC,GAET;IACL,CAAC,MACI;MACDF,YAAY,GACR,CAAE,IAAI,CAAC,QAAQ,CAAC,CAAC,IAAI,CAACnB,YAAY,CAAC,CAAC,SAAS,CAAC,YAAY;AAC1E,oBAAoB,CAAC,IAAI,CAAC,IAAI;AAC9B,wBAAwB,CAACkB,iBAAiB,CAAC,MAAM,EAAE;YACvBI,KAAK,EAAE,CAAC;cAAEC,QAAQ,EAAE,IAAI;cAAEC,OAAO,EAAE;YAA0B,CAAC;UAClE,CAAC,CAAC,CACE,CAAC,KAAK,CACF,MAAM,CAAC,CAAC,CAAC,IAAI,CAAC,IAAI,CAAC,MAAM,CAAC,KAAK,CAAC,CAAC;YAAEC,KAAK,EAAE;UAAkB,CAAC,CAAC,GAAG,CAAC,CAClE,WAAW,CAAC,MAAM,CAClB,IAAI,CAAC,OAAO,GAEpB,CAAC;AACzB,oBAAoB,EAAE,IAAI,CAAC,IAAI;AAC/B,oBAAoB,CAAC,IAAI,CAAC,IAAI;AAC9B,wBAAwB,CAACP,iBAAiB,CAAC,OAAO,EAAE;YACxBI,KAAK,EAAE,CAAC;cAAEC,QAAQ,EAAE,IAAI;cAAEC,OAAO,EAAE;YAA2B,CAAC;UACnE,CAAC,CAAC,CACE,CAAC,KAAK,CACF,MAAM,CAAC,CAAC,CAAC,IAAI,CAAC,IAAI,CAAC,MAAM,CAAC,KAAK,CAAC,CAAC;YAAEC,KAAK,EAAE;UAAkB,CAAC,CAAC,GAAG,CAAC,CAClE,IAAI,CAAC,OAAO,CACZ,WAAW,CAAC,OAAO,CACnB,IAAI,CAAC,OAAO,GAEpB,CAAC;AACzB,oBAAoB,EAAE,IAAI,CAAC,IAAI;AAC/B,oBAAoB,CAAC,IAAI,CAAC,IAAI;AAC9B,wBAAwB,CAACP,iBAAiB,CAAC,UAAU,EAAE;YAC3BI,KAAK,EAAE,CAAC;cAAEC,QAAQ,EAAE,IAAI;cAAEC,OAAO,EAAE;YAA8B,CAAC;UACtE,CAAC,CAAC,CACE,CAAC,KAAK,CACF,MAAM,CAAC,CAAC,CAAC,IAAI,CAAC,IAAI,CAAC,MAAM,CAAC,KAAK,CAAC,CAAC;YAAEC,KAAK,EAAE;UAAkB,CAAC,CAAC,GAAG,CAAC,CAClE,IAAI,CAAC,UAAU,CACf,WAAW,CAAC,UAAU,CACtB,IAAI,CAAC,OAAO,GAEpB,CAAC;AACzB,oBAAoB,EAAE,IAAI,CAAC,IAAI;AAC/B,oBAAoB,CAAC,IAAI,CAAC,IAAI;AAC9B,wBAAwB,CAACP,iBAAiB,CAAC,YAAY,EAAE;YAC7BI,KAAK,EAAE,CAAC;cAAEC,QAAQ,EAAE,IAAI;cAAEC,OAAO,EAAE;YAAwB,CAAC;UAChE,CAAC,CAAC,CACE,CAAC,KAAK,CACF,MAAM,CAAC,CAAC,CAAC,IAAI,CAAC,IAAI,CAAC,MAAM,CAAC,KAAK,CAAC,CAAC;YAAEC,KAAK,EAAE;UAAkB,CAAC,CAAC,GAAG,CAAC,CAClE,IAAI,CAAC,UAAU,CACf,WAAW,CAAC,iBAAiB,CAC7B,IAAI,CAAC,OAAO,GAEpB,CAAC;AACzB,oBAAoB,EAAE,IAAI,CAAC,IAAI;AAC/B;AACA,oBAAoB,CAAC,IAAI,CAAC,IAAI;AAC9B,wBAAwB,CAAC,MAAM,CAAC,IAAI,CAAC,SAAS,CAClB,QAAQ,CAAC,QAAQ,CACjB,SAAS,CAAC,CAAC9B,MAAM,CAAC+B,kBAAkB,CAAC,CACrC,IAAI,CAAC,OAAO;AAExC;AACA,oBAAoB,EAAE,MAAM;AAC5B,oBAAoB,EAAE,IAAI,CAAC,IAAI;AAC/B,gBAAgB,EAAE,IAAI,CACT;IACL;IAEA,IAAIC,MAAM,GAAG,IAAI;IACjB,IAAI,IAAI,CAACxB,KAAK,CAACyB,KAAK,EAAE;MAClBD,MAAM,GAAGE,MAAM,CAACC,IAAI,CAAC,IAAI,CAAC3B,KAAK,CAACyB,KAAK,CAAC,CAACG,GAAG,CACrCC,GAAG,IAAK,CAAC,UAAU,CAAC,IAAI,CAAC,GAAG,CAAC,CAACA,GAAG,CAAC,CAAC,IAAI,CAAC,QAAQ,CAAC,CAAC,IAAI,CAAC7B,KAAK,CAACyB,KAAK,CAACI,GAAG,CAAC,CAAC,EAAE,UAAU,CAAC,IAAI,CAC9F,CAAC;IACL;IACA,OACI,CAAC,GAAG;AAChB,gBAAgB,CAACL,MAAM;AACvB,gBAAgB,CAACR,YAAY;AAC7B,YAAY,EAAE,GAAG,CAAC;EAEd;AACJ;AAEA,MAAMc,eAAe,GAAGC,KAAK,IAAI;EAC7B,OAAO;IACHC,OAAO,EAAED,KAAK,CAACxB,QAAQ,CAACyB,OAAO;IAC/BP,KAAK,EAAEM,KAAK,CAACxB,QAAQ,CAACkB,KAAK;IAC3BR,gBAAgB,EAAEc,KAAK,CAACxB,QAAQ,CAACU,gBAAgB;IACjDH,eAAe,EAAEiB,KAAK,CAACE,IAAI,CAACC,YAAY,KAAK,IAAI;IACjDC,gBAAgB,EAAEJ,KAAK,CAACE,IAAI,CAACE;EACjC,CAAC;AACL,CAAC;AACD,MAAMC,kBAAkB,GAAGC,QAAQ,IAAI;EACnC,OAAO;IACH9B,QAAQ,EAAEA,CAACC,IAAI,EAAEC,KAAK,EAAEC,QAAQ,EAAEC,UAAU,KAAK0B,QAAQ,CAAC5C,OAAO,CAACc,QAAQ,CAACC,IAAI,EAAEC,KAAK,EAAEC,QAAQ,EAAEC,UAAU,CAAC,CAAC;IAC9G2B,mBAAmB,EAAEA,CAAA,KAAMD,QAAQ,CAAC5C,OAAO,CAAC6C,mBAAmB,CAAC,IAAI,CAAC;EACzE,CAAC;AACL,CAAC;AACD;AACA,eAAe5C,OAAO,CAACoC,eAAe,EAAEM,kBAAkB,CAAC,CAACnD,IAAI,CAACsD,MAAM,CAAC,CAAC,CAAC3C,YAAY,CAAC,CAAC"}}},"code":"!function (module1) {\n  let React, Component;\n  module1.link(\"react\", {\n    default(v) {\n      React = v;\n    },\n    Component(v) {\n      Component = v;\n    }\n  }, 0);\n  let Form, Icon, Input, Button, Checkbox, Result, Typography;\n  module1.link(\"antd\", {\n    Form(v) {\n      Form = v;\n    },\n    Icon(v) {\n      Icon = v;\n    },\n    Input(v) {\n      Input = v;\n    },\n    Button(v) {\n      Button = v;\n    },\n    Checkbox(v) {\n      Checkbox = v;\n    },\n    Result(v) {\n      Result = v;\n    },\n    Typography(v) {\n      Typography = v;\n    }\n  }, 1);\n  let styles;\n  module1.link(\"./RegisterForm.module.css\", {\n    default(v) {\n      styles = v;\n    }\n  }, 2);\n  let actions;\n  module1.link(\"../../../store/actions/index\", {\n    \"*\"(v) {\n      actions = v;\n    }\n  }, 3);\n  let connect;\n  module1.link(\"react-redux\", {\n    connect(v) {\n      connect = v;\n    }\n  }, 4);\n  let Redirect;\n  module1.link(\"react-router-dom\", {\n    Redirect(v) {\n      Redirect = v;\n    }\n  }, 5);\n  ___INIT_METEOR_FAST_REFRESH(module);\n  class RegisterForm extends Component {\n    constructor() {\n      super(...arguments);\n      this.handleSubmit = e => {\n        e.preventDefault();\n        this.props.form.validateFields((err, values) => {\n          if (!err) {\n            console.log('Received values of form: ', values);\n            this.props.register(values.name, values.email, values.password, values.c_password);\n          }\n        });\n      };\n    }\n    render() {\n      let authRedirect = null;\n      if (!this.props.isAuthenticated) {\n        authRedirect = /*#__PURE__*/React.createElement(Redirect, {\n          to: \"/\"\n        });\n      }\n      const {\n        getFieldDecorator\n      } = this.props.form;\n      let registerForm = null;\n      if (this.props.register_message) {\n        registerForm = /*#__PURE__*/React.createElement(Result, {\n          status: \"success\",\n          title: \"Successfully Registered!\",\n          subTitle: this.props.register_message,\n          extra: [/*#__PURE__*/React.createElement(Button, {\n            type: \"primary\",\n            key: \"loginButton\",\n            onClick: this.props.login\n          }, \"Go to Login\")]\n        });\n      } else {\n        registerForm = /*#__PURE__*/React.createElement(Form, {\n          onSubmit: this.handleSubmit,\n          className: \"login-form\"\n        }, /*#__PURE__*/React.createElement(Form.Item, null, getFieldDecorator('name', {\n          rules: [{\n            required: true,\n            message: 'Please input your name!'\n          }]\n        })( /*#__PURE__*/React.createElement(Input, {\n          prefix: /*#__PURE__*/React.createElement(Icon, {\n            type: \"user\",\n            style: {\n              color: 'rgba(0,0,0,.25)'\n            }\n          }),\n          placeholder: \"Name\",\n          size: \"large\"\n        }))), /*#__PURE__*/React.createElement(Form.Item, null, getFieldDecorator('email', {\n          rules: [{\n            required: true,\n            message: 'Please input your email!'\n          }]\n        })( /*#__PURE__*/React.createElement(Input, {\n          prefix: /*#__PURE__*/React.createElement(Icon, {\n            type: \"user\",\n            style: {\n              color: 'rgba(0,0,0,.25)'\n            }\n          }),\n          type: \"email\",\n          placeholder: \"Email\",\n          size: \"large\"\n        }))), /*#__PURE__*/React.createElement(Form.Item, null, getFieldDecorator('password', {\n          rules: [{\n            required: true,\n            message: 'Please input your Password!'\n          }]\n        })( /*#__PURE__*/React.createElement(Input, {\n          prefix: /*#__PURE__*/React.createElement(Icon, {\n            type: \"lock\",\n            style: {\n              color: 'rgba(0,0,0,.25)'\n            }\n          }),\n          type: \"password\",\n          placeholder: \"Password\",\n          size: \"large\"\n        }))), /*#__PURE__*/React.createElement(Form.Item, null, getFieldDecorator('c_password', {\n          rules: [{\n            required: true,\n            message: 'Retype your Password!'\n          }]\n        })( /*#__PURE__*/React.createElement(Input, {\n          prefix: /*#__PURE__*/React.createElement(Icon, {\n            type: \"lock\",\n            style: {\n              color: 'rgba(0,0,0,.25)'\n            }\n          }),\n          type: \"password\",\n          placeholder: \"Retype Password\",\n          size: \"large\"\n        }))), /*#__PURE__*/React.createElement(Form.Item, null, /*#__PURE__*/React.createElement(Button, {\n          type: \"primary\",\n          htmlType: \"submit\",\n          className: styles.RegisterFormButton,\n          size: \"large\"\n        }, \"Register\")));\n      }\n      let errors = null;\n      if (this.props.error) {\n        errors = Object.keys(this.props.error).map(key => /*#__PURE__*/React.createElement(Typography.Text, {\n          key: key,\n          type: \"danger\"\n        }, this.props.error[key]));\n      }\n      return /*#__PURE__*/React.createElement(\"div\", null, errors, registerForm);\n    }\n  }\n  const mapStateToProps = state => {\n    return {\n      loading: state.register.loading,\n      error: state.register.error,\n      register_message: state.register.register_message,\n      isAuthenticated: state.auth.access_token !== null,\n      authRedirectPath: state.auth.authRedirectPath\n    };\n  };\n  const mapDispatchToProps = dispatch => {\n    return {\n      register: (name, email, password, c_password) => dispatch(actions.register(name, email, password, c_password)),\n      setAuthRedirectPath: () => dispatch(actions.setAuthRedirectPath('/ '))\n    };\n  };\n  //export default Form.create()(RegisterForm);\n  module1.exportDefault(connect(mapStateToProps, mapDispatchToProps)(Form.create()(RegisterForm)));\n}.call(this, module);","map":{"version":3,"names":["RegisterForm","Component","constructor","arguments","handleSubmit","e","preventDefault","props","form","validateFields","err","values","console","log","register","name","email","password","c_password","render","authRedirect","isAuthenticated","React","createElement","Redirect","to","getFieldDecorator","registerForm","register_message","Result","status","title","subTitle","extra","Button","type","key","onClick","login","Form","onSubmit","className","Item","rules","required","message","Input","prefix","Icon","style","color","placeholder","size","htmlType","styles","RegisterFormButton","errors","error","Object","keys","map","Typography","Text","mapStateToProps","state","loading","auth","access_token","authRedirectPath","mapDispatchToProps","dispatch","actions","setAuthRedirectPath","connect","create"],"sources":["imports/ui/components/Auth/RegisterForm/RegisterForm.js"],"sourcesContent":["import React, { Component } from 'react';\nimport { Form, Icon, Input, Button, Checkbox, Result, Typography } from 'antd';\nimport styles from './RegisterForm.module.css';\nimport * as actions from '../../../store/actions/index';\nimport { connect } from 'react-redux';\nimport { Redirect } from 'react-router-dom';\n\nclass RegisterForm extends Component {\n    handleSubmit = e => {\n        e.preventDefault();\n        this.props.form.validateFields((err, values) => {\n            if (!err) {\n                console.log('Received values of form: ', values);\n                this.props.register(values.name, values.email, values.password, values.c_password)\n            }\n        });\n    };\n\n    render() {\n        let authRedirect = null;\n        if (!this.props.isAuthenticated) {\n            authRedirect = <Redirect to=\"/\" />\n        }\n        const { getFieldDecorator } = this.props.form;\n\n        let registerForm = null;\n\n        if (this.props.register_message) {\n            registerForm = (\n                <Result\n                    status=\"success\"\n                    title=\"Successfully Registered!\"\n                    subTitle={this.props.register_message}\n                    extra={[\n                        <Button type=\"primary\" key=\"loginButton\" onClick={this.props.login}>\n                            Go to Login\n                        </Button>,\n                    ]}\n                />\n            );\n        }\n        else {\n            registerForm = (\n                < Form onSubmit={this.handleSubmit} className=\"login-form\" >\n                    <Form.Item>\n                        {getFieldDecorator('name', {\n                            rules: [{ required: true, message: 'Please input your name!' }],\n                        })(\n                            <Input\n                                prefix={<Icon type=\"user\" style={{ color: 'rgba(0,0,0,.25)' }} />}\n                                placeholder=\"Name\"\n                                size=\"large\"\n                            />,\n                        )}\n                    </Form.Item>\n                    <Form.Item>\n                        {getFieldDecorator('email', {\n                            rules: [{ required: true, message: 'Please input your email!' }],\n                        })(\n                            <Input\n                                prefix={<Icon type=\"user\" style={{ color: 'rgba(0,0,0,.25)' }} />}\n                                type=\"email\"\n                                placeholder=\"Email\"\n                                size=\"large\"\n                            />,\n                        )}\n                    </Form.Item>\n                    <Form.Item>\n                        {getFieldDecorator('password', {\n                            rules: [{ required: true, message: 'Please input your Password!' }],\n                        })(\n                            <Input\n                                prefix={<Icon type=\"lock\" style={{ color: 'rgba(0,0,0,.25)' }} />}\n                                type=\"password\"\n                                placeholder=\"Password\"\n                                size=\"large\"\n                            />,\n                        )}\n                    </Form.Item>\n                    <Form.Item>\n                        {getFieldDecorator('c_password', {\n                            rules: [{ required: true, message: 'Retype your Password!' }],\n                        })(\n                            <Input\n                                prefix={<Icon type=\"lock\" style={{ color: 'rgba(0,0,0,.25)' }} />}\n                                type=\"password\"\n                                placeholder=\"Retype Password\"\n                                size=\"large\"\n                            />,\n                        )}\n                    </Form.Item>\n\n                    <Form.Item>\n                        <Button type=\"primary\"\n                            htmlType=\"submit\"\n                            className={styles.RegisterFormButton}\n                            size=\"large\"\n                        >\n                            Register\n                    </Button>\n                    </Form.Item>\n                </Form >\n            );\n        }\n\n        let errors = null;\n        if (this.props.error) {\n            errors = Object.keys(this.props.error).map(\n                (key) => <Typography.Text key={key} type=\"danger\">{this.props.error[key]}</Typography.Text>\n            );\n        }\n        return (\n            <div>\n                {errors}\n                {registerForm}\n            </div>\n        );\n    }\n}\n\nconst mapStateToProps = state => {\n    return {\n        loading: state.register.loading,\n        error: state.register.error,\n        register_message: state.register.register_message,\n        isAuthenticated: state.auth.access_token !== null,\n        authRedirectPath: state.auth.authRedirectPath\n    }\n}\nconst mapDispatchToProps = dispatch => {\n    return {\n        register: (name, email, password, c_password) => dispatch(actions.register(name, email, password, c_password)),\n        setAuthRedirectPath: () => dispatch(actions.setAuthRedirectPath('/ '))\n    }\n}\n//export default Form.create()(RegisterForm);\nexport default connect(mapStateToProps, mapDispatchToProps)(Form.create()(RegisterForm));\n"],"mappings":";;;;;;;;;;;;;;;;;;;;;;;;;;;;;;;;;;;;;;;;;;;;;;;;;;;;;;;;;;;EAOA,MAAMA,YAAY,SAASC,SAAS,CAAC;IAAAC,YAAA;MAAA,SAAAC,SAAA;MAAA,KACjCC,YAAY,GAAGC,CAAC,IAAI;QAChBA,CAAC,CAACC,cAAc,CAAC,CAAC;QAClB,IAAI,CAACC,KAAK,CAACC,IAAI,CAACC,cAAc,CAAC,CAACC,GAAG,EAAEC,MAAM,KAAK;UAC5C,IAAI,CAACD,GAAG,EAAE;YACNE,OAAO,CAACC,GAAG,CAAC,2BAA2B,EAAEF,MAAM,CAAC;YAChD,IAAI,CAACJ,KAAK,CAACO,QAAQ,CAACH,MAAM,CAACI,IAAI,EAAEJ,MAAM,CAACK,KAAK,EAAEL,MAAM,CAACM,QAAQ,EAAEN,MAAM,CAACO,UAAU,CAAC;UACtF;QACJ,CAAC,CAAC;MACN,CAAC;IAAA;IAEDC,MAAMA,CAAA,EAAG;MACL,IAAIC,YAAY,GAAG,IAAI;MACvB,IAAI,CAAC,IAAI,CAACb,KAAK,CAACc,eAAe,EAAE;QAC7BD,YAAY,gBAAGE,KAAA,CAAAC,aAAA,CAACC,QAAQ;UAACC,EAAE,EAAC;QAAG,EAAG;MACtC;MACA,MAAM;QAAEC;MAAkB,CAAC,GAAG,IAAI,CAACnB,KAAK,CAACC,IAAI;MAE7C,IAAImB,YAAY,GAAG,IAAI;MAEvB,IAAI,IAAI,CAACpB,KAAK,CAACqB,gBAAgB,EAAE;QAC7BD,YAAY,gBACRL,KAAA,CAAAC,aAAA,CAACM,MAAM;UACHC,MAAM,EAAC,SAAS;UAChBC,KAAK,EAAC,0BAA0B;UAChCC,QAAQ,EAAE,IAAI,CAACzB,KAAK,CAACqB,gBAAiB;UACtCK,KAAK,EAAE,cACHX,KAAA,CAAAC,aAAA,CAACW,MAAM;YAACC,IAAI,EAAC,SAAS;YAACC,GAAG,EAAC,aAAa;YAACC,OAAO,EAAE,IAAI,CAAC9B,KAAK,CAAC+B;UAAM,gBAE3D,CAAC;QACX,EAET;MACL,CAAC,MACI;QACDX,YAAY,gBACRL,KAAA,CAAAC,aAAA,CAAEgB,IAAI;UAACC,QAAQ,EAAE,IAAI,CAACpC,YAAa;UAACqC,SAAS,EAAC;QAAY,gBACtDnB,KAAA,CAAAC,aAAA,CAACgB,IAAI,CAACG,IAAI,QACLhB,iBAAiB,CAAC,MAAM,EAAE;UACvBiB,KAAK,EAAE,CAAC;YAAEC,QAAQ,EAAE,IAAI;YAAEC,OAAO,EAAE;UAA0B,CAAC;QAClE,CAAC,CAAC,eACEvB,KAAA,CAAAC,aAAA,CAACuB,KAAK;UACFC,MAAM,eAAEzB,KAAA,CAAAC,aAAA,CAACyB,IAAI;YAACb,IAAI,EAAC,MAAM;YAACc,KAAK,EAAE;cAAEC,KAAK,EAAE;YAAkB;UAAE,EAAI;UAClEC,WAAW,EAAC,MAAM;UAClBC,IAAI,EAAC;QAAO,EAEpB,CACO,gBACX9B,KAAA,CAAAC,aAAA,CAACgB,IAAI,CAACG,IAAI,QACLhB,iBAAiB,CAAC,OAAO,EAAE;UACxBiB,KAAK,EAAE,CAAC;YAAEC,QAAQ,EAAE,IAAI;YAAEC,OAAO,EAAE;UAA2B,CAAC;QACnE,CAAC,CAAC,eACEvB,KAAA,CAAAC,aAAA,CAACuB,KAAK;UACFC,MAAM,eAAEzB,KAAA,CAAAC,aAAA,CAACyB,IAAI;YAACb,IAAI,EAAC,MAAM;YAACc,KAAK,EAAE;cAAEC,KAAK,EAAE;YAAkB;UAAE,EAAI;UAClEf,IAAI,EAAC,OAAO;UACZgB,WAAW,EAAC,OAAO;UACnBC,IAAI,EAAC;QAAO,EAEpB,CACO,gBACX9B,KAAA,CAAAC,aAAA,CAACgB,IAAI,CAACG,IAAI,QACLhB,iBAAiB,CAAC,UAAU,EAAE;UAC3BiB,KAAK,EAAE,CAAC;YAAEC,QAAQ,EAAE,IAAI;YAAEC,OAAO,EAAE;UAA8B,CAAC;QACtE,CAAC,CAAC,eACEvB,KAAA,CAAAC,aAAA,CAACuB,KAAK;UACFC,MAAM,eAAEzB,KAAA,CAAAC,aAAA,CAACyB,IAAI;YAACb,IAAI,EAAC,MAAM;YAACc,KAAK,EAAE;cAAEC,KAAK,EAAE;YAAkB;UAAE,EAAI;UAClEf,IAAI,EAAC,UAAU;UACfgB,WAAW,EAAC,UAAU;UACtBC,IAAI,EAAC;QAAO,EAEpB,CACO,gBACX9B,KAAA,CAAAC,aAAA,CAACgB,IAAI,CAACG,IAAI,QACLhB,iBAAiB,CAAC,YAAY,EAAE;UAC7BiB,KAAK,EAAE,CAAC;YAAEC,QAAQ,EAAE,IAAI;YAAEC,OAAO,EAAE;UAAwB,CAAC;QAChE,CAAC,CAAC,eACEvB,KAAA,CAAAC,aAAA,CAACuB,KAAK;UACFC,MAAM,eAAEzB,KAAA,CAAAC,aAAA,CAACyB,IAAI;YAACb,IAAI,EAAC,MAAM;YAACc,KAAK,EAAE;cAAEC,KAAK,EAAE;YAAkB;UAAE,EAAI;UAClEf,IAAI,EAAC,UAAU;UACfgB,WAAW,EAAC,iBAAiB;UAC7BC,IAAI,EAAC;QAAO,EAEpB,CACO,gBAEX9B,KAAA,CAAAC,aAAA,CAACgB,IAAI,CAACG,IAAI,qBACNpB,KAAA,CAAAC,aAAA,CAACW,MAAM;UAACC,IAAI,EAAC,SAAS;UAClBkB,QAAQ,EAAC,QAAQ;UACjBZ,SAAS,EAAEa,MAAM,CAACC,kBAAmB;UACrCH,IAAI,EAAC;QAAO,aAGZ,CACG,CACT,CACT;MACL;MAEA,IAAII,MAAM,GAAG,IAAI;MACjB,IAAI,IAAI,CAACjD,KAAK,CAACkD,KAAK,EAAE;QAClBD,MAAM,GAAGE,MAAM,CAACC,IAAI,CAAC,IAAI,CAACpD,KAAK,CAACkD,KAAK,CAAC,CAACG,GAAG,CACrCxB,GAAG,iBAAKd,KAAA,CAAAC,aAAA,CAACsC,UAAU,CAACC,IAAI;UAAC1B,GAAG,EAAEA,GAAI;UAACD,IAAI,EAAC;QAAQ,GAAE,IAAI,CAAC5B,KAAK,CAACkD,KAAK,CAACrB,GAAG,CAAmB,CAC9F,CAAC;MACL;MACA,oBACId,KAAA,CAAAC,aAAA,cACKiC,MAAM,EACN7B,YACA,CAAC;IAEd;EACJ;EAEA,MAAMoC,eAAe,GAAGC,KAAK,IAAI;IAC7B,OAAO;MACHC,OAAO,EAAED,KAAK,CAAClD,QAAQ,CAACmD,OAAO;MAC/BR,KAAK,EAAEO,KAAK,CAAClD,QAAQ,CAAC2C,KAAK;MAC3B7B,gBAAgB,EAAEoC,KAAK,CAAClD,QAAQ,CAACc,gBAAgB;MACjDP,eAAe,EAAE2C,KAAK,CAACE,IAAI,CAACC,YAAY,KAAK,IAAI;MACjDC,gBAAgB,EAAEJ,KAAK,CAACE,IAAI,CAACE;IACjC,CAAC;EACL,CAAC;EACD,MAAMC,kBAAkB,GAAGC,QAAQ,IAAI;IACnC,OAAO;MACHxD,QAAQ,EAAEA,CAACC,IAAI,EAAEC,KAAK,EAAEC,QAAQ,EAAEC,UAAU,KAAKoD,QAAQ,CAACC,OAAO,CAACzD,QAAQ,CAACC,IAAI,EAAEC,KAAK,EAAEC,QAAQ,EAAEC,UAAU,CAAC,CAAC;MAC9GsD,mBAAmB,EAAEA,CAAA,KAAMF,QAAQ,CAACC,OAAO,CAACC,mBAAmB,CAAC,IAAI,CAAC;IACzE,CAAC;EACL,CAAC;EACD;wBACeC,OAAO,CAACV,eAAe,EAAEM,kBAAkB,CAAC,CAAC9B,IAAI,CAACmC,MAAM,CAAC,CAAC,CAAC1E,YAAY,CAAC,C"},"sourceType":"module","externalDependencies":{},"hash":"bf8a8f490dd756d07029e34026d0762f9a086ac6"}
