{"metadata":{},"options":{"assumptions":{},"compact":false,"sourceMaps":true,"ast":true,"babelrc":false,"configFile":false,"parserOpts":{"sourceType":"module","sourceFileName":"/home/ani/Mergerware_assignment/Mererware_meteor/Mergerware_loanify/imports/ui/components/UsersCreateUser/UsersCreateUser.js","plugins":["*","flow","jsx","asyncGenerators","bigInt","classPrivateMethods","classPrivateProperties","classProperties","doExpressions","dynamicImport","exportDefaultFrom","exportExtensions","exportNamespaceFrom","functionBind","functionSent","importMeta","nullishCoalescingOperator","numericSeparator","objectRestSpread","optionalCatchBinding","optionalChaining",["pipelineOperator",{"proposal":"minimal"}],"throwExpressions","classProperties","classPrivateProperties","jsx","nullishCoalescingOperator","nullishCoalescingOperator","optionalChaining","optionalChaining","optionalCatchBinding","optionalCatchBinding","classProperties","classPrivateProperties","classPrivateMethods","classProperties","classPrivateProperties","asyncGenerators","asyncGenerators","objectRestSpread","objectRestSpread","logicalAssignment"],"allowImportExportEverywhere":true,"allowReturnOutsideFunction":true,"allowUndeclaredExports":true,"strictMode":false},"caller":{"name":"meteor","arch":"web.browser"},"sourceFileName":"imports/ui/components/UsersCreateUser/UsersCreateUser.js","filename":"/home/ani/Mergerware_assignment/Mererware_meteor/Mergerware_loanify/imports/ui/components/UsersCreateUser/UsersCreateUser.js","inputSourceMap":{"version":3,"names":["React","Component","Form","Icon","Input","Button","Result","Typography","connect","Redirect","CreateUserForm","UsersCreateUser","state","render"],"sources":["imports/ui/components/UsersCreateUser/UsersCreateUser.js"],"sourcesContent":["import React, { Component } from 'react';\nimport { Form, Icon, Input, Button, Result, Typography } from 'antd';\nimport { connect } from 'react-redux';\nimport { Redirect } from 'react-router-dom';\nimport CreateUserForm from './Forms/CreateUserForm';\n\nclass UsersCreateUser extends Component {\n    state = {}\n    render() {\n        return (\n            <div>\n                <CreateUserForm />\n            </div>\n        );\n    }\n}\n\nexport default UsersCreateUser;\n"],"mappings":";AAAA,OAAOA,KAAK,IAAIC,SAAS,QAAQ,OAAO;AACxC,SAASC,IAAI,EAAEC,IAAI,EAAEC,KAAK,EAAEC,MAAM,EAAEC,MAAM,EAAEC,UAAU,QAAQ,MAAM;AACpE,SAASC,OAAO,QAAQ,aAAa;AACrC,SAASC,QAAQ,QAAQ,kBAAkB;AAC3C,OAAOC,cAAc,MAAM,wBAAwB;AAEnD,MAAMC,eAAe,SAASV,SAAS,CAAC;EACpCW,KAAK,GAAG,CAAC,CAAC;EACVC,MAAMA,CAAA,EAAG;IACL,OACI,CAAC,GAAG;AAChB,gBAAgB,CAAC,cAAc;AAC/B,YAAY,EAAE,GAAG,CAAC;EAEd;AACJ;AAEA,eAAeF,eAAe"},"targets":{},"cloneInputAst":true,"browserslistConfigFile":false,"passPerPreset":false,"envName":"development","cwd":"/home/ani/Mergerware_assignment/Mererware_meteor/Mergerware_loanify","root":"/home/ani/Mergerware_assignment/Mererware_meteor/Mergerware_loanify","rootMode":"root","plugins":[{"key":"base$0","visitor":{"_exploded":true,"_verified":true},"options":{},"externalDependencies":[]},{"key":"base$0$0","visitor":{"Program":{"enter":[null],"exit":[null]},"_exploded":true,"_verified":true},"options":{"avoidModernSyntax":false,"enforceStrictMode":false,"dynamicImport":true,"generateLetDeclarations":true},"externalDependencies":[]},{"key":"transform-runtime","visitor":{"MemberExpression":{"enter":[null]},"ObjectPattern":{"enter":[null]},"BinaryExpression":{"enter":[null]},"Identifier":{"enter":[null]},"JSXIdentifier":{"enter":[null]},"_exploded":true,"_verified":true},"options":{"version":"7.17.2","helpers":true,"useESModules":false,"corejs":false},"externalDependencies":[]},{"key":"proposal-class-properties","visitor":{"ExportDefaultDeclaration":{"enter":[null]},"_exploded":true,"_verified":true,"ClassExpression":{"enter":[null]},"ClassDeclaration":{"enter":[null]}},"options":{"loose":true},"externalDependencies":[]},{"key":"transform-react-jsx","visitor":{"JSXNamespacedName":{"enter":[null]},"JSXSpreadChild":{"enter":[null]},"Program":{"enter":[null]},"JSXFragment":{"exit":[null]},"JSXElement":{"exit":[null]},"JSXAttribute":{"enter":[null]},"_exploded":true,"_verified":true},"options":{"pragma":"React.createElement","pragmaFrag":"React.Fragment","runtime":"classic","throwIfNamespace":true,"useBuiltIns":false},"externalDependencies":[]},{"key":"transform-react-display-name","visitor":{"ExportDefaultDeclaration":{"enter":[null]},"CallExpression":{"enter":[null]},"_exploded":true,"_verified":true},"options":{},"externalDependencies":[]},{"key":"transform-react-pure-annotations","visitor":{"CallExpression":{"enter":[null]},"_exploded":true,"_verified":true},"options":{},"externalDependencies":[]},{"key":"syntax-nullish-coalescing-operator","visitor":{"_exploded":true,"_verified":true},"options":{},"externalDependencies":[]},{"key":"proposal-nullish-coalescing-operator","visitor":{"LogicalExpression":{"enter":[null]},"_exploded":true,"_verified":true},"options":{},"externalDependencies":[]},{"key":"syntax-optional-chaining","visitor":{"_exploded":true,"_verified":true},"options":{},"externalDependencies":[]},{"key":"proposal-optional-chaining","visitor":{"OptionalCallExpression":{"enter":[null]},"OptionalMemberExpression":{"enter":[null]},"_exploded":true,"_verified":true},"options":{},"externalDependencies":[]},{"key":"syntax-optional-catch-binding","visitor":{"_exploded":true,"_verified":true},"options":{},"externalDependencies":[]},{"key":"proposal-optional-catch-binding","visitor":{"CatchClause":{"enter":[null]},"_exploded":true,"_verified":true},"options":{},"externalDependencies":[]},{"key":"syntax-class-properties","visitor":{"_exploded":true,"_verified":true},"options":{},"externalDependencies":[]},{"key":"proposal-class-properties","visitor":{"ExportDefaultDeclaration":{"enter":[null]},"_exploded":true,"_verified":true,"ClassExpression":{"enter":[null]},"ClassDeclaration":{"enter":[null]}},"options":{},"externalDependencies":[]},{"key":"syntax-async-generators","visitor":{"_exploded":true,"_verified":true},"options":{},"externalDependencies":[]},{"key":"proposal-async-generator-functions","visitor":{"Program":{"enter":[null]},"_exploded":true,"_verified":true},"options":{},"externalDependencies":[]},{"key":"syntax-object-rest-spread","visitor":{"_exploded":true,"_verified":true},"options":{},"externalDependencies":[]},{"key":"proposal-object-rest-spread","visitor":{"VariableDeclarator":{"enter":[null]},"ExportNamedDeclaration":{"enter":[null]},"CatchClause":{"enter":[null]},"AssignmentExpression":{"enter":[null]},"ArrayPattern":{"enter":[null]},"ObjectExpression":{"enter":[null]},"FunctionDeclaration":{"enter":[null]},"FunctionExpression":{"enter":[null]},"ObjectMethod":{"enter":[null]},"ArrowFunctionExpression":{"enter":[null]},"ClassMethod":{"enter":[null]},"ClassPrivateMethod":{"enter":[null]},"ForInStatement":{"enter":[null]},"ForOfStatement":{"enter":[null]},"_exploded":true,"_verified":true},"options":{},"externalDependencies":[]},{"key":"proposal-logical-assignment-operators","visitor":{"AssignmentExpression":{"enter":[null]},"_exploded":true,"_verified":true},"options":{},"externalDependencies":[]},{"key":"transform-literals","visitor":{"NumericLiteral":{"enter":[null]},"StringLiteral":{"enter":[null]},"_exploded":true,"_verified":true},"options":{},"externalDependencies":[]},{"key":"transform-template-literals","visitor":{"TaggedTemplateExpression":{"enter":[null]},"TemplateLiteral":{"enter":[null]},"_exploded":true,"_verified":true},"options":{},"externalDependencies":[]},{"key":"transform-parameters","visitor":{"_exploded":true,"_verified":true,"FunctionDeclaration":{"enter":[null]},"FunctionExpression":{"enter":[null]},"ObjectMethod":{"enter":[null]},"ArrowFunctionExpression":{"enter":[null]},"ClassMethod":{"enter":[null]},"ClassPrivateMethod":{"enter":[null]}},"options":{},"externalDependencies":[]},{"key":"transform-exponentiation-operator","visitor":{"AssignmentExpression":{"enter":[null]},"BinaryExpression":{"enter":[null]},"_exploded":true,"_verified":true},"options":{},"externalDependencies":[]}],"presets":[],"generatorOpts":{"filename":"/home/ani/Mergerware_assignment/Mererware_meteor/Mergerware_loanify/imports/ui/components/UsersCreateUser/UsersCreateUser.js","comments":true,"compact":false,"sourceMaps":true,"sourceFileName":"imports/ui/components/UsersCreateUser/UsersCreateUser.js","inputSourceMap":{"version":3,"names":["React","Component","Form","Icon","Input","Button","Result","Typography","connect","Redirect","CreateUserForm","UsersCreateUser","state","render"],"sources":["imports/ui/components/UsersCreateUser/UsersCreateUser.js"],"sourcesContent":["import React, { Component } from 'react';\nimport { Form, Icon, Input, Button, Result, Typography } from 'antd';\nimport { connect } from 'react-redux';\nimport { Redirect } from 'react-router-dom';\nimport CreateUserForm from './Forms/CreateUserForm';\n\nclass UsersCreateUser extends Component {\n    state = {}\n    render() {\n        return (\n            <div>\n                <CreateUserForm />\n            </div>\n        );\n    }\n}\n\nexport default UsersCreateUser;\n"],"mappings":";AAAA,OAAOA,KAAK,IAAIC,SAAS,QAAQ,OAAO;AACxC,SAASC,IAAI,EAAEC,IAAI,EAAEC,KAAK,EAAEC,MAAM,EAAEC,MAAM,EAAEC,UAAU,QAAQ,MAAM;AACpE,SAASC,OAAO,QAAQ,aAAa;AACrC,SAASC,QAAQ,QAAQ,kBAAkB;AAC3C,OAAOC,cAAc,MAAM,wBAAwB;AAEnD,MAAMC,eAAe,SAASV,SAAS,CAAC;EACpCW,KAAK,GAAG,CAAC,CAAC;EACVC,MAAMA,CAAA,EAAG;IACL,OACI,CAAC,GAAG;AAChB,gBAAgB,CAAC,cAAc;AAC/B,YAAY,EAAE,GAAG,CAAC;EAEd;AACJ;AAEA,eAAeF,eAAe"}}},"code":"!function (module1) {\n  let React, Component;\n  module1.link(\"react\", {\n    default(v) {\n      React = v;\n    },\n    Component(v) {\n      Component = v;\n    }\n  }, 0);\n  let Form, Icon, Input, Button, Result, Typography;\n  module1.link(\"antd\", {\n    Form(v) {\n      Form = v;\n    },\n    Icon(v) {\n      Icon = v;\n    },\n    Input(v) {\n      Input = v;\n    },\n    Button(v) {\n      Button = v;\n    },\n    Result(v) {\n      Result = v;\n    },\n    Typography(v) {\n      Typography = v;\n    }\n  }, 1);\n  let connect;\n  module1.link(\"react-redux\", {\n    connect(v) {\n      connect = v;\n    }\n  }, 2);\n  let Redirect;\n  module1.link(\"react-router-dom\", {\n    Redirect(v) {\n      Redirect = v;\n    }\n  }, 3);\n  let CreateUserForm;\n  module1.link(\"./Forms/CreateUserForm\", {\n    default(v) {\n      CreateUserForm = v;\n    }\n  }, 4);\n  ___INIT_METEOR_FAST_REFRESH(module);\n  class UsersCreateUser extends Component {\n    constructor() {\n      super(...arguments);\n      this.state = {};\n    }\n    render() {\n      return /*#__PURE__*/React.createElement(\"div\", null, /*#__PURE__*/React.createElement(CreateUserForm, null));\n    }\n  }\n  module1.exportDefault(UsersCreateUser);\n}.call(this, module);","map":{"version":3,"names":["UsersCreateUser","Component","constructor","arguments","state","render","React","createElement","CreateUserForm"],"sources":["imports/ui/components/UsersCreateUser/UsersCreateUser.js"],"sourcesContent":["import React, { Component } from 'react';\nimport { Form, Icon, Input, Button, Result, Typography } from 'antd';\nimport { connect } from 'react-redux';\nimport { Redirect } from 'react-router-dom';\nimport CreateUserForm from './Forms/CreateUserForm';\n\nclass UsersCreateUser extends Component {\n    state = {}\n    render() {\n        return (\n            <div>\n                <CreateUserForm />\n            </div>\n        );\n    }\n}\n\nexport default UsersCreateUser;\n"],"mappings":";;;;;;;;;;;;;;;;;;;;;;;;;;;;;;;;;;;;;;;;;;;;;;;;;;EAMA,MAAMA,eAAe,SAASC,SAAS,CAAC;IAAAC,YAAA;MAAA,SAAAC,SAAA;MAAA,KACpCC,KAAK,GAAG,CAAC,CAAC;IAAA;IACVC,MAAMA,CAAA,EAAG;MACL,oBACIC,KAAA,CAAAC,aAAA,2BACID,KAAA,CAAAC,aAAA,CAACC,cAAc,OACd,CAAC;IAEd;EACJ;wBAEeR,e"},"sourceType":"module","externalDependencies":{},"hash":"c250895cdf061cac7f97967133d10e93bf382bce"}
