{"metadata":{},"options":{"assumptions":{},"compact":false,"sourceMaps":true,"ast":true,"babelrc":false,"configFile":false,"parserOpts":{"sourceType":"module","sourceFileName":"/home/ani/Mergerware_assignment/Mererware_meteor/Mergerware_loanify/imports/ui/store/actions/allAccountsStatementReport.js","plugins":["*","flow","jsx","asyncGenerators","bigInt","classPrivateMethods","classPrivateProperties","classProperties","doExpressions","dynamicImport","exportDefaultFrom","exportExtensions","exportNamespaceFrom","functionBind","functionSent","importMeta","nullishCoalescingOperator","numericSeparator","objectRestSpread","optionalCatchBinding","optionalChaining",["pipelineOperator",{"proposal":"minimal"}],"throwExpressions","classProperties","classPrivateProperties","jsx","nullishCoalescingOperator","nullishCoalescingOperator","optionalChaining","optionalChaining","optionalCatchBinding","optionalCatchBinding","classProperties","classPrivateProperties","classPrivateMethods","classProperties","classPrivateProperties","asyncGenerators","asyncGenerators","objectRestSpread","objectRestSpread","logicalAssignment"],"allowImportExportEverywhere":true,"allowReturnOutsideFunction":true,"allowUndeclaredExports":true,"strictMode":false},"caller":{"name":"meteor","arch":"web.browser.legacy"},"sourceFileName":"imports/ui/store/actions/allAccountsStatementReport.js","filename":"/home/ani/Mergerware_assignment/Mererware_meteor/Mergerware_loanify/imports/ui/store/actions/allAccountsStatementReport.js","inputSourceMap":{"version":3,"names":["actionTypes","axios","allAccountsStatementReportStart","type","ALL_ACCOUNTS_STATEMENT_REPORT_START","allAccountsStatementReportSuccess","allAccountsStatementReport","ALL_ACCOUNTS_STATEMENT_REPORT_SUCCESS","allAccountsStatementReportFail","errors","console","log","ALL_ACCOUNTS_STATEMENT_REPORT_FAIL","allAccountsStatementReportErrors","initAllAccountsStatementReport","token","dispatch","url","get","then","response","data","catch","err","validationMessages","validationObj","combinedErrors","uniqueErrors","Object","keys","forEach","key","val","push","Set"],"sources":["imports/ui/store/actions/allAccountsStatementReport.js"],"sourcesContent":["import * as actionTypes from './actionTypes';\nimport axios from 'axios';\n\nexport const allAccountsStatementReportStart = () => {\n    return {\n        type: actionTypes.ALL_ACCOUNTS_STATEMENT_REPORT_START\n    };\n};\n\nexport const allAccountsStatementReportSuccess = (allAccountsStatementReport) => {\n    return {\n        type: actionTypes.ALL_ACCOUNTS_STATEMENT_REPORT_SUCCESS,\n        allAccountsStatementReport: allAccountsStatementReport\n    };\n};\n\nexport const allAccountsStatementReportFail = (errors) => {\n    console.log('allAccountsStatementReportFail:', errors);\n    return {\n        type: actionTypes.ALL_ACCOUNTS_STATEMENT_REPORT_FAIL,\n        allAccountsStatementReportErrors: errors\n    };\n};\n\nexport const initAllAccountsStatementReport = (token) => {\n    return dispatch => {\n        dispatch(allAccountsStatementReportStart());\n        let url = 'http://fina.mv/api/all-accounts-statement';\n\n        axios.get(url)\n            .then(response => {\n                dispatch(allAccountsStatementReportSuccess(response.data[\"all_accounts_statement\"]));\n            })\n            .catch(err => {\n                console.log(\"Errrrr:\",err);\n                if (\n                    err &&\n                        err.response &&\n                        err.response.data &&\n                        err.response.data.validationMessages &&\n                        (typeof err.response.data.validationMessages === 'object')\n                ) {\n                    let validationObj = err.response.data.validationMessages;\n                    let combinedErrors = [];\n                    let uniqueErrors = [];\n                    Object.keys(validationObj).forEach((key) => {\n                        validationObj[key].forEach((val) => {\n                            combinedErrors.push(val);\n                        });\n                    });\n                    uniqueErrors = [...new Set(combinedErrors)];\n                    dispatch(allAccountsStatementReportFail(uniqueErrors));\n                }\n                else {\n                    dispatch(allAccountsStatementReportFail(\"error\"));\n                }\n            });\n    };\n\n};\n"],"mappings":";AAAA,OAAO,KAAKA,WAAW,MAAM,eAAe;AAC5C,OAAOC,KAAK,MAAM,OAAO;AAEzB,OAAO,MAAMC,+BAA+B,GAAGA,CAAA,KAAM;EACjD,OAAO;IACHC,IAAI,EAAEH,WAAW,CAACI;EACtB,CAAC;AACL,CAAC;AAED,OAAO,MAAMC,iCAAiC,GAAIC,0BAA0B,IAAK;EAC7E,OAAO;IACHH,IAAI,EAAEH,WAAW,CAACO,qCAAqC;IACvDD,0BAA0B,EAAEA;EAChC,CAAC;AACL,CAAC;AAED,OAAO,MAAME,8BAA8B,GAAIC,MAAM,IAAK;EACtDC,OAAO,CAACC,GAAG,CAAC,iCAAiC,EAAEF,MAAM,CAAC;EACtD,OAAO;IACHN,IAAI,EAAEH,WAAW,CAACY,kCAAkC;IACpDC,gCAAgC,EAAEJ;EACtC,CAAC;AACL,CAAC;AAED,OAAO,MAAMK,8BAA8B,GAAIC,KAAK,IAAK;EACrD,OAAOC,QAAQ,IAAI;IACfA,QAAQ,CAACd,+BAA+B,CAAC,CAAC,CAAC;IAC3C,IAAIe,GAAG,GAAG,2CAA2C;IAErDhB,KAAK,CAACiB,GAAG,CAACD,GAAG,CAAC,CACTE,IAAI,CAACC,QAAQ,IAAI;MACdJ,QAAQ,CAACX,iCAAiC,CAACe,QAAQ,CAACC,IAAI,CAAC,wBAAwB,CAAC,CAAC,CAAC;IACxF,CAAC,CAAC,CACDC,KAAK,CAACC,GAAG,IAAI;MACVb,OAAO,CAACC,GAAG,CAAC,SAAS,EAACY,GAAG,CAAC;MAC1B,IACIA,GAAG,IACCA,GAAG,CAACH,QAAQ,IACZG,GAAG,CAACH,QAAQ,CAACC,IAAI,IACjBE,GAAG,CAACH,QAAQ,CAACC,IAAI,CAACG,kBAAkB,IACnC,OAAOD,GAAG,CAACH,QAAQ,CAACC,IAAI,CAACG,kBAAkB,KAAK,QAAS,EAChE;QACE,IAAIC,aAAa,GAAGF,GAAG,CAACH,QAAQ,CAACC,IAAI,CAACG,kBAAkB;QACxD,IAAIE,cAAc,GAAG,EAAE;QACvB,IAAIC,YAAY,GAAG,EAAE;QACrBC,MAAM,CAACC,IAAI,CAACJ,aAAa,CAAC,CAACK,OAAO,CAAEC,GAAG,IAAK;UACxCN,aAAa,CAACM,GAAG,CAAC,CAACD,OAAO,CAAEE,GAAG,IAAK;YAChCN,cAAc,CAACO,IAAI,CAACD,GAAG,CAAC;UAC5B,CAAC,CAAC;QACN,CAAC,CAAC;QACFL,YAAY,GAAG,CAAC,GAAG,IAAIO,GAAG,CAACR,cAAc,CAAC,CAAC;QAC3CV,QAAQ,CAACR,8BAA8B,CAACmB,YAAY,CAAC,CAAC;MAC1D,CAAC,MACI;QACDX,QAAQ,CAACR,8BAA8B,CAAC,OAAO,CAAC,CAAC;MACrD;IACJ,CAAC,CAAC;EACV,CAAC;AAEL,CAAC"},"targets":{},"cloneInputAst":true,"browserslistConfigFile":false,"passPerPreset":false,"envName":"development","cwd":"/home/ani/Mergerware_assignment/Mererware_meteor/Mergerware_loanify","root":"/home/ani/Mergerware_assignment/Mererware_meteor/Mergerware_loanify","rootMode":"root","plugins":[{"key":"base$0","visitor":{"_exploded":true,"_verified":true},"options":{},"externalDependencies":[]},{"key":"base$0$0","visitor":{"Program":{"enter":[null],"exit":[null]},"_exploded":true,"_verified":true},"options":{"avoidModernSyntax":true,"enforceStrictMode":false,"dynamicImport":true},"externalDependencies":[]},{"key":"transform-runtime","visitor":{"MemberExpression":{"enter":[null]},"ObjectPattern":{"enter":[null]},"BinaryExpression":{"enter":[null]},"Identifier":{"enter":[null]},"JSXIdentifier":{"enter":[null]},"_exploded":true,"_verified":true},"options":{"version":"7.17.2","helpers":true,"useESModules":false,"corejs":false},"externalDependencies":[]},{"key":"proposal-class-properties","visitor":{"ExportDefaultDeclaration":{"enter":[null]},"_exploded":true,"_verified":true,"ClassExpression":{"enter":[null]},"ClassDeclaration":{"enter":[null]}},"options":{"loose":true},"externalDependencies":[]},{"key":"base$0$3","visitor":{"FunctionExpression":{"exit":[null]},"_exploded":true,"_verified":true},"options":{},"externalDependencies":[]},{"key":"base$0$4","visitor":{"ForInStatement":{"enter":[null]},"_exploded":true,"_verified":true},"options":{},"externalDependencies":[]},{"key":"transform-react-jsx","visitor":{"JSXNamespacedName":{"enter":[null]},"JSXSpreadChild":{"enter":[null]},"Program":{"enter":[null]},"JSXFragment":{"exit":[null]},"JSXElement":{"exit":[null]},"JSXAttribute":{"enter":[null]},"_exploded":true,"_verified":true},"options":{"pragma":"React.createElement","pragmaFrag":"React.Fragment","runtime":"classic","throwIfNamespace":true,"useBuiltIns":false},"externalDependencies":[]},{"key":"transform-react-display-name","visitor":{"ExportDefaultDeclaration":{"enter":[null]},"CallExpression":{"enter":[null]},"_exploded":true,"_verified":true},"options":{},"externalDependencies":[]},{"key":"transform-react-pure-annotations","visitor":{"CallExpression":{"enter":[null]},"_exploded":true,"_verified":true},"options":{},"externalDependencies":[]},{"key":"syntax-nullish-coalescing-operator","visitor":{"_exploded":true,"_verified":true},"options":{},"externalDependencies":[]},{"key":"proposal-nullish-coalescing-operator","visitor":{"LogicalExpression":{"enter":[null]},"_exploded":true,"_verified":true},"options":{},"externalDependencies":[]},{"key":"syntax-optional-chaining","visitor":{"_exploded":true,"_verified":true},"options":{},"externalDependencies":[]},{"key":"proposal-optional-chaining","visitor":{"OptionalCallExpression":{"enter":[null]},"OptionalMemberExpression":{"enter":[null]},"_exploded":true,"_verified":true},"options":{},"externalDependencies":[]},{"key":"syntax-optional-catch-binding","visitor":{"_exploded":true,"_verified":true},"options":{},"externalDependencies":[]},{"key":"proposal-optional-catch-binding","visitor":{"CatchClause":{"enter":[null]},"_exploded":true,"_verified":true},"options":{},"externalDependencies":[]},{"key":"syntax-class-properties","visitor":{"_exploded":true,"_verified":true},"options":{},"externalDependencies":[]},{"key":"proposal-class-properties","visitor":{"ExportDefaultDeclaration":{"enter":[null]},"_exploded":true,"_verified":true,"ClassExpression":{"enter":[null]},"ClassDeclaration":{"enter":[null]}},"options":{},"externalDependencies":[]},{"key":"syntax-async-generators","visitor":{"_exploded":true,"_verified":true},"options":{},"externalDependencies":[]},{"key":"proposal-async-generator-functions","visitor":{"Program":{"enter":[null]},"_exploded":true,"_verified":true},"options":{},"externalDependencies":[]},{"key":"syntax-object-rest-spread","visitor":{"_exploded":true,"_verified":true},"options":{},"externalDependencies":[]},{"key":"proposal-object-rest-spread","visitor":{"VariableDeclarator":{"enter":[null]},"ExportNamedDeclaration":{"enter":[null]},"CatchClause":{"enter":[null]},"AssignmentExpression":{"enter":[null]},"ArrayPattern":{"enter":[null]},"ObjectExpression":{"enter":[null]},"FunctionDeclaration":{"enter":[null]},"FunctionExpression":{"enter":[null]},"ObjectMethod":{"enter":[null]},"ArrowFunctionExpression":{"enter":[null]},"ClassMethod":{"enter":[null]},"ClassPrivateMethod":{"enter":[null]},"ForInStatement":{"enter":[null]},"ForOfStatement":{"enter":[null]},"_exploded":true,"_verified":true},"options":{},"externalDependencies":[]},{"key":"proposal-logical-assignment-operators","visitor":{"AssignmentExpression":{"enter":[null]},"_exploded":true,"_verified":true},"options":{},"externalDependencies":[]},{"key":"transform-arrow-functions","visitor":{"ArrowFunctionExpression":{"enter":[null]},"_exploded":true,"_verified":true},"options":{},"externalDependencies":[]},{"key":"transform-block-scoped-functions","visitor":{"BlockStatement":{"enter":[null]},"SwitchCase":{"enter":[null]},"_exploded":true,"_verified":true},"options":{},"externalDependencies":[]},{"key":"transform-block-scoping","visitor":{"VariableDeclaration":{"enter":[null,null]},"BlockStatement":{"enter":[null]},"SwitchCase":{"enter":[null]},"ClassDeclaration":{"enter":[null]},"DoWhileStatement":{"enter":[null]},"ForInStatement":{"enter":[null]},"ForStatement":{"enter":[null]},"WhileStatement":{"enter":[null]},"ForOfStatement":{"enter":[null]},"_exploded":true,"_verified":true},"options":{},"externalDependencies":[]},{"key":"transform-classes","visitor":{"ExportDefaultDeclaration":{"enter":[null]},"ClassDeclaration":{"enter":[null]},"ClassExpression":{"enter":[null]},"_exploded":true,"_verified":true},"options":{"loose":true},"externalDependencies":[]},{"key":"transform-computed-properties","visitor":{"ObjectExpression":{"exit":[null]},"_exploded":true,"_verified":true},"options":{"loose":true},"externalDependencies":[]},{"key":"transform-destructuring","visitor":{"ExportNamedDeclaration":{"enter":[null]},"CatchClause":{"enter":[null]},"AssignmentExpression":{"enter":[null]},"VariableDeclaration":{"enter":[null]},"_exploded":true,"_verified":true,"ForInStatement":{"enter":[null]},"ForOfStatement":{"enter":[null]}},"options":{},"externalDependencies":[]},{"key":"transform-for-of","visitor":{"ForOfStatement":{"enter":[null]},"_exploded":true,"_verified":true},"options":{"loose":true},"externalDependencies":[]},{"key":"transform-literals","visitor":{"NumericLiteral":{"enter":[null]},"StringLiteral":{"enter":[null]},"_exploded":true,"_verified":true},"options":{},"externalDependencies":[]},{"key":"transform-object-super","visitor":{"ObjectExpression":{"enter":[null]},"_exploded":true,"_verified":true,"DoWhileStatement":{"exit":[null]},"ForInStatement":{"exit":[null]},"ForStatement":{"exit":[null]},"WhileStatement":{"exit":[null]},"ForOfStatement":{"exit":[null]}},"options":{},"externalDependencies":[]},{"key":"transform-parameters","visitor":{"_exploded":true,"_verified":true,"FunctionDeclaration":{"enter":[null]},"FunctionExpression":{"enter":[null]},"ObjectMethod":{"enter":[null]},"ArrowFunctionExpression":{"enter":[null]},"ClassMethod":{"enter":[null]},"ClassPrivateMethod":{"enter":[null]}},"options":{},"externalDependencies":[]},{"key":"transform-shorthand-properties","visitor":{"ObjectMethod":{"enter":[null]},"ObjectProperty":{"enter":[null]},"_exploded":true,"_verified":true},"options":{},"externalDependencies":[]},{"key":"transform-spread","visitor":{"ArrayExpression":{"enter":[null]},"CallExpression":{"enter":[null]},"NewExpression":{"enter":[null]},"_exploded":true,"_verified":true},"options":{},"externalDependencies":[]},{"key":"transform-sticky-regex","visitor":{"RegExpLiteral":{"enter":[null]},"_exploded":true,"_verified":true},"options":{},"externalDependencies":[]},{"key":"transform-template-literals","visitor":{"TaggedTemplateExpression":{"enter":[null]},"TemplateLiteral":{"enter":[null]},"_exploded":true,"_verified":true},"options":{"loose":true},"externalDependencies":[]},{"key":"transform-typeof-symbol","visitor":{"UnaryExpression":{"enter":[null]},"_exploded":true,"_verified":true,"BlockStatement":{"enter":[null]},"CatchClause":{"enter":[null]},"DoWhileStatement":{"enter":[null]},"ForInStatement":{"enter":[null]},"ForStatement":{"enter":[null]},"FunctionDeclaration":{"enter":[null]},"FunctionExpression":{"enter":[null]},"Program":{"enter":[null]},"ObjectMethod":{"enter":[null]},"SwitchStatement":{"enter":[null]},"WhileStatement":{"enter":[null]},"ArrowFunctionExpression":{"enter":[null]},"ClassExpression":{"enter":[null]},"ClassDeclaration":{"enter":[null]},"ForOfStatement":{"enter":[null]},"ClassMethod":{"enter":[null]},"ClassPrivateMethod":{"enter":[null]},"StaticBlock":{"enter":[null]},"TSModuleBlock":{"enter":[null]},"AssignmentPattern":{"enter":[null]},"ArrayPattern":{"enter":[null]},"ObjectPattern":{"enter":[null]}},"options":{},"externalDependencies":[]},{"key":"transform-unicode-regex","visitor":{"RegExpLiteral":{"enter":[null]},"_exploded":true,"_verified":true},"options":{},"externalDependencies":[]},{"key":"transform-property-literals","visitor":{"ObjectProperty":{"exit":[null]},"_exploded":true,"_verified":true},"options":{},"externalDependencies":[]},{"key":"transform-exponentiation-operator","visitor":{"AssignmentExpression":{"enter":[null]},"BinaryExpression":{"enter":[null]},"_exploded":true,"_verified":true},"options":{},"externalDependencies":[]},{"key":"transform-regenerator","visitor":{"ObjectMethod":{"enter":[null],"exit":[null]},"ClassMethod":{"enter":[null],"exit":[null]},"ClassPrivateMethod":{"enter":[null],"exit":[null]},"FunctionDeclaration":{"exit":[null]},"FunctionExpression":{"exit":[null]},"ArrowFunctionExpression":{"exit":[null]},"MemberExpression":{"enter":[null]},"_exploded":true,"_verified":true},"options":{},"externalDependencies":[]}],"presets":[],"generatorOpts":{"filename":"/home/ani/Mergerware_assignment/Mererware_meteor/Mergerware_loanify/imports/ui/store/actions/allAccountsStatementReport.js","comments":true,"compact":false,"sourceMaps":true,"sourceFileName":"imports/ui/store/actions/allAccountsStatementReport.js","inputSourceMap":{"version":3,"names":["actionTypes","axios","allAccountsStatementReportStart","type","ALL_ACCOUNTS_STATEMENT_REPORT_START","allAccountsStatementReportSuccess","allAccountsStatementReport","ALL_ACCOUNTS_STATEMENT_REPORT_SUCCESS","allAccountsStatementReportFail","errors","console","log","ALL_ACCOUNTS_STATEMENT_REPORT_FAIL","allAccountsStatementReportErrors","initAllAccountsStatementReport","token","dispatch","url","get","then","response","data","catch","err","validationMessages","validationObj","combinedErrors","uniqueErrors","Object","keys","forEach","key","val","push","Set"],"sources":["imports/ui/store/actions/allAccountsStatementReport.js"],"sourcesContent":["import * as actionTypes from './actionTypes';\nimport axios from 'axios';\n\nexport const allAccountsStatementReportStart = () => {\n    return {\n        type: actionTypes.ALL_ACCOUNTS_STATEMENT_REPORT_START\n    };\n};\n\nexport const allAccountsStatementReportSuccess = (allAccountsStatementReport) => {\n    return {\n        type: actionTypes.ALL_ACCOUNTS_STATEMENT_REPORT_SUCCESS,\n        allAccountsStatementReport: allAccountsStatementReport\n    };\n};\n\nexport const allAccountsStatementReportFail = (errors) => {\n    console.log('allAccountsStatementReportFail:', errors);\n    return {\n        type: actionTypes.ALL_ACCOUNTS_STATEMENT_REPORT_FAIL,\n        allAccountsStatementReportErrors: errors\n    };\n};\n\nexport const initAllAccountsStatementReport = (token) => {\n    return dispatch => {\n        dispatch(allAccountsStatementReportStart());\n        let url = 'http://fina.mv/api/all-accounts-statement';\n\n        axios.get(url)\n            .then(response => {\n                dispatch(allAccountsStatementReportSuccess(response.data[\"all_accounts_statement\"]));\n            })\n            .catch(err => {\n                console.log(\"Errrrr:\",err);\n                if (\n                    err &&\n                        err.response &&\n                        err.response.data &&\n                        err.response.data.validationMessages &&\n                        (typeof err.response.data.validationMessages === 'object')\n                ) {\n                    let validationObj = err.response.data.validationMessages;\n                    let combinedErrors = [];\n                    let uniqueErrors = [];\n                    Object.keys(validationObj).forEach((key) => {\n                        validationObj[key].forEach((val) => {\n                            combinedErrors.push(val);\n                        });\n                    });\n                    uniqueErrors = [...new Set(combinedErrors)];\n                    dispatch(allAccountsStatementReportFail(uniqueErrors));\n                }\n                else {\n                    dispatch(allAccountsStatementReportFail(\"error\"));\n                }\n            });\n    };\n\n};\n"],"mappings":";AAAA,OAAO,KAAKA,WAAW,MAAM,eAAe;AAC5C,OAAOC,KAAK,MAAM,OAAO;AAEzB,OAAO,MAAMC,+BAA+B,GAAGA,CAAA,KAAM;EACjD,OAAO;IACHC,IAAI,EAAEH,WAAW,CAACI;EACtB,CAAC;AACL,CAAC;AAED,OAAO,MAAMC,iCAAiC,GAAIC,0BAA0B,IAAK;EAC7E,OAAO;IACHH,IAAI,EAAEH,WAAW,CAACO,qCAAqC;IACvDD,0BAA0B,EAAEA;EAChC,CAAC;AACL,CAAC;AAED,OAAO,MAAME,8BAA8B,GAAIC,MAAM,IAAK;EACtDC,OAAO,CAACC,GAAG,CAAC,iCAAiC,EAAEF,MAAM,CAAC;EACtD,OAAO;IACHN,IAAI,EAAEH,WAAW,CAACY,kCAAkC;IACpDC,gCAAgC,EAAEJ;EACtC,CAAC;AACL,CAAC;AAED,OAAO,MAAMK,8BAA8B,GAAIC,KAAK,IAAK;EACrD,OAAOC,QAAQ,IAAI;IACfA,QAAQ,CAACd,+BAA+B,CAAC,CAAC,CAAC;IAC3C,IAAIe,GAAG,GAAG,2CAA2C;IAErDhB,KAAK,CAACiB,GAAG,CAACD,GAAG,CAAC,CACTE,IAAI,CAACC,QAAQ,IAAI;MACdJ,QAAQ,CAACX,iCAAiC,CAACe,QAAQ,CAACC,IAAI,CAAC,wBAAwB,CAAC,CAAC,CAAC;IACxF,CAAC,CAAC,CACDC,KAAK,CAACC,GAAG,IAAI;MACVb,OAAO,CAACC,GAAG,CAAC,SAAS,EAACY,GAAG,CAAC;MAC1B,IACIA,GAAG,IACCA,GAAG,CAACH,QAAQ,IACZG,GAAG,CAACH,QAAQ,CAACC,IAAI,IACjBE,GAAG,CAACH,QAAQ,CAACC,IAAI,CAACG,kBAAkB,IACnC,OAAOD,GAAG,CAACH,QAAQ,CAACC,IAAI,CAACG,kBAAkB,KAAK,QAAS,EAChE;QACE,IAAIC,aAAa,GAAGF,GAAG,CAACH,QAAQ,CAACC,IAAI,CAACG,kBAAkB;QACxD,IAAIE,cAAc,GAAG,EAAE;QACvB,IAAIC,YAAY,GAAG,EAAE;QACrBC,MAAM,CAACC,IAAI,CAACJ,aAAa,CAAC,CAACK,OAAO,CAAEC,GAAG,IAAK;UACxCN,aAAa,CAACM,GAAG,CAAC,CAACD,OAAO,CAAEE,GAAG,IAAK;YAChCN,cAAc,CAACO,IAAI,CAACD,GAAG,CAAC;UAC5B,CAAC,CAAC;QACN,CAAC,CAAC;QACFL,YAAY,GAAG,CAAC,GAAG,IAAIO,GAAG,CAACR,cAAc,CAAC,CAAC;QAC3CV,QAAQ,CAACR,8BAA8B,CAACmB,YAAY,CAAC,CAAC;MAC1D,CAAC,MACI;QACDX,QAAQ,CAACR,8BAA8B,CAAC,OAAO,CAAC,CAAC;MACrD;IACJ,CAAC,CAAC;EACV,CAAC;AAEL,CAAC"}}},"code":"!function (module1) {\n  var _toConsumableArray;\n  module1.link(\"@babel/runtime/helpers/toConsumableArray\", {\n    default: function (v) {\n      _toConsumableArray = v;\n    }\n  }, 0);\n  var _typeof;\n  module1.link(\"@babel/runtime/helpers/typeof\", {\n    default: function (v) {\n      _typeof = v;\n    }\n  }, 1);\n  module1.export({\n    allAccountsStatementReportStart: function () {\n      return allAccountsStatementReportStart;\n    },\n    allAccountsStatementReportSuccess: function () {\n      return allAccountsStatementReportSuccess;\n    },\n    allAccountsStatementReportFail: function () {\n      return allAccountsStatementReportFail;\n    },\n    initAllAccountsStatementReport: function () {\n      return initAllAccountsStatementReport;\n    }\n  });\n  var actionTypes;\n  module1.link(\"./actionTypes\", {\n    \"*\": function (v) {\n      actionTypes = v;\n    }\n  }, 0);\n  var axios;\n  module1.link(\"axios\", {\n    \"default\": function (v) {\n      axios = v;\n    }\n  }, 1);\n  ___INIT_METEOR_FAST_REFRESH(module);\n  var allAccountsStatementReportStart = function () {\n    return {\n      type: actionTypes.ALL_ACCOUNTS_STATEMENT_REPORT_START\n    };\n  };\n  var allAccountsStatementReportSuccess = function (allAccountsStatementReport) {\n    return {\n      type: actionTypes.ALL_ACCOUNTS_STATEMENT_REPORT_SUCCESS,\n      allAccountsStatementReport: allAccountsStatementReport\n    };\n  };\n  var allAccountsStatementReportFail = function (errors) {\n    console.log('allAccountsStatementReportFail:', errors);\n    return {\n      type: actionTypes.ALL_ACCOUNTS_STATEMENT_REPORT_FAIL,\n      allAccountsStatementReportErrors: errors\n    };\n  };\n  var initAllAccountsStatementReport = function (token) {\n    return function (dispatch) {\n      dispatch(allAccountsStatementReportStart());\n      var url = 'http://fina.mv/api/all-accounts-statement';\n      axios.get(url).then(function (response) {\n        dispatch(allAccountsStatementReportSuccess(response.data[\"all_accounts_statement\"]));\n      }).catch(function (err) {\n        console.log(\"Errrrr:\", err);\n        if (err && err.response && err.response.data && err.response.data.validationMessages && _typeof(err.response.data.validationMessages) === 'object') {\n          var validationObj = err.response.data.validationMessages;\n          var combinedErrors = [];\n          var uniqueErrors = [];\n          Object.keys(validationObj).forEach(function (key) {\n            validationObj[key].forEach(function (val) {\n              combinedErrors.push(val);\n            });\n          });\n          uniqueErrors = _toConsumableArray(new Set(combinedErrors));\n          dispatch(allAccountsStatementReportFail(uniqueErrors));\n        } else {\n          dispatch(allAccountsStatementReportFail(\"error\"));\n        }\n      });\n    };\n  };\n}.call(this, module);","map":{"version":3,"names":["allAccountsStatementReportStart","type","actionTypes","ALL_ACCOUNTS_STATEMENT_REPORT_START","allAccountsStatementReportSuccess","allAccountsStatementReport","ALL_ACCOUNTS_STATEMENT_REPORT_SUCCESS","allAccountsStatementReportFail","errors","console","log","ALL_ACCOUNTS_STATEMENT_REPORT_FAIL","allAccountsStatementReportErrors","initAllAccountsStatementReport","token","dispatch","url","axios","get","then","response","data","catch","err","validationMessages","_typeof","validationObj","combinedErrors","uniqueErrors","Object","keys","forEach","key","val","push","_toConsumableArray","Set","call","module"],"sources":["imports/ui/store/actions/allAccountsStatementReport.js"],"sourcesContent":["import * as actionTypes from './actionTypes';\nimport axios from 'axios';\n\nexport const allAccountsStatementReportStart = () => {\n    return {\n        type: actionTypes.ALL_ACCOUNTS_STATEMENT_REPORT_START\n    };\n};\n\nexport const allAccountsStatementReportSuccess = (allAccountsStatementReport) => {\n    return {\n        type: actionTypes.ALL_ACCOUNTS_STATEMENT_REPORT_SUCCESS,\n        allAccountsStatementReport: allAccountsStatementReport\n    };\n};\n\nexport const allAccountsStatementReportFail = (errors) => {\n    console.log('allAccountsStatementReportFail:', errors);\n    return {\n        type: actionTypes.ALL_ACCOUNTS_STATEMENT_REPORT_FAIL,\n        allAccountsStatementReportErrors: errors\n    };\n};\n\nexport const initAllAccountsStatementReport = (token) => {\n    return dispatch => {\n        dispatch(allAccountsStatementReportStart());\n        let url = 'http://fina.mv/api/all-accounts-statement';\n\n        axios.get(url)\n            .then(response => {\n                dispatch(allAccountsStatementReportSuccess(response.data[\"all_accounts_statement\"]));\n            })\n            .catch(err => {\n                console.log(\"Errrrr:\",err);\n                if (\n                    err &&\n                        err.response &&\n                        err.response.data &&\n                        err.response.data.validationMessages &&\n                        (typeof err.response.data.validationMessages === 'object')\n                ) {\n                    let validationObj = err.response.data.validationMessages;\n                    let combinedErrors = [];\n                    let uniqueErrors = [];\n                    Object.keys(validationObj).forEach((key) => {\n                        validationObj[key].forEach((val) => {\n                            combinedErrors.push(val);\n                        });\n                    });\n                    uniqueErrors = [...new Set(combinedErrors)];\n                    dispatch(allAccountsStatementReportFail(uniqueErrors));\n                }\n                else {\n                    dispatch(allAccountsStatementReportFail(\"error\"));\n                }\n            });\n    };\n\n};\n"],"mappings":";;;;;;;;;;;;;;;;;;;;;;;;;;;;;;;;;;;;;;;;EAGO,IAAMA,+BAA+B,GAAG,SAAAA,CAAA,EAAM;IACjD,OAAO;MACHC,IAAI,EAAEC,WAAW,CAACC;IACtB,CAAC;EACL,CAAC;EAEM,IAAMC,iCAAiC,GAAI,SAAAA,CAAAC,0BAA0B,EAAK;IAC7E,OAAO;MACHJ,IAAI,EAAEC,WAAW,CAACI,qCAAqC;MACvDD,0BAA0B,EAAEA;IAChC,CAAC;EACL,CAAC;EAEM,IAAME,8BAA8B,GAAI,SAAAA,CAAAC,MAAM,EAAK;IACtDC,OAAO,CAACC,GAAG,CAAC,iCAAiC,EAAEF,MAAM,CAAC;IACtD,OAAO;MACHP,IAAI,EAAEC,WAAW,CAACS,kCAAkC;MACpDC,gCAAgC,EAAEJ;IACtC,CAAC;EACL,CAAC;EAEM,IAAMK,8BAA8B,GAAI,SAAAA,CAAAC,KAAK,EAAK;IACrD,OAAO,UAAAC,QAAQ,EAAI;MACfA,QAAQ,CAACf,+BAA+B,CAAC,CAAC,CAAC;MAC3C,IAAIgB,GAAG,GAAG,2CAA2C;MAErDC,KAAK,CAACC,GAAG,CAACF,GAAG,CAAC,CACTG,IAAI,CAAC,UAAAC,QAAQ,EAAI;QACdL,QAAQ,CAACX,iCAAiC,CAACgB,QAAQ,CAACC,IAAI,CAAC,wBAAwB,CAAC,CAAC,CAAC;MACxF,CAAC,CAAC,CACDC,KAAK,CAAC,UAAAC,GAAG,EAAI;QACVd,OAAO,CAACC,GAAG,CAAC,SAAS,EAACa,GAAG,CAAC;QAC1B,IACIA,GAAG,IACCA,GAAG,CAACH,QAAQ,IACZG,GAAG,CAACH,QAAQ,CAACC,IAAI,IACjBE,GAAG,CAACH,QAAQ,CAACC,IAAI,CAACG,kBAAkB,IACnCC,OAAA,CAAOF,GAAG,CAACH,QAAQ,CAACC,IAAI,CAACG,kBAAkB,MAAK,QAAS,EAChE;UACE,IAAIE,aAAa,GAAGH,GAAG,CAACH,QAAQ,CAACC,IAAI,CAACG,kBAAkB;UACxD,IAAIG,cAAc,GAAG,EAAE;UACvB,IAAIC,YAAY,GAAG,EAAE;UACrBC,MAAM,CAACC,IAAI,CAACJ,aAAa,CAAC,CAACK,OAAO,CAAE,UAAAC,GAAG,EAAK;YACxCN,aAAa,CAACM,GAAG,CAAC,CAACD,OAAO,CAAE,UAAAE,GAAG,EAAK;cAChCN,cAAc,CAACO,IAAI,CAACD,GAAG,CAAC;YAC5B,CAAC,CAAC;UACN,CAAC,CAAC;UACFL,YAAY,GAAAO,kBAAA,CAAO,IAAIC,GAAG,CAACT,cAAc,CAAC,CAAC;UAC3CZ,QAAQ,CAACR,8BAA8B,CAACqB,YAAY,CAAC,CAAC;QAC1D,CAAC,MACI;UACDb,QAAQ,CAACR,8BAA8B,CAAC,OAAO,CAAC,CAAC;QACrD;MACJ,CAAC,CAAC;IACV,CAAC;EAEL,CAAC;AAAA,EAAA8B,IAAA,OAAAC,MAAA"},"sourceType":"module","externalDependencies":{},"hash":"c308b6497aaed48d0d949c1db6e829fa1019b89e"}
