{"metadata":{},"options":{"assumptions":{},"compact":false,"sourceMaps":true,"ast":true,"babelrc":false,"configFile":false,"parserOpts":{"sourceType":"module","sourceFileName":"/home/ani/Mergerware_assignment/Mererware_meteor/Mergerware_loanify/imports/ui/store/actions/loans.js","plugins":["*","flow","jsx","asyncGenerators","bigInt","classPrivateMethods","classPrivateProperties","classProperties","doExpressions","dynamicImport","exportDefaultFrom","exportExtensions","exportNamespaceFrom","functionBind","functionSent","importMeta","nullishCoalescingOperator","numericSeparator","objectRestSpread","optionalCatchBinding","optionalChaining",["pipelineOperator",{"proposal":"minimal"}],"throwExpressions","classProperties","classPrivateProperties","jsx","nullishCoalescingOperator","nullishCoalescingOperator","optionalChaining","optionalChaining","optionalCatchBinding","optionalCatchBinding","classProperties","classPrivateProperties","classPrivateMethods","classProperties","classPrivateProperties","asyncGenerators","asyncGenerators","objectRestSpread","objectRestSpread","logicalAssignment"],"allowImportExportEverywhere":true,"allowReturnOutsideFunction":true,"allowUndeclaredExports":true,"strictMode":false},"caller":{"name":"meteor","arch":"web.browser"},"sourceFileName":"imports/ui/store/actions/loans.js","filename":"/home/ani/Mergerware_assignment/Mererware_meteor/Mergerware_loanify/imports/ui/store/actions/loans.js","inputSourceMap":{"version":3,"names":["actionTypes","axios","setLoansForAccountId","accountId","loans","type","SET_LOANS_FOR_ACCOUNT_ID","fetchLoansFailed","FETCH_LOANS_FAILED","unsetSelectedLoanId","UNSET_SELECTED_LOAN_ID","getLoansForAccountId","dispatch","get","then","response","console","log","data","catch","error","setSelectedLoanId","selectedLoanId","selectedAccountId","SET_SELECTED_LOAN_ID","createLoanStart","CREATE_LOAN_START","createLoanSuccess","message","CREATE_LOAN_SUCCESS","createLoanMessage","createLoanFail","errors","CREATE_LOAN_FAIL","createLoanErrors","createLoan","loan","token","formData","FormData","append","file","url","config","headers","post","err","validationMessages","validationObj","combinedErrors","uniqueErrors","Object","keys","forEach","key","val","push","Set","deleteLoan","loanId","DELETE_LOAN","initDeleteLoan","delete","deleteLoanFailed","DELETE_LOAN_FAILED","editLoanStart","EDIT_LOAN_START","editLoanSuccess","EDIT_LOAN_SUCCESS","editLoanMessage","editLoanFail","EDIT_LOAN_FAIL","editLoanErrors","editLoan","_aggreementAttachment"],"sources":["imports/ui/store/actions/loans.js"],"sourcesContent":["import * as actionTypes from './actionTypes';\nimport axios from 'axios';\n\nexport const setLoansForAccountId = (accountId, loans) => {\n    return {\n        type: actionTypes.SET_LOANS_FOR_ACCOUNT_ID,\n        accountId: accountId,\n        loans: loans\n    };\n}\n\nexport const fetchLoansFailed = () => {\n    return {\n        type: actionTypes.FETCH_LOANS_FAILED\n    };\n}\n\nexport const unsetSelectedLoanId = () => {\n    return {\n        type: actionTypes.UNSET_SELECTED_LOAN_ID\n    };\n};\n\n\nexport const getLoansForAccountId = (accountId) => {\n    return dispatch => {\n        axios.get('http://fina.mv/api/loans-by-accountid/' + accountId)\n            .then(response => {\n                console.log(\"actions getLoansForAccountId\", accountId, response.data);\n                dispatch(setLoansForAccountId(accountId, response.data.loans));\n            })\n            .catch(error => {\n                dispatch(fetchLoansFailed());\n            });\n    };\n};\n\nexport const setSelectedLoanId = (selectedLoanId, selectedAccountId) => {\n    console.log('action>setSelectedLoanId:selectedAccountId', selectedAccountId);\n    return {\n        type: actionTypes.SET_SELECTED_LOAN_ID,\n        selectedLoanId: selectedLoanId,\n        selectedAccountId: selectedAccountId\n    };\n};\n\nexport const createLoanStart = () => {\n    return {\n        type: actionTypes.CREATE_LOAN_START\n\n    };\n};\n\nexport const createLoanSuccess = (message) => {\n    return {\n        type: actionTypes.CREATE_LOAN_SUCCESS,\n        createLoanMessage: message\n    };\n};\n\nexport const createLoanFail = (errors) => {\n    console.log('createLoanFail:', errors);\n    return {\n        type: actionTypes.CREATE_LOAN_FAIL,\n        createLoanErrors: errors\n    };\n};\n\nexport const createLoan = (loan, accountId, token) => {\n    return dispatch => {\n        dispatch(createLoanStart());\n        console.log(loan);\n\n        let formData = new FormData();\n\n        formData.append('account_id', accountId);\n        formData.append('loan_duration_days', loan['loan_duration_days']);\n        formData.append('date_loan_start', loan['date_loan_start']);\n        formData.append('due_date_loan_completion', loan['due_date_loan_completion']);\n        // formData.append('due_date_loan_completion_extended', loan['due_date_loan_completion_extended'])\n        //formData.append('due_date_next_payment', loan['due_date_next_payment'])\n        formData.append('loan_amount', loan['loan_amount']);\n        formData.append('balance_due', loan['balance_due']);\n        formData.append('currency', loan['currency']);\n        //formData.append('interest_rate_percent', loan['interest_rate_percent']);\n        formData.append('interest_rate_percent', 0);\n        //formData.append('interest_rate_value', loan['interest_rate_value']);\n        formData.append('interest_rate_value', 0);\n        //formData.append('loan_paid', loan['loan_paid'])\n        //formData.append('payment_per_interval', loan['payment_per_interval'])\n        formData.append('payment_interval_type', loan['payment_interval_type']);\n        if (loan['payment_interval_type'] == 0) {\n            formData.append('payment_interval_days', loan['payment_interval_days']);\n        }\n\n        formData.append('agreement_no', loan['agreement_no']);\n\n        console.log(\"aggreement_attachment\", loan['agreement_attachment']);\n\n        formData.append('payment_interval_days', loan['payment_interval_days']);\n        formData.append('agreement_attachment', loan['agreement_attachment'].file);\n        formData.append('guardian_name', loan['guardian_name']);\n        formData.append('guardian_phone_no', loan['guardian_phone_no']);\n        formData.append('guardian_address', loan['guardian_address']);\n        formData.append('guardian_id_card', loan['guardian_id_card']);\n\n        let url = 'http://fina.mv/api/loans/store';\n\n        console.log(\"[actions/loans.js>createLoan.url]:\", url);\n\n        let config = {\n            headers: {\n                'Content-Type': 'multipart/form-data'\n            }\n        };\n\n        axios.post(url, formData, config)\n            .then(response => {\n                dispatch(createLoanSuccess(response.data[\"status\"]));\n            })\n            .catch(err => {\n\n                console.log(\"[actions/loans.js>createLoan.err]:\", err);\n                if (\n                    err &&\n                    err.response &&\n                    err.response.data &&\n                    err.response.data.validationMessages &&\n                    (typeof err.response.data.validationMessages === 'object')\n                ) {\n                    let validationObj = err.response.data.validationMessages;\n                    let combinedErrors = [];\n                    let uniqueErrors = [];\n                    Object.keys(validationObj).forEach((key) => {\n                        validationObj[key].forEach((val) => {\n                            combinedErrors.push(val);\n                        });\n                    });\n                    uniqueErrors = [...new Set(combinedErrors)];\n                    dispatch(createLoanFail(uniqueErrors));\n                }\n                else {\n                    dispatch(createLoanFail(\"error\"));\n                }\n            });\n    };\n};\n\n\nexport const deleteLoan = (loanId,accountId) => {\n    return {\n        type: actionTypes.DELETE_LOAN,\n        loanId: loanId,\n        accountId: accountId\n    };\n};\n\nexport const initDeleteLoan = (loanId, accountId) => {\n    return dispatch => {\n        axios.delete('http://fina.mv/api/loans/' + loanId)\n            .then(response => {\n                console.log('[initDeleteLoan Success]',loanId,accountId);\n                dispatch(deleteLoan(loanId, accountId));\n            })\n            .catch(error => {\n                dispatch(deleteLoanFailed());\n            });\n    };\n};\n\nexport const deleteLoanFailed = () => {\n    return {\n        type: actionTypes.DELETE_LOAN_FAILED\n    };\n};\n\n\n\nexport const editLoanStart = () => {\n    return {\n        type: actionTypes.EDIT_LOAN_START\n    };\n};\n\nexport const editLoanSuccess = (message) => {\n    return {\n        type: actionTypes.EDIT_LOAN_SUCCESS,\n        editLoanMessage: message\n    };\n};\n\nexport const editLoanFail = (errors) => {\n    console.log('editLoanFail:', errors);\n    return {\n        type: actionTypes.EDIT_LOAN_FAIL,\n        editLoanErrors: errors\n    };\n};\n\nexport const editLoan = (loan, accountId, loanId, token) => {\n    console.log(\"sdsdsd\")\n    return dispatch => {\n        dispatch(editLoanStart());\n        console.log(\"mua\", loan);\n\n        let formData = new FormData();\n\n        let _aggreementAttachment = (loan['agreement_attachment']) ? loan['agreement_attachment'].file : '';\n        formData.append('loan_id', loanId);\n        formData.append('account_id', accountId);\n        formData.append('loan_duration_days', loan['loan_duration_days']);\n        formData.append('date_loan_start', loan['date_loan_start']);\n        formData.append('due_date_loan_completion', loan['due_date_loan_completion']);\n        formData.append('due_date_loan_completion_extended', loan['due_date_loan_completion_extended'])\n        //formData.append('due_date_next_payment', loan['due_date_next_payment'])\n        formData.append('loan_amount', loan['loan_amount']);\n        formData.append('balance_due', loan['balance_due']);\n        formData.append('currency', loan['currency']);\n        //formData.append('interest_rate_percent', loan['interest_rate_percent']);\n        //formData.append('interest_rate_value', loan['interest_rate_value']);\n        formData.append('interest_rate_percent', 0);\n        formData.append('interest_rate_value', 0);\n        formData.append('loan_paid', loan['loan_paid'])\n        //formData.append('payment_per_interval', loan['payment_per_interval'])\n        formData.append('payment_interval_type', loan['payment_interval_type']);\n        if (loan['payment_interval_type'] == 0) {\n            formData.append('payment_interval_days', loan['payment_interval_days']);\n        }\n        formData.append('payment_interval_days', loan['payment_interval_days']);\n        formData.append('agreement_no', loan['agreement_no']);\n        formData.append('aggreement_attachment', _aggreementAttachment);\n        formData.append('guardian_name', loan['guardian_name']);\n        formData.append('guardian_phone_no', loan['guardian_phone_no']);\n        formData.append('guardian_address', loan['guardian_address']);\n        formData.append('guardian_id_card', loan['guardian_id_card']);\n\n        console.log(\"setting url\")\n        let url = 'http://fina.mv/api/loans/update/' + loanId;\n\n        console.log(\"[actions/loans.js>editLoan.url]:\", url);\n\n        let config = {\n            headers: {\n                'Content-Type': 'multipart/form-data'\n            }\n        };\n\n        axios.post(url, formData, config)\n            .then(response => {\n                dispatch(editLoanSuccess(response.data[\"status\"]));\n            })\n            .catch(err => {\n\n                console.log(\"[actions/loans.js>editLoan.err]:\", err);\n                if (\n                    err &&\n                    err.response &&\n                    err.response.data &&\n                    err.response.data.validationMessages &&\n                    (typeof err.response.data.validationMessages === 'object')\n                ) {\n                    let validationObj = err.response.data.validationMessages;\n                    let combinedErrors = [];\n                    let uniqueErrors = [];\n                    Object.keys(validationObj).forEach((key) => {\n                        validationObj[key].forEach((val) => {\n                            combinedErrors.push(val);\n                        });\n                    });\n                    uniqueErrors = [...new Set(combinedErrors)];\n                    dispatch(editLoanFail(uniqueErrors));\n                }\n                else {\n                    dispatch(editLoanFail(\"error\"));\n                }\n            });\n    };\n};\n\n"],"mappings":";AAAA,OAAO,KAAKA,WAAW,MAAM,eAAe;AAC5C,OAAOC,KAAK,MAAM,OAAO;AAEzB,OAAO,MAAMC,oBAAoB,GAAGA,CAACC,SAAS,EAAEC,KAAK,KAAK;EACtD,OAAO;IACHC,IAAI,EAAEL,WAAW,CAACM,wBAAwB;IAC1CH,SAAS,EAAEA,SAAS;IACpBC,KAAK,EAAEA;EACX,CAAC;AACL,CAAC;AAED,OAAO,MAAMG,gBAAgB,GAAGA,CAAA,KAAM;EAClC,OAAO;IACHF,IAAI,EAAEL,WAAW,CAACQ;EACtB,CAAC;AACL,CAAC;AAED,OAAO,MAAMC,mBAAmB,GAAGA,CAAA,KAAM;EACrC,OAAO;IACHJ,IAAI,EAAEL,WAAW,CAACU;EACtB,CAAC;AACL,CAAC;AAGD,OAAO,MAAMC,oBAAoB,GAAIR,SAAS,IAAK;EAC/C,OAAOS,QAAQ,IAAI;IACfX,KAAK,CAACY,GAAG,CAAC,wCAAwC,GAAGV,SAAS,CAAC,CAC1DW,IAAI,CAACC,QAAQ,IAAI;MACdC,OAAO,CAACC,GAAG,CAAC,8BAA8B,EAAEd,SAAS,EAAEY,QAAQ,CAACG,IAAI,CAAC;MACrEN,QAAQ,CAACV,oBAAoB,CAACC,SAAS,EAAEY,QAAQ,CAACG,IAAI,CAACd,KAAK,CAAC,CAAC;IAClE,CAAC,CAAC,CACDe,KAAK,CAACC,KAAK,IAAI;MACZR,QAAQ,CAACL,gBAAgB,CAAC,CAAC,CAAC;IAChC,CAAC,CAAC;EACV,CAAC;AACL,CAAC;AAED,OAAO,MAAMc,iBAAiB,GAAGA,CAACC,cAAc,EAAEC,iBAAiB,KAAK;EACpEP,OAAO,CAACC,GAAG,CAAC,4CAA4C,EAAEM,iBAAiB,CAAC;EAC5E,OAAO;IACHlB,IAAI,EAAEL,WAAW,CAACwB,oBAAoB;IACtCF,cAAc,EAAEA,cAAc;IAC9BC,iBAAiB,EAAEA;EACvB,CAAC;AACL,CAAC;AAED,OAAO,MAAME,eAAe,GAAGA,CAAA,KAAM;EACjC,OAAO;IACHpB,IAAI,EAAEL,WAAW,CAAC0B;EAEtB,CAAC;AACL,CAAC;AAED,OAAO,MAAMC,iBAAiB,GAAIC,OAAO,IAAK;EAC1C,OAAO;IACHvB,IAAI,EAAEL,WAAW,CAAC6B,mBAAmB;IACrCC,iBAAiB,EAAEF;EACvB,CAAC;AACL,CAAC;AAED,OAAO,MAAMG,cAAc,GAAIC,MAAM,IAAK;EACtChB,OAAO,CAACC,GAAG,CAAC,iBAAiB,EAAEe,MAAM,CAAC;EACtC,OAAO;IACH3B,IAAI,EAAEL,WAAW,CAACiC,gBAAgB;IAClCC,gBAAgB,EAAEF;EACtB,CAAC;AACL,CAAC;AAED,OAAO,MAAMG,UAAU,GAAGA,CAACC,IAAI,EAAEjC,SAAS,EAAEkC,KAAK,KAAK;EAClD,OAAOzB,QAAQ,IAAI;IACfA,QAAQ,CAACa,eAAe,CAAC,CAAC,CAAC;IAC3BT,OAAO,CAACC,GAAG,CAACmB,IAAI,CAAC;IAEjB,IAAIE,QAAQ,GAAG,IAAIC,QAAQ,CAAC,CAAC;IAE7BD,QAAQ,CAACE,MAAM,CAAC,YAAY,EAAErC,SAAS,CAAC;IACxCmC,QAAQ,CAACE,MAAM,CAAC,oBAAoB,EAAEJ,IAAI,CAAC,oBAAoB,CAAC,CAAC;IACjEE,QAAQ,CAACE,MAAM,CAAC,iBAAiB,EAAEJ,IAAI,CAAC,iBAAiB,CAAC,CAAC;IAC3DE,QAAQ,CAACE,MAAM,CAAC,0BAA0B,EAAEJ,IAAI,CAAC,0BAA0B,CAAC,CAAC;IAC7E;IACA;IACAE,QAAQ,CAACE,MAAM,CAAC,aAAa,EAAEJ,IAAI,CAAC,aAAa,CAAC,CAAC;IACnDE,QAAQ,CAACE,MAAM,CAAC,aAAa,EAAEJ,IAAI,CAAC,aAAa,CAAC,CAAC;IACnDE,QAAQ,CAACE,MAAM,CAAC,UAAU,EAAEJ,IAAI,CAAC,UAAU,CAAC,CAAC;IAC7C;IACAE,QAAQ,CAACE,MAAM,CAAC,uBAAuB,EAAE,CAAC,CAAC;IAC3C;IACAF,QAAQ,CAACE,MAAM,CAAC,qBAAqB,EAAE,CAAC,CAAC;IACzC;IACA;IACAF,QAAQ,CAACE,MAAM,CAAC,uBAAuB,EAAEJ,IAAI,CAAC,uBAAuB,CAAC,CAAC;IACvE,IAAIA,IAAI,CAAC,uBAAuB,CAAC,IAAI,CAAC,EAAE;MACpCE,QAAQ,CAACE,MAAM,CAAC,uBAAuB,EAAEJ,IAAI,CAAC,uBAAuB,CAAC,CAAC;IAC3E;IAEAE,QAAQ,CAACE,MAAM,CAAC,cAAc,EAAEJ,IAAI,CAAC,cAAc,CAAC,CAAC;IAErDpB,OAAO,CAACC,GAAG,CAAC,uBAAuB,EAAEmB,IAAI,CAAC,sBAAsB,CAAC,CAAC;IAElEE,QAAQ,CAACE,MAAM,CAAC,uBAAuB,EAAEJ,IAAI,CAAC,uBAAuB,CAAC,CAAC;IACvEE,QAAQ,CAACE,MAAM,CAAC,sBAAsB,EAAEJ,IAAI,CAAC,sBAAsB,CAAC,CAACK,IAAI,CAAC;IAC1EH,QAAQ,CAACE,MAAM,CAAC,eAAe,EAAEJ,IAAI,CAAC,eAAe,CAAC,CAAC;IACvDE,QAAQ,CAACE,MAAM,CAAC,mBAAmB,EAAEJ,IAAI,CAAC,mBAAmB,CAAC,CAAC;IAC/DE,QAAQ,CAACE,MAAM,CAAC,kBAAkB,EAAEJ,IAAI,CAAC,kBAAkB,CAAC,CAAC;IAC7DE,QAAQ,CAACE,MAAM,CAAC,kBAAkB,EAAEJ,IAAI,CAAC,kBAAkB,CAAC,CAAC;IAE7D,IAAIM,GAAG,GAAG,gCAAgC;IAE1C1B,OAAO,CAACC,GAAG,CAAC,oCAAoC,EAAEyB,GAAG,CAAC;IAEtD,IAAIC,MAAM,GAAG;MACTC,OAAO,EAAE;QACL,cAAc,EAAE;MACpB;IACJ,CAAC;IAED3C,KAAK,CAAC4C,IAAI,CAACH,GAAG,EAAEJ,QAAQ,EAAEK,MAAM,CAAC,CAC5B7B,IAAI,CAACC,QAAQ,IAAI;MACdH,QAAQ,CAACe,iBAAiB,CAACZ,QAAQ,CAACG,IAAI,CAAC,QAAQ,CAAC,CAAC,CAAC;IACxD,CAAC,CAAC,CACDC,KAAK,CAAC2B,GAAG,IAAI;MAEV9B,OAAO,CAACC,GAAG,CAAC,oCAAoC,EAAE6B,GAAG,CAAC;MACtD,IACIA,GAAG,IACHA,GAAG,CAAC/B,QAAQ,IACZ+B,GAAG,CAAC/B,QAAQ,CAACG,IAAI,IACjB4B,GAAG,CAAC/B,QAAQ,CAACG,IAAI,CAAC6B,kBAAkB,IACnC,OAAOD,GAAG,CAAC/B,QAAQ,CAACG,IAAI,CAAC6B,kBAAkB,KAAK,QAAS,EAC5D;QACE,IAAIC,aAAa,GAAGF,GAAG,CAAC/B,QAAQ,CAACG,IAAI,CAAC6B,kBAAkB;QACxD,IAAIE,cAAc,GAAG,EAAE;QACvB,IAAIC,YAAY,GAAG,EAAE;QACrBC,MAAM,CAACC,IAAI,CAACJ,aAAa,CAAC,CAACK,OAAO,CAAEC,GAAG,IAAK;UACxCN,aAAa,CAACM,GAAG,CAAC,CAACD,OAAO,CAAEE,GAAG,IAAK;YAChCN,cAAc,CAACO,IAAI,CAACD,GAAG,CAAC;UAC5B,CAAC,CAAC;QACN,CAAC,CAAC;QACFL,YAAY,GAAG,CAAC,GAAG,IAAIO,GAAG,CAACR,cAAc,CAAC,CAAC;QAC3CrC,QAAQ,CAACmB,cAAc,CAACmB,YAAY,CAAC,CAAC;MAC1C,CAAC,MACI;QACDtC,QAAQ,CAACmB,cAAc,CAAC,OAAO,CAAC,CAAC;MACrC;IACJ,CAAC,CAAC;EACV,CAAC;AACL,CAAC;AAGD,OAAO,MAAM2B,UAAU,GAAGA,CAACC,MAAM,EAACxD,SAAS,KAAK;EAC5C,OAAO;IACHE,IAAI,EAAEL,WAAW,CAAC4D,WAAW;IAC7BD,MAAM,EAAEA,MAAM;IACdxD,SAAS,EAAEA;EACf,CAAC;AACL,CAAC;AAED,OAAO,MAAM0D,cAAc,GAAGA,CAACF,MAAM,EAAExD,SAAS,KAAK;EACjD,OAAOS,QAAQ,IAAI;IACfX,KAAK,CAAC6D,MAAM,CAAC,2BAA2B,GAAGH,MAAM,CAAC,CAC7C7C,IAAI,CAACC,QAAQ,IAAI;MACdC,OAAO,CAACC,GAAG,CAAC,0BAA0B,EAAC0C,MAAM,EAACxD,SAAS,CAAC;MACxDS,QAAQ,CAAC8C,UAAU,CAACC,MAAM,EAAExD,SAAS,CAAC,CAAC;IAC3C,CAAC,CAAC,CACDgB,KAAK,CAACC,KAAK,IAAI;MACZR,QAAQ,CAACmD,gBAAgB,CAAC,CAAC,CAAC;IAChC,CAAC,CAAC;EACV,CAAC;AACL,CAAC;AAED,OAAO,MAAMA,gBAAgB,GAAGA,CAAA,KAAM;EAClC,OAAO;IACH1D,IAAI,EAAEL,WAAW,CAACgE;EACtB,CAAC;AACL,CAAC;AAID,OAAO,MAAMC,aAAa,GAAGA,CAAA,KAAM;EAC/B,OAAO;IACH5D,IAAI,EAAEL,WAAW,CAACkE;EACtB,CAAC;AACL,CAAC;AAED,OAAO,MAAMC,eAAe,GAAIvC,OAAO,IAAK;EACxC,OAAO;IACHvB,IAAI,EAAEL,WAAW,CAACoE,iBAAiB;IACnCC,eAAe,EAAEzC;EACrB,CAAC;AACL,CAAC;AAED,OAAO,MAAM0C,YAAY,GAAItC,MAAM,IAAK;EACpChB,OAAO,CAACC,GAAG,CAAC,eAAe,EAAEe,MAAM,CAAC;EACpC,OAAO;IACH3B,IAAI,EAAEL,WAAW,CAACuE,cAAc;IAChCC,cAAc,EAAExC;EACpB,CAAC;AACL,CAAC;AAED,OAAO,MAAMyC,QAAQ,GAAGA,CAACrC,IAAI,EAAEjC,SAAS,EAAEwD,MAAM,EAAEtB,KAAK,KAAK;EACxDrB,OAAO,CAACC,GAAG,CAAC,QAAQ,CAAC;EACrB,OAAOL,QAAQ,IAAI;IACfA,QAAQ,CAACqD,aAAa,CAAC,CAAC,CAAC;IACzBjD,OAAO,CAACC,GAAG,CAAC,KAAK,EAAEmB,IAAI,CAAC;IAExB,IAAIE,QAAQ,GAAG,IAAIC,QAAQ,CAAC,CAAC;IAE7B,IAAImC,qBAAqB,GAAItC,IAAI,CAAC,sBAAsB,CAAC,GAAIA,IAAI,CAAC,sBAAsB,CAAC,CAACK,IAAI,GAAG,EAAE;IACnGH,QAAQ,CAACE,MAAM,CAAC,SAAS,EAAEmB,MAAM,CAAC;IAClCrB,QAAQ,CAACE,MAAM,CAAC,YAAY,EAAErC,SAAS,CAAC;IACxCmC,QAAQ,CAACE,MAAM,CAAC,oBAAoB,EAAEJ,IAAI,CAAC,oBAAoB,CAAC,CAAC;IACjEE,QAAQ,CAACE,MAAM,CAAC,iBAAiB,EAAEJ,IAAI,CAAC,iBAAiB,CAAC,CAAC;IAC3DE,QAAQ,CAACE,MAAM,CAAC,0BAA0B,EAAEJ,IAAI,CAAC,0BAA0B,CAAC,CAAC;IAC7EE,QAAQ,CAACE,MAAM,CAAC,mCAAmC,EAAEJ,IAAI,CAAC,mCAAmC,CAAC,CAAC;IAC/F;IACAE,QAAQ,CAACE,MAAM,CAAC,aAAa,EAAEJ,IAAI,CAAC,aAAa,CAAC,CAAC;IACnDE,QAAQ,CAACE,MAAM,CAAC,aAAa,EAAEJ,IAAI,CAAC,aAAa,CAAC,CAAC;IACnDE,QAAQ,CAACE,MAAM,CAAC,UAAU,EAAEJ,IAAI,CAAC,UAAU,CAAC,CAAC;IAC7C;IACA;IACAE,QAAQ,CAACE,MAAM,CAAC,uBAAuB,EAAE,CAAC,CAAC;IAC3CF,QAAQ,CAACE,MAAM,CAAC,qBAAqB,EAAE,CAAC,CAAC;IACzCF,QAAQ,CAACE,MAAM,CAAC,WAAW,EAAEJ,IAAI,CAAC,WAAW,CAAC,CAAC;IAC/C;IACAE,QAAQ,CAACE,MAAM,CAAC,uBAAuB,EAAEJ,IAAI,CAAC,uBAAuB,CAAC,CAAC;IACvE,IAAIA,IAAI,CAAC,uBAAuB,CAAC,IAAI,CAAC,EAAE;MACpCE,QAAQ,CAACE,MAAM,CAAC,uBAAuB,EAAEJ,IAAI,CAAC,uBAAuB,CAAC,CAAC;IAC3E;IACAE,QAAQ,CAACE,MAAM,CAAC,uBAAuB,EAAEJ,IAAI,CAAC,uBAAuB,CAAC,CAAC;IACvEE,QAAQ,CAACE,MAAM,CAAC,cAAc,EAAEJ,IAAI,CAAC,cAAc,CAAC,CAAC;IACrDE,QAAQ,CAACE,MAAM,CAAC,uBAAuB,EAAEkC,qBAAqB,CAAC;IAC/DpC,QAAQ,CAACE,MAAM,CAAC,eAAe,EAAEJ,IAAI,CAAC,eAAe,CAAC,CAAC;IACvDE,QAAQ,CAACE,MAAM,CAAC,mBAAmB,EAAEJ,IAAI,CAAC,mBAAmB,CAAC,CAAC;IAC/DE,QAAQ,CAACE,MAAM,CAAC,kBAAkB,EAAEJ,IAAI,CAAC,kBAAkB,CAAC,CAAC;IAC7DE,QAAQ,CAACE,MAAM,CAAC,kBAAkB,EAAEJ,IAAI,CAAC,kBAAkB,CAAC,CAAC;IAE7DpB,OAAO,CAACC,GAAG,CAAC,aAAa,CAAC;IAC1B,IAAIyB,GAAG,GAAG,kCAAkC,GAAGiB,MAAM;IAErD3C,OAAO,CAACC,GAAG,CAAC,kCAAkC,EAAEyB,GAAG,CAAC;IAEpD,IAAIC,MAAM,GAAG;MACTC,OAAO,EAAE;QACL,cAAc,EAAE;MACpB;IACJ,CAAC;IAED3C,KAAK,CAAC4C,IAAI,CAACH,GAAG,EAAEJ,QAAQ,EAAEK,MAAM,CAAC,CAC5B7B,IAAI,CAACC,QAAQ,IAAI;MACdH,QAAQ,CAACuD,eAAe,CAACpD,QAAQ,CAACG,IAAI,CAAC,QAAQ,CAAC,CAAC,CAAC;IACtD,CAAC,CAAC,CACDC,KAAK,CAAC2B,GAAG,IAAI;MAEV9B,OAAO,CAACC,GAAG,CAAC,kCAAkC,EAAE6B,GAAG,CAAC;MACpD,IACIA,GAAG,IACHA,GAAG,CAAC/B,QAAQ,IACZ+B,GAAG,CAAC/B,QAAQ,CAACG,IAAI,IACjB4B,GAAG,CAAC/B,QAAQ,CAACG,IAAI,CAAC6B,kBAAkB,IACnC,OAAOD,GAAG,CAAC/B,QAAQ,CAACG,IAAI,CAAC6B,kBAAkB,KAAK,QAAS,EAC5D;QACE,IAAIC,aAAa,GAAGF,GAAG,CAAC/B,QAAQ,CAACG,IAAI,CAAC6B,kBAAkB;QACxD,IAAIE,cAAc,GAAG,EAAE;QACvB,IAAIC,YAAY,GAAG,EAAE;QACrBC,MAAM,CAACC,IAAI,CAACJ,aAAa,CAAC,CAACK,OAAO,CAAEC,GAAG,IAAK;UACxCN,aAAa,CAACM,GAAG,CAAC,CAACD,OAAO,CAAEE,GAAG,IAAK;YAChCN,cAAc,CAACO,IAAI,CAACD,GAAG,CAAC;UAC5B,CAAC,CAAC;QACN,CAAC,CAAC;QACFL,YAAY,GAAG,CAAC,GAAG,IAAIO,GAAG,CAACR,cAAc,CAAC,CAAC;QAC3CrC,QAAQ,CAAC0D,YAAY,CAACpB,YAAY,CAAC,CAAC;MACxC,CAAC,MACI;QACDtC,QAAQ,CAAC0D,YAAY,CAAC,OAAO,CAAC,CAAC;MACnC;IACJ,CAAC,CAAC;EACV,CAAC;AACL,CAAC"},"targets":{},"cloneInputAst":true,"browserslistConfigFile":false,"passPerPreset":false,"envName":"development","cwd":"/home/ani/Mergerware_assignment/Mererware_meteor/Mergerware_loanify","root":"/home/ani/Mergerware_assignment/Mererware_meteor/Mergerware_loanify","rootMode":"root","plugins":[{"key":"base$0","visitor":{"_exploded":true,"_verified":true},"options":{},"externalDependencies":[]},{"key":"base$0$0","visitor":{"Program":{"enter":[null],"exit":[null]},"_exploded":true,"_verified":true},"options":{"avoidModernSyntax":false,"enforceStrictMode":false,"dynamicImport":true,"generateLetDeclarations":true},"externalDependencies":[]},{"key":"transform-runtime","visitor":{"MemberExpression":{"enter":[null]},"ObjectPattern":{"enter":[null]},"BinaryExpression":{"enter":[null]},"Identifier":{"enter":[null]},"JSXIdentifier":{"enter":[null]},"_exploded":true,"_verified":true},"options":{"version":"7.17.2","helpers":true,"useESModules":false,"corejs":false},"externalDependencies":[]},{"key":"proposal-class-properties","visitor":{"ExportDefaultDeclaration":{"enter":[null]},"_exploded":true,"_verified":true,"ClassExpression":{"enter":[null]},"ClassDeclaration":{"enter":[null]}},"options":{"loose":true},"externalDependencies":[]},{"key":"transform-react-jsx","visitor":{"JSXNamespacedName":{"enter":[null]},"JSXSpreadChild":{"enter":[null]},"Program":{"enter":[null]},"JSXFragment":{"exit":[null]},"JSXElement":{"exit":[null]},"JSXAttribute":{"enter":[null]},"_exploded":true,"_verified":true},"options":{"pragma":"React.createElement","pragmaFrag":"React.Fragment","runtime":"classic","throwIfNamespace":true,"useBuiltIns":false},"externalDependencies":[]},{"key":"transform-react-display-name","visitor":{"ExportDefaultDeclaration":{"enter":[null]},"CallExpression":{"enter":[null]},"_exploded":true,"_verified":true},"options":{},"externalDependencies":[]},{"key":"transform-react-pure-annotations","visitor":{"CallExpression":{"enter":[null]},"_exploded":true,"_verified":true},"options":{},"externalDependencies":[]},{"key":"syntax-nullish-coalescing-operator","visitor":{"_exploded":true,"_verified":true},"options":{},"externalDependencies":[]},{"key":"proposal-nullish-coalescing-operator","visitor":{"LogicalExpression":{"enter":[null]},"_exploded":true,"_verified":true},"options":{},"externalDependencies":[]},{"key":"syntax-optional-chaining","visitor":{"_exploded":true,"_verified":true},"options":{},"externalDependencies":[]},{"key":"proposal-optional-chaining","visitor":{"OptionalCallExpression":{"enter":[null]},"OptionalMemberExpression":{"enter":[null]},"_exploded":true,"_verified":true},"options":{},"externalDependencies":[]},{"key":"syntax-optional-catch-binding","visitor":{"_exploded":true,"_verified":true},"options":{},"externalDependencies":[]},{"key":"proposal-optional-catch-binding","visitor":{"CatchClause":{"enter":[null]},"_exploded":true,"_verified":true},"options":{},"externalDependencies":[]},{"key":"syntax-class-properties","visitor":{"_exploded":true,"_verified":true},"options":{},"externalDependencies":[]},{"key":"proposal-class-properties","visitor":{"ExportDefaultDeclaration":{"enter":[null]},"_exploded":true,"_verified":true,"ClassExpression":{"enter":[null]},"ClassDeclaration":{"enter":[null]}},"options":{},"externalDependencies":[]},{"key":"syntax-async-generators","visitor":{"_exploded":true,"_verified":true},"options":{},"externalDependencies":[]},{"key":"proposal-async-generator-functions","visitor":{"Program":{"enter":[null]},"_exploded":true,"_verified":true},"options":{},"externalDependencies":[]},{"key":"syntax-object-rest-spread","visitor":{"_exploded":true,"_verified":true},"options":{},"externalDependencies":[]},{"key":"proposal-object-rest-spread","visitor":{"VariableDeclarator":{"enter":[null]},"ExportNamedDeclaration":{"enter":[null]},"CatchClause":{"enter":[null]},"AssignmentExpression":{"enter":[null]},"ArrayPattern":{"enter":[null]},"ObjectExpression":{"enter":[null]},"FunctionDeclaration":{"enter":[null]},"FunctionExpression":{"enter":[null]},"ObjectMethod":{"enter":[null]},"ArrowFunctionExpression":{"enter":[null]},"ClassMethod":{"enter":[null]},"ClassPrivateMethod":{"enter":[null]},"ForInStatement":{"enter":[null]},"ForOfStatement":{"enter":[null]},"_exploded":true,"_verified":true},"options":{},"externalDependencies":[]},{"key":"proposal-logical-assignment-operators","visitor":{"AssignmentExpression":{"enter":[null]},"_exploded":true,"_verified":true},"options":{},"externalDependencies":[]},{"key":"transform-literals","visitor":{"NumericLiteral":{"enter":[null]},"StringLiteral":{"enter":[null]},"_exploded":true,"_verified":true},"options":{},"externalDependencies":[]},{"key":"transform-template-literals","visitor":{"TaggedTemplateExpression":{"enter":[null]},"TemplateLiteral":{"enter":[null]},"_exploded":true,"_verified":true},"options":{},"externalDependencies":[]},{"key":"transform-parameters","visitor":{"_exploded":true,"_verified":true,"FunctionDeclaration":{"enter":[null]},"FunctionExpression":{"enter":[null]},"ObjectMethod":{"enter":[null]},"ArrowFunctionExpression":{"enter":[null]},"ClassMethod":{"enter":[null]},"ClassPrivateMethod":{"enter":[null]}},"options":{},"externalDependencies":[]},{"key":"transform-exponentiation-operator","visitor":{"AssignmentExpression":{"enter":[null]},"BinaryExpression":{"enter":[null]},"_exploded":true,"_verified":true},"options":{},"externalDependencies":[]}],"presets":[],"generatorOpts":{"filename":"/home/ani/Mergerware_assignment/Mererware_meteor/Mergerware_loanify/imports/ui/store/actions/loans.js","comments":true,"compact":false,"sourceMaps":true,"sourceFileName":"imports/ui/store/actions/loans.js","inputSourceMap":{"version":3,"names":["actionTypes","axios","setLoansForAccountId","accountId","loans","type","SET_LOANS_FOR_ACCOUNT_ID","fetchLoansFailed","FETCH_LOANS_FAILED","unsetSelectedLoanId","UNSET_SELECTED_LOAN_ID","getLoansForAccountId","dispatch","get","then","response","console","log","data","catch","error","setSelectedLoanId","selectedLoanId","selectedAccountId","SET_SELECTED_LOAN_ID","createLoanStart","CREATE_LOAN_START","createLoanSuccess","message","CREATE_LOAN_SUCCESS","createLoanMessage","createLoanFail","errors","CREATE_LOAN_FAIL","createLoanErrors","createLoan","loan","token","formData","FormData","append","file","url","config","headers","post","err","validationMessages","validationObj","combinedErrors","uniqueErrors","Object","keys","forEach","key","val","push","Set","deleteLoan","loanId","DELETE_LOAN","initDeleteLoan","delete","deleteLoanFailed","DELETE_LOAN_FAILED","editLoanStart","EDIT_LOAN_START","editLoanSuccess","EDIT_LOAN_SUCCESS","editLoanMessage","editLoanFail","EDIT_LOAN_FAIL","editLoanErrors","editLoan","_aggreementAttachment"],"sources":["imports/ui/store/actions/loans.js"],"sourcesContent":["import * as actionTypes from './actionTypes';\nimport axios from 'axios';\n\nexport const setLoansForAccountId = (accountId, loans) => {\n    return {\n        type: actionTypes.SET_LOANS_FOR_ACCOUNT_ID,\n        accountId: accountId,\n        loans: loans\n    };\n}\n\nexport const fetchLoansFailed = () => {\n    return {\n        type: actionTypes.FETCH_LOANS_FAILED\n    };\n}\n\nexport const unsetSelectedLoanId = () => {\n    return {\n        type: actionTypes.UNSET_SELECTED_LOAN_ID\n    };\n};\n\n\nexport const getLoansForAccountId = (accountId) => {\n    return dispatch => {\n        axios.get('http://fina.mv/api/loans-by-accountid/' + accountId)\n            .then(response => {\n                console.log(\"actions getLoansForAccountId\", accountId, response.data);\n                dispatch(setLoansForAccountId(accountId, response.data.loans));\n            })\n            .catch(error => {\n                dispatch(fetchLoansFailed());\n            });\n    };\n};\n\nexport const setSelectedLoanId = (selectedLoanId, selectedAccountId) => {\n    console.log('action>setSelectedLoanId:selectedAccountId', selectedAccountId);\n    return {\n        type: actionTypes.SET_SELECTED_LOAN_ID,\n        selectedLoanId: selectedLoanId,\n        selectedAccountId: selectedAccountId\n    };\n};\n\nexport const createLoanStart = () => {\n    return {\n        type: actionTypes.CREATE_LOAN_START\n\n    };\n};\n\nexport const createLoanSuccess = (message) => {\n    return {\n        type: actionTypes.CREATE_LOAN_SUCCESS,\n        createLoanMessage: message\n    };\n};\n\nexport const createLoanFail = (errors) => {\n    console.log('createLoanFail:', errors);\n    return {\n        type: actionTypes.CREATE_LOAN_FAIL,\n        createLoanErrors: errors\n    };\n};\n\nexport const createLoan = (loan, accountId, token) => {\n    return dispatch => {\n        dispatch(createLoanStart());\n        console.log(loan);\n\n        let formData = new FormData();\n\n        formData.append('account_id', accountId);\n        formData.append('loan_duration_days', loan['loan_duration_days']);\n        formData.append('date_loan_start', loan['date_loan_start']);\n        formData.append('due_date_loan_completion', loan['due_date_loan_completion']);\n        // formData.append('due_date_loan_completion_extended', loan['due_date_loan_completion_extended'])\n        //formData.append('due_date_next_payment', loan['due_date_next_payment'])\n        formData.append('loan_amount', loan['loan_amount']);\n        formData.append('balance_due', loan['balance_due']);\n        formData.append('currency', loan['currency']);\n        //formData.append('interest_rate_percent', loan['interest_rate_percent']);\n        formData.append('interest_rate_percent', 0);\n        //formData.append('interest_rate_value', loan['interest_rate_value']);\n        formData.append('interest_rate_value', 0);\n        //formData.append('loan_paid', loan['loan_paid'])\n        //formData.append('payment_per_interval', loan['payment_per_interval'])\n        formData.append('payment_interval_type', loan['payment_interval_type']);\n        if (loan['payment_interval_type'] == 0) {\n            formData.append('payment_interval_days', loan['payment_interval_days']);\n        }\n\n        formData.append('agreement_no', loan['agreement_no']);\n\n        console.log(\"aggreement_attachment\", loan['agreement_attachment']);\n\n        formData.append('payment_interval_days', loan['payment_interval_days']);\n        formData.append('agreement_attachment', loan['agreement_attachment'].file);\n        formData.append('guardian_name', loan['guardian_name']);\n        formData.append('guardian_phone_no', loan['guardian_phone_no']);\n        formData.append('guardian_address', loan['guardian_address']);\n        formData.append('guardian_id_card', loan['guardian_id_card']);\n\n        let url = 'http://fina.mv/api/loans/store';\n\n        console.log(\"[actions/loans.js>createLoan.url]:\", url);\n\n        let config = {\n            headers: {\n                'Content-Type': 'multipart/form-data'\n            }\n        };\n\n        axios.post(url, formData, config)\n            .then(response => {\n                dispatch(createLoanSuccess(response.data[\"status\"]));\n            })\n            .catch(err => {\n\n                console.log(\"[actions/loans.js>createLoan.err]:\", err);\n                if (\n                    err &&\n                    err.response &&\n                    err.response.data &&\n                    err.response.data.validationMessages &&\n                    (typeof err.response.data.validationMessages === 'object')\n                ) {\n                    let validationObj = err.response.data.validationMessages;\n                    let combinedErrors = [];\n                    let uniqueErrors = [];\n                    Object.keys(validationObj).forEach((key) => {\n                        validationObj[key].forEach((val) => {\n                            combinedErrors.push(val);\n                        });\n                    });\n                    uniqueErrors = [...new Set(combinedErrors)];\n                    dispatch(createLoanFail(uniqueErrors));\n                }\n                else {\n                    dispatch(createLoanFail(\"error\"));\n                }\n            });\n    };\n};\n\n\nexport const deleteLoan = (loanId,accountId) => {\n    return {\n        type: actionTypes.DELETE_LOAN,\n        loanId: loanId,\n        accountId: accountId\n    };\n};\n\nexport const initDeleteLoan = (loanId, accountId) => {\n    return dispatch => {\n        axios.delete('http://fina.mv/api/loans/' + loanId)\n            .then(response => {\n                console.log('[initDeleteLoan Success]',loanId,accountId);\n                dispatch(deleteLoan(loanId, accountId));\n            })\n            .catch(error => {\n                dispatch(deleteLoanFailed());\n            });\n    };\n};\n\nexport const deleteLoanFailed = () => {\n    return {\n        type: actionTypes.DELETE_LOAN_FAILED\n    };\n};\n\n\n\nexport const editLoanStart = () => {\n    return {\n        type: actionTypes.EDIT_LOAN_START\n    };\n};\n\nexport const editLoanSuccess = (message) => {\n    return {\n        type: actionTypes.EDIT_LOAN_SUCCESS,\n        editLoanMessage: message\n    };\n};\n\nexport const editLoanFail = (errors) => {\n    console.log('editLoanFail:', errors);\n    return {\n        type: actionTypes.EDIT_LOAN_FAIL,\n        editLoanErrors: errors\n    };\n};\n\nexport const editLoan = (loan, accountId, loanId, token) => {\n    console.log(\"sdsdsd\")\n    return dispatch => {\n        dispatch(editLoanStart());\n        console.log(\"mua\", loan);\n\n        let formData = new FormData();\n\n        let _aggreementAttachment = (loan['agreement_attachment']) ? loan['agreement_attachment'].file : '';\n        formData.append('loan_id', loanId);\n        formData.append('account_id', accountId);\n        formData.append('loan_duration_days', loan['loan_duration_days']);\n        formData.append('date_loan_start', loan['date_loan_start']);\n        formData.append('due_date_loan_completion', loan['due_date_loan_completion']);\n        formData.append('due_date_loan_completion_extended', loan['due_date_loan_completion_extended'])\n        //formData.append('due_date_next_payment', loan['due_date_next_payment'])\n        formData.append('loan_amount', loan['loan_amount']);\n        formData.append('balance_due', loan['balance_due']);\n        formData.append('currency', loan['currency']);\n        //formData.append('interest_rate_percent', loan['interest_rate_percent']);\n        //formData.append('interest_rate_value', loan['interest_rate_value']);\n        formData.append('interest_rate_percent', 0);\n        formData.append('interest_rate_value', 0);\n        formData.append('loan_paid', loan['loan_paid'])\n        //formData.append('payment_per_interval', loan['payment_per_interval'])\n        formData.append('payment_interval_type', loan['payment_interval_type']);\n        if (loan['payment_interval_type'] == 0) {\n            formData.append('payment_interval_days', loan['payment_interval_days']);\n        }\n        formData.append('payment_interval_days', loan['payment_interval_days']);\n        formData.append('agreement_no', loan['agreement_no']);\n        formData.append('aggreement_attachment', _aggreementAttachment);\n        formData.append('guardian_name', loan['guardian_name']);\n        formData.append('guardian_phone_no', loan['guardian_phone_no']);\n        formData.append('guardian_address', loan['guardian_address']);\n        formData.append('guardian_id_card', loan['guardian_id_card']);\n\n        console.log(\"setting url\")\n        let url = 'http://fina.mv/api/loans/update/' + loanId;\n\n        console.log(\"[actions/loans.js>editLoan.url]:\", url);\n\n        let config = {\n            headers: {\n                'Content-Type': 'multipart/form-data'\n            }\n        };\n\n        axios.post(url, formData, config)\n            .then(response => {\n                dispatch(editLoanSuccess(response.data[\"status\"]));\n            })\n            .catch(err => {\n\n                console.log(\"[actions/loans.js>editLoan.err]:\", err);\n                if (\n                    err &&\n                    err.response &&\n                    err.response.data &&\n                    err.response.data.validationMessages &&\n                    (typeof err.response.data.validationMessages === 'object')\n                ) {\n                    let validationObj = err.response.data.validationMessages;\n                    let combinedErrors = [];\n                    let uniqueErrors = [];\n                    Object.keys(validationObj).forEach((key) => {\n                        validationObj[key].forEach((val) => {\n                            combinedErrors.push(val);\n                        });\n                    });\n                    uniqueErrors = [...new Set(combinedErrors)];\n                    dispatch(editLoanFail(uniqueErrors));\n                }\n                else {\n                    dispatch(editLoanFail(\"error\"));\n                }\n            });\n    };\n};\n\n"],"mappings":";AAAA,OAAO,KAAKA,WAAW,MAAM,eAAe;AAC5C,OAAOC,KAAK,MAAM,OAAO;AAEzB,OAAO,MAAMC,oBAAoB,GAAGA,CAACC,SAAS,EAAEC,KAAK,KAAK;EACtD,OAAO;IACHC,IAAI,EAAEL,WAAW,CAACM,wBAAwB;IAC1CH,SAAS,EAAEA,SAAS;IACpBC,KAAK,EAAEA;EACX,CAAC;AACL,CAAC;AAED,OAAO,MAAMG,gBAAgB,GAAGA,CAAA,KAAM;EAClC,OAAO;IACHF,IAAI,EAAEL,WAAW,CAACQ;EACtB,CAAC;AACL,CAAC;AAED,OAAO,MAAMC,mBAAmB,GAAGA,CAAA,KAAM;EACrC,OAAO;IACHJ,IAAI,EAAEL,WAAW,CAACU;EACtB,CAAC;AACL,CAAC;AAGD,OAAO,MAAMC,oBAAoB,GAAIR,SAAS,IAAK;EAC/C,OAAOS,QAAQ,IAAI;IACfX,KAAK,CAACY,GAAG,CAAC,wCAAwC,GAAGV,SAAS,CAAC,CAC1DW,IAAI,CAACC,QAAQ,IAAI;MACdC,OAAO,CAACC,GAAG,CAAC,8BAA8B,EAAEd,SAAS,EAAEY,QAAQ,CAACG,IAAI,CAAC;MACrEN,QAAQ,CAACV,oBAAoB,CAACC,SAAS,EAAEY,QAAQ,CAACG,IAAI,CAACd,KAAK,CAAC,CAAC;IAClE,CAAC,CAAC,CACDe,KAAK,CAACC,KAAK,IAAI;MACZR,QAAQ,CAACL,gBAAgB,CAAC,CAAC,CAAC;IAChC,CAAC,CAAC;EACV,CAAC;AACL,CAAC;AAED,OAAO,MAAMc,iBAAiB,GAAGA,CAACC,cAAc,EAAEC,iBAAiB,KAAK;EACpEP,OAAO,CAACC,GAAG,CAAC,4CAA4C,EAAEM,iBAAiB,CAAC;EAC5E,OAAO;IACHlB,IAAI,EAAEL,WAAW,CAACwB,oBAAoB;IACtCF,cAAc,EAAEA,cAAc;IAC9BC,iBAAiB,EAAEA;EACvB,CAAC;AACL,CAAC;AAED,OAAO,MAAME,eAAe,GAAGA,CAAA,KAAM;EACjC,OAAO;IACHpB,IAAI,EAAEL,WAAW,CAAC0B;EAEtB,CAAC;AACL,CAAC;AAED,OAAO,MAAMC,iBAAiB,GAAIC,OAAO,IAAK;EAC1C,OAAO;IACHvB,IAAI,EAAEL,WAAW,CAAC6B,mBAAmB;IACrCC,iBAAiB,EAAEF;EACvB,CAAC;AACL,CAAC;AAED,OAAO,MAAMG,cAAc,GAAIC,MAAM,IAAK;EACtChB,OAAO,CAACC,GAAG,CAAC,iBAAiB,EAAEe,MAAM,CAAC;EACtC,OAAO;IACH3B,IAAI,EAAEL,WAAW,CAACiC,gBAAgB;IAClCC,gBAAgB,EAAEF;EACtB,CAAC;AACL,CAAC;AAED,OAAO,MAAMG,UAAU,GAAGA,CAACC,IAAI,EAAEjC,SAAS,EAAEkC,KAAK,KAAK;EAClD,OAAOzB,QAAQ,IAAI;IACfA,QAAQ,CAACa,eAAe,CAAC,CAAC,CAAC;IAC3BT,OAAO,CAACC,GAAG,CAACmB,IAAI,CAAC;IAEjB,IAAIE,QAAQ,GAAG,IAAIC,QAAQ,CAAC,CAAC;IAE7BD,QAAQ,CAACE,MAAM,CAAC,YAAY,EAAErC,SAAS,CAAC;IACxCmC,QAAQ,CAACE,MAAM,CAAC,oBAAoB,EAAEJ,IAAI,CAAC,oBAAoB,CAAC,CAAC;IACjEE,QAAQ,CAACE,MAAM,CAAC,iBAAiB,EAAEJ,IAAI,CAAC,iBAAiB,CAAC,CAAC;IAC3DE,QAAQ,CAACE,MAAM,CAAC,0BAA0B,EAAEJ,IAAI,CAAC,0BAA0B,CAAC,CAAC;IAC7E;IACA;IACAE,QAAQ,CAACE,MAAM,CAAC,aAAa,EAAEJ,IAAI,CAAC,aAAa,CAAC,CAAC;IACnDE,QAAQ,CAACE,MAAM,CAAC,aAAa,EAAEJ,IAAI,CAAC,aAAa,CAAC,CAAC;IACnDE,QAAQ,CAACE,MAAM,CAAC,UAAU,EAAEJ,IAAI,CAAC,UAAU,CAAC,CAAC;IAC7C;IACAE,QAAQ,CAACE,MAAM,CAAC,uBAAuB,EAAE,CAAC,CAAC;IAC3C;IACAF,QAAQ,CAACE,MAAM,CAAC,qBAAqB,EAAE,CAAC,CAAC;IACzC;IACA;IACAF,QAAQ,CAACE,MAAM,CAAC,uBAAuB,EAAEJ,IAAI,CAAC,uBAAuB,CAAC,CAAC;IACvE,IAAIA,IAAI,CAAC,uBAAuB,CAAC,IAAI,CAAC,EAAE;MACpCE,QAAQ,CAACE,MAAM,CAAC,uBAAuB,EAAEJ,IAAI,CAAC,uBAAuB,CAAC,CAAC;IAC3E;IAEAE,QAAQ,CAACE,MAAM,CAAC,cAAc,EAAEJ,IAAI,CAAC,cAAc,CAAC,CAAC;IAErDpB,OAAO,CAACC,GAAG,CAAC,uBAAuB,EAAEmB,IAAI,CAAC,sBAAsB,CAAC,CAAC;IAElEE,QAAQ,CAACE,MAAM,CAAC,uBAAuB,EAAEJ,IAAI,CAAC,uBAAuB,CAAC,CAAC;IACvEE,QAAQ,CAACE,MAAM,CAAC,sBAAsB,EAAEJ,IAAI,CAAC,sBAAsB,CAAC,CAACK,IAAI,CAAC;IAC1EH,QAAQ,CAACE,MAAM,CAAC,eAAe,EAAEJ,IAAI,CAAC,eAAe,CAAC,CAAC;IACvDE,QAAQ,CAACE,MAAM,CAAC,mBAAmB,EAAEJ,IAAI,CAAC,mBAAmB,CAAC,CAAC;IAC/DE,QAAQ,CAACE,MAAM,CAAC,kBAAkB,EAAEJ,IAAI,CAAC,kBAAkB,CAAC,CAAC;IAC7DE,QAAQ,CAACE,MAAM,CAAC,kBAAkB,EAAEJ,IAAI,CAAC,kBAAkB,CAAC,CAAC;IAE7D,IAAIM,GAAG,GAAG,gCAAgC;IAE1C1B,OAAO,CAACC,GAAG,CAAC,oCAAoC,EAAEyB,GAAG,CAAC;IAEtD,IAAIC,MAAM,GAAG;MACTC,OAAO,EAAE;QACL,cAAc,EAAE;MACpB;IACJ,CAAC;IAED3C,KAAK,CAAC4C,IAAI,CAACH,GAAG,EAAEJ,QAAQ,EAAEK,MAAM,CAAC,CAC5B7B,IAAI,CAACC,QAAQ,IAAI;MACdH,QAAQ,CAACe,iBAAiB,CAACZ,QAAQ,CAACG,IAAI,CAAC,QAAQ,CAAC,CAAC,CAAC;IACxD,CAAC,CAAC,CACDC,KAAK,CAAC2B,GAAG,IAAI;MAEV9B,OAAO,CAACC,GAAG,CAAC,oCAAoC,EAAE6B,GAAG,CAAC;MACtD,IACIA,GAAG,IACHA,GAAG,CAAC/B,QAAQ,IACZ+B,GAAG,CAAC/B,QAAQ,CAACG,IAAI,IACjB4B,GAAG,CAAC/B,QAAQ,CAACG,IAAI,CAAC6B,kBAAkB,IACnC,OAAOD,GAAG,CAAC/B,QAAQ,CAACG,IAAI,CAAC6B,kBAAkB,KAAK,QAAS,EAC5D;QACE,IAAIC,aAAa,GAAGF,GAAG,CAAC/B,QAAQ,CAACG,IAAI,CAAC6B,kBAAkB;QACxD,IAAIE,cAAc,GAAG,EAAE;QACvB,IAAIC,YAAY,GAAG,EAAE;QACrBC,MAAM,CAACC,IAAI,CAACJ,aAAa,CAAC,CAACK,OAAO,CAAEC,GAAG,IAAK;UACxCN,aAAa,CAACM,GAAG,CAAC,CAACD,OAAO,CAAEE,GAAG,IAAK;YAChCN,cAAc,CAACO,IAAI,CAACD,GAAG,CAAC;UAC5B,CAAC,CAAC;QACN,CAAC,CAAC;QACFL,YAAY,GAAG,CAAC,GAAG,IAAIO,GAAG,CAACR,cAAc,CAAC,CAAC;QAC3CrC,QAAQ,CAACmB,cAAc,CAACmB,YAAY,CAAC,CAAC;MAC1C,CAAC,MACI;QACDtC,QAAQ,CAACmB,cAAc,CAAC,OAAO,CAAC,CAAC;MACrC;IACJ,CAAC,CAAC;EACV,CAAC;AACL,CAAC;AAGD,OAAO,MAAM2B,UAAU,GAAGA,CAACC,MAAM,EAACxD,SAAS,KAAK;EAC5C,OAAO;IACHE,IAAI,EAAEL,WAAW,CAAC4D,WAAW;IAC7BD,MAAM,EAAEA,MAAM;IACdxD,SAAS,EAAEA;EACf,CAAC;AACL,CAAC;AAED,OAAO,MAAM0D,cAAc,GAAGA,CAACF,MAAM,EAAExD,SAAS,KAAK;EACjD,OAAOS,QAAQ,IAAI;IACfX,KAAK,CAAC6D,MAAM,CAAC,2BAA2B,GAAGH,MAAM,CAAC,CAC7C7C,IAAI,CAACC,QAAQ,IAAI;MACdC,OAAO,CAACC,GAAG,CAAC,0BAA0B,EAAC0C,MAAM,EAACxD,SAAS,CAAC;MACxDS,QAAQ,CAAC8C,UAAU,CAACC,MAAM,EAAExD,SAAS,CAAC,CAAC;IAC3C,CAAC,CAAC,CACDgB,KAAK,CAACC,KAAK,IAAI;MACZR,QAAQ,CAACmD,gBAAgB,CAAC,CAAC,CAAC;IAChC,CAAC,CAAC;EACV,CAAC;AACL,CAAC;AAED,OAAO,MAAMA,gBAAgB,GAAGA,CAAA,KAAM;EAClC,OAAO;IACH1D,IAAI,EAAEL,WAAW,CAACgE;EACtB,CAAC;AACL,CAAC;AAID,OAAO,MAAMC,aAAa,GAAGA,CAAA,KAAM;EAC/B,OAAO;IACH5D,IAAI,EAAEL,WAAW,CAACkE;EACtB,CAAC;AACL,CAAC;AAED,OAAO,MAAMC,eAAe,GAAIvC,OAAO,IAAK;EACxC,OAAO;IACHvB,IAAI,EAAEL,WAAW,CAACoE,iBAAiB;IACnCC,eAAe,EAAEzC;EACrB,CAAC;AACL,CAAC;AAED,OAAO,MAAM0C,YAAY,GAAItC,MAAM,IAAK;EACpChB,OAAO,CAACC,GAAG,CAAC,eAAe,EAAEe,MAAM,CAAC;EACpC,OAAO;IACH3B,IAAI,EAAEL,WAAW,CAACuE,cAAc;IAChCC,cAAc,EAAExC;EACpB,CAAC;AACL,CAAC;AAED,OAAO,MAAMyC,QAAQ,GAAGA,CAACrC,IAAI,EAAEjC,SAAS,EAAEwD,MAAM,EAAEtB,KAAK,KAAK;EACxDrB,OAAO,CAACC,GAAG,CAAC,QAAQ,CAAC;EACrB,OAAOL,QAAQ,IAAI;IACfA,QAAQ,CAACqD,aAAa,CAAC,CAAC,CAAC;IACzBjD,OAAO,CAACC,GAAG,CAAC,KAAK,EAAEmB,IAAI,CAAC;IAExB,IAAIE,QAAQ,GAAG,IAAIC,QAAQ,CAAC,CAAC;IAE7B,IAAImC,qBAAqB,GAAItC,IAAI,CAAC,sBAAsB,CAAC,GAAIA,IAAI,CAAC,sBAAsB,CAAC,CAACK,IAAI,GAAG,EAAE;IACnGH,QAAQ,CAACE,MAAM,CAAC,SAAS,EAAEmB,MAAM,CAAC;IAClCrB,QAAQ,CAACE,MAAM,CAAC,YAAY,EAAErC,SAAS,CAAC;IACxCmC,QAAQ,CAACE,MAAM,CAAC,oBAAoB,EAAEJ,IAAI,CAAC,oBAAoB,CAAC,CAAC;IACjEE,QAAQ,CAACE,MAAM,CAAC,iBAAiB,EAAEJ,IAAI,CAAC,iBAAiB,CAAC,CAAC;IAC3DE,QAAQ,CAACE,MAAM,CAAC,0BAA0B,EAAEJ,IAAI,CAAC,0BAA0B,CAAC,CAAC;IAC7EE,QAAQ,CAACE,MAAM,CAAC,mCAAmC,EAAEJ,IAAI,CAAC,mCAAmC,CAAC,CAAC;IAC/F;IACAE,QAAQ,CAACE,MAAM,CAAC,aAAa,EAAEJ,IAAI,CAAC,aAAa,CAAC,CAAC;IACnDE,QAAQ,CAACE,MAAM,CAAC,aAAa,EAAEJ,IAAI,CAAC,aAAa,CAAC,CAAC;IACnDE,QAAQ,CAACE,MAAM,CAAC,UAAU,EAAEJ,IAAI,CAAC,UAAU,CAAC,CAAC;IAC7C;IACA;IACAE,QAAQ,CAACE,MAAM,CAAC,uBAAuB,EAAE,CAAC,CAAC;IAC3CF,QAAQ,CAACE,MAAM,CAAC,qBAAqB,EAAE,CAAC,CAAC;IACzCF,QAAQ,CAACE,MAAM,CAAC,WAAW,EAAEJ,IAAI,CAAC,WAAW,CAAC,CAAC;IAC/C;IACAE,QAAQ,CAACE,MAAM,CAAC,uBAAuB,EAAEJ,IAAI,CAAC,uBAAuB,CAAC,CAAC;IACvE,IAAIA,IAAI,CAAC,uBAAuB,CAAC,IAAI,CAAC,EAAE;MACpCE,QAAQ,CAACE,MAAM,CAAC,uBAAuB,EAAEJ,IAAI,CAAC,uBAAuB,CAAC,CAAC;IAC3E;IACAE,QAAQ,CAACE,MAAM,CAAC,uBAAuB,EAAEJ,IAAI,CAAC,uBAAuB,CAAC,CAAC;IACvEE,QAAQ,CAACE,MAAM,CAAC,cAAc,EAAEJ,IAAI,CAAC,cAAc,CAAC,CAAC;IACrDE,QAAQ,CAACE,MAAM,CAAC,uBAAuB,EAAEkC,qBAAqB,CAAC;IAC/DpC,QAAQ,CAACE,MAAM,CAAC,eAAe,EAAEJ,IAAI,CAAC,eAAe,CAAC,CAAC;IACvDE,QAAQ,CAACE,MAAM,CAAC,mBAAmB,EAAEJ,IAAI,CAAC,mBAAmB,CAAC,CAAC;IAC/DE,QAAQ,CAACE,MAAM,CAAC,kBAAkB,EAAEJ,IAAI,CAAC,kBAAkB,CAAC,CAAC;IAC7DE,QAAQ,CAACE,MAAM,CAAC,kBAAkB,EAAEJ,IAAI,CAAC,kBAAkB,CAAC,CAAC;IAE7DpB,OAAO,CAACC,GAAG,CAAC,aAAa,CAAC;IAC1B,IAAIyB,GAAG,GAAG,kCAAkC,GAAGiB,MAAM;IAErD3C,OAAO,CAACC,GAAG,CAAC,kCAAkC,EAAEyB,GAAG,CAAC;IAEpD,IAAIC,MAAM,GAAG;MACTC,OAAO,EAAE;QACL,cAAc,EAAE;MACpB;IACJ,CAAC;IAED3C,KAAK,CAAC4C,IAAI,CAACH,GAAG,EAAEJ,QAAQ,EAAEK,MAAM,CAAC,CAC5B7B,IAAI,CAACC,QAAQ,IAAI;MACdH,QAAQ,CAACuD,eAAe,CAACpD,QAAQ,CAACG,IAAI,CAAC,QAAQ,CAAC,CAAC,CAAC;IACtD,CAAC,CAAC,CACDC,KAAK,CAAC2B,GAAG,IAAI;MAEV9B,OAAO,CAACC,GAAG,CAAC,kCAAkC,EAAE6B,GAAG,CAAC;MACpD,IACIA,GAAG,IACHA,GAAG,CAAC/B,QAAQ,IACZ+B,GAAG,CAAC/B,QAAQ,CAACG,IAAI,IACjB4B,GAAG,CAAC/B,QAAQ,CAACG,IAAI,CAAC6B,kBAAkB,IACnC,OAAOD,GAAG,CAAC/B,QAAQ,CAACG,IAAI,CAAC6B,kBAAkB,KAAK,QAAS,EAC5D;QACE,IAAIC,aAAa,GAAGF,GAAG,CAAC/B,QAAQ,CAACG,IAAI,CAAC6B,kBAAkB;QACxD,IAAIE,cAAc,GAAG,EAAE;QACvB,IAAIC,YAAY,GAAG,EAAE;QACrBC,MAAM,CAACC,IAAI,CAACJ,aAAa,CAAC,CAACK,OAAO,CAAEC,GAAG,IAAK;UACxCN,aAAa,CAACM,GAAG,CAAC,CAACD,OAAO,CAAEE,GAAG,IAAK;YAChCN,cAAc,CAACO,IAAI,CAACD,GAAG,CAAC;UAC5B,CAAC,CAAC;QACN,CAAC,CAAC;QACFL,YAAY,GAAG,CAAC,GAAG,IAAIO,GAAG,CAACR,cAAc,CAAC,CAAC;QAC3CrC,QAAQ,CAAC0D,YAAY,CAACpB,YAAY,CAAC,CAAC;MACxC,CAAC,MACI;QACDtC,QAAQ,CAAC0D,YAAY,CAAC,OAAO,CAAC,CAAC;MACnC;IACJ,CAAC,CAAC;EACV,CAAC;AACL,CAAC"}}},"code":"!function (module1) {\n  module1.export({\n    setLoansForAccountId: () => setLoansForAccountId,\n    fetchLoansFailed: () => fetchLoansFailed,\n    unsetSelectedLoanId: () => unsetSelectedLoanId,\n    getLoansForAccountId: () => getLoansForAccountId,\n    setSelectedLoanId: () => setSelectedLoanId,\n    createLoanStart: () => createLoanStart,\n    createLoanSuccess: () => createLoanSuccess,\n    createLoanFail: () => createLoanFail,\n    createLoan: () => createLoan,\n    deleteLoan: () => deleteLoan,\n    initDeleteLoan: () => initDeleteLoan,\n    deleteLoanFailed: () => deleteLoanFailed,\n    editLoanStart: () => editLoanStart,\n    editLoanSuccess: () => editLoanSuccess,\n    editLoanFail: () => editLoanFail,\n    editLoan: () => editLoan\n  });\n  let actionTypes;\n  module1.link(\"./actionTypes\", {\n    \"*\"(v) {\n      actionTypes = v;\n    }\n  }, 0);\n  let axios;\n  module1.link(\"axios\", {\n    default(v) {\n      axios = v;\n    }\n  }, 1);\n  ___INIT_METEOR_FAST_REFRESH(module);\n  const setLoansForAccountId = (accountId, loans) => {\n    return {\n      type: actionTypes.SET_LOANS_FOR_ACCOUNT_ID,\n      accountId: accountId,\n      loans: loans\n    };\n  };\n  const fetchLoansFailed = () => {\n    return {\n      type: actionTypes.FETCH_LOANS_FAILED\n    };\n  };\n  const unsetSelectedLoanId = () => {\n    return {\n      type: actionTypes.UNSET_SELECTED_LOAN_ID\n    };\n  };\n  const getLoansForAccountId = accountId => {\n    return dispatch => {\n      axios.get('http://fina.mv/api/loans-by-accountid/' + accountId).then(response => {\n        console.log(\"actions getLoansForAccountId\", accountId, response.data);\n        dispatch(setLoansForAccountId(accountId, response.data.loans));\n      }).catch(error => {\n        dispatch(fetchLoansFailed());\n      });\n    };\n  };\n  const setSelectedLoanId = (selectedLoanId, selectedAccountId) => {\n    console.log('action>setSelectedLoanId:selectedAccountId', selectedAccountId);\n    return {\n      type: actionTypes.SET_SELECTED_LOAN_ID,\n      selectedLoanId: selectedLoanId,\n      selectedAccountId: selectedAccountId\n    };\n  };\n  const createLoanStart = () => {\n    return {\n      type: actionTypes.CREATE_LOAN_START\n    };\n  };\n  const createLoanSuccess = message => {\n    return {\n      type: actionTypes.CREATE_LOAN_SUCCESS,\n      createLoanMessage: message\n    };\n  };\n  const createLoanFail = errors => {\n    console.log('createLoanFail:', errors);\n    return {\n      type: actionTypes.CREATE_LOAN_FAIL,\n      createLoanErrors: errors\n    };\n  };\n  const createLoan = (loan, accountId, token) => {\n    return dispatch => {\n      dispatch(createLoanStart());\n      console.log(loan);\n      let formData = new FormData();\n      formData.append('account_id', accountId);\n      formData.append('loan_duration_days', loan['loan_duration_days']);\n      formData.append('date_loan_start', loan['date_loan_start']);\n      formData.append('due_date_loan_completion', loan['due_date_loan_completion']);\n      // formData.append('due_date_loan_completion_extended', loan['due_date_loan_completion_extended'])\n      //formData.append('due_date_next_payment', loan['due_date_next_payment'])\n      formData.append('loan_amount', loan['loan_amount']);\n      formData.append('balance_due', loan['balance_due']);\n      formData.append('currency', loan['currency']);\n      //formData.append('interest_rate_percent', loan['interest_rate_percent']);\n      formData.append('interest_rate_percent', 0);\n      //formData.append('interest_rate_value', loan['interest_rate_value']);\n      formData.append('interest_rate_value', 0);\n      //formData.append('loan_paid', loan['loan_paid'])\n      //formData.append('payment_per_interval', loan['payment_per_interval'])\n      formData.append('payment_interval_type', loan['payment_interval_type']);\n      if (loan['payment_interval_type'] == 0) {\n        formData.append('payment_interval_days', loan['payment_interval_days']);\n      }\n      formData.append('agreement_no', loan['agreement_no']);\n      console.log(\"aggreement_attachment\", loan['agreement_attachment']);\n      formData.append('payment_interval_days', loan['payment_interval_days']);\n      formData.append('agreement_attachment', loan['agreement_attachment'].file);\n      formData.append('guardian_name', loan['guardian_name']);\n      formData.append('guardian_phone_no', loan['guardian_phone_no']);\n      formData.append('guardian_address', loan['guardian_address']);\n      formData.append('guardian_id_card', loan['guardian_id_card']);\n      let url = 'http://fina.mv/api/loans/store';\n      console.log(\"[actions/loans.js>createLoan.url]:\", url);\n      let config = {\n        headers: {\n          'Content-Type': 'multipart/form-data'\n        }\n      };\n      axios.post(url, formData, config).then(response => {\n        dispatch(createLoanSuccess(response.data[\"status\"]));\n      }).catch(err => {\n        console.log(\"[actions/loans.js>createLoan.err]:\", err);\n        if (err && err.response && err.response.data && err.response.data.validationMessages && typeof err.response.data.validationMessages === 'object') {\n          let validationObj = err.response.data.validationMessages;\n          let combinedErrors = [];\n          let uniqueErrors = [];\n          Object.keys(validationObj).forEach(key => {\n            validationObj[key].forEach(val => {\n              combinedErrors.push(val);\n            });\n          });\n          uniqueErrors = [...new Set(combinedErrors)];\n          dispatch(createLoanFail(uniqueErrors));\n        } else {\n          dispatch(createLoanFail(\"error\"));\n        }\n      });\n    };\n  };\n  const deleteLoan = (loanId, accountId) => {\n    return {\n      type: actionTypes.DELETE_LOAN,\n      loanId: loanId,\n      accountId: accountId\n    };\n  };\n  const initDeleteLoan = (loanId, accountId) => {\n    return dispatch => {\n      axios.delete('http://fina.mv/api/loans/' + loanId).then(response => {\n        console.log('[initDeleteLoan Success]', loanId, accountId);\n        dispatch(deleteLoan(loanId, accountId));\n      }).catch(error => {\n        dispatch(deleteLoanFailed());\n      });\n    };\n  };\n  const deleteLoanFailed = () => {\n    return {\n      type: actionTypes.DELETE_LOAN_FAILED\n    };\n  };\n  const editLoanStart = () => {\n    return {\n      type: actionTypes.EDIT_LOAN_START\n    };\n  };\n  const editLoanSuccess = message => {\n    return {\n      type: actionTypes.EDIT_LOAN_SUCCESS,\n      editLoanMessage: message\n    };\n  };\n  const editLoanFail = errors => {\n    console.log('editLoanFail:', errors);\n    return {\n      type: actionTypes.EDIT_LOAN_FAIL,\n      editLoanErrors: errors\n    };\n  };\n  const editLoan = (loan, accountId, loanId, token) => {\n    console.log(\"sdsdsd\");\n    return dispatch => {\n      dispatch(editLoanStart());\n      console.log(\"mua\", loan);\n      let formData = new FormData();\n      let _aggreementAttachment = loan['agreement_attachment'] ? loan['agreement_attachment'].file : '';\n      formData.append('loan_id', loanId);\n      formData.append('account_id', accountId);\n      formData.append('loan_duration_days', loan['loan_duration_days']);\n      formData.append('date_loan_start', loan['date_loan_start']);\n      formData.append('due_date_loan_completion', loan['due_date_loan_completion']);\n      formData.append('due_date_loan_completion_extended', loan['due_date_loan_completion_extended']);\n      //formData.append('due_date_next_payment', loan['due_date_next_payment'])\n      formData.append('loan_amount', loan['loan_amount']);\n      formData.append('balance_due', loan['balance_due']);\n      formData.append('currency', loan['currency']);\n      //formData.append('interest_rate_percent', loan['interest_rate_percent']);\n      //formData.append('interest_rate_value', loan['interest_rate_value']);\n      formData.append('interest_rate_percent', 0);\n      formData.append('interest_rate_value', 0);\n      formData.append('loan_paid', loan['loan_paid']);\n      //formData.append('payment_per_interval', loan['payment_per_interval'])\n      formData.append('payment_interval_type', loan['payment_interval_type']);\n      if (loan['payment_interval_type'] == 0) {\n        formData.append('payment_interval_days', loan['payment_interval_days']);\n      }\n      formData.append('payment_interval_days', loan['payment_interval_days']);\n      formData.append('agreement_no', loan['agreement_no']);\n      formData.append('aggreement_attachment', _aggreementAttachment);\n      formData.append('guardian_name', loan['guardian_name']);\n      formData.append('guardian_phone_no', loan['guardian_phone_no']);\n      formData.append('guardian_address', loan['guardian_address']);\n      formData.append('guardian_id_card', loan['guardian_id_card']);\n      console.log(\"setting url\");\n      let url = 'http://fina.mv/api/loans/update/' + loanId;\n      console.log(\"[actions/loans.js>editLoan.url]:\", url);\n      let config = {\n        headers: {\n          'Content-Type': 'multipart/form-data'\n        }\n      };\n      axios.post(url, formData, config).then(response => {\n        dispatch(editLoanSuccess(response.data[\"status\"]));\n      }).catch(err => {\n        console.log(\"[actions/loans.js>editLoan.err]:\", err);\n        if (err && err.response && err.response.data && err.response.data.validationMessages && typeof err.response.data.validationMessages === 'object') {\n          let validationObj = err.response.data.validationMessages;\n          let combinedErrors = [];\n          let uniqueErrors = [];\n          Object.keys(validationObj).forEach(key => {\n            validationObj[key].forEach(val => {\n              combinedErrors.push(val);\n            });\n          });\n          uniqueErrors = [...new Set(combinedErrors)];\n          dispatch(editLoanFail(uniqueErrors));\n        } else {\n          dispatch(editLoanFail(\"error\"));\n        }\n      });\n    };\n  };\n}.call(this, module);","map":{"version":3,"names":["setLoansForAccountId","accountId","loans","type","actionTypes","SET_LOANS_FOR_ACCOUNT_ID","fetchLoansFailed","FETCH_LOANS_FAILED","unsetSelectedLoanId","UNSET_SELECTED_LOAN_ID","getLoansForAccountId","dispatch","axios","get","then","response","console","log","data","catch","error","setSelectedLoanId","selectedLoanId","selectedAccountId","SET_SELECTED_LOAN_ID","createLoanStart","CREATE_LOAN_START","createLoanSuccess","message","CREATE_LOAN_SUCCESS","createLoanMessage","createLoanFail","errors","CREATE_LOAN_FAIL","createLoanErrors","createLoan","loan","token","formData","FormData","append","file","url","config","headers","post","err","validationMessages","validationObj","combinedErrors","uniqueErrors","Object","keys","forEach","key","val","push","Set","deleteLoan","loanId","DELETE_LOAN","initDeleteLoan","delete","deleteLoanFailed","DELETE_LOAN_FAILED","editLoanStart","EDIT_LOAN_START","editLoanSuccess","EDIT_LOAN_SUCCESS","editLoanMessage","editLoanFail","EDIT_LOAN_FAIL","editLoanErrors","editLoan","_aggreementAttachment","call","module"],"sources":["imports/ui/store/actions/loans.js"],"sourcesContent":["import * as actionTypes from './actionTypes';\nimport axios from 'axios';\n\nexport const setLoansForAccountId = (accountId, loans) => {\n    return {\n        type: actionTypes.SET_LOANS_FOR_ACCOUNT_ID,\n        accountId: accountId,\n        loans: loans\n    };\n}\n\nexport const fetchLoansFailed = () => {\n    return {\n        type: actionTypes.FETCH_LOANS_FAILED\n    };\n}\n\nexport const unsetSelectedLoanId = () => {\n    return {\n        type: actionTypes.UNSET_SELECTED_LOAN_ID\n    };\n};\n\n\nexport const getLoansForAccountId = (accountId) => {\n    return dispatch => {\n        axios.get('http://fina.mv/api/loans-by-accountid/' + accountId)\n            .then(response => {\n                console.log(\"actions getLoansForAccountId\", accountId, response.data);\n                dispatch(setLoansForAccountId(accountId, response.data.loans));\n            })\n            .catch(error => {\n                dispatch(fetchLoansFailed());\n            });\n    };\n};\n\nexport const setSelectedLoanId = (selectedLoanId, selectedAccountId) => {\n    console.log('action>setSelectedLoanId:selectedAccountId', selectedAccountId);\n    return {\n        type: actionTypes.SET_SELECTED_LOAN_ID,\n        selectedLoanId: selectedLoanId,\n        selectedAccountId: selectedAccountId\n    };\n};\n\nexport const createLoanStart = () => {\n    return {\n        type: actionTypes.CREATE_LOAN_START\n\n    };\n};\n\nexport const createLoanSuccess = (message) => {\n    return {\n        type: actionTypes.CREATE_LOAN_SUCCESS,\n        createLoanMessage: message\n    };\n};\n\nexport const createLoanFail = (errors) => {\n    console.log('createLoanFail:', errors);\n    return {\n        type: actionTypes.CREATE_LOAN_FAIL,\n        createLoanErrors: errors\n    };\n};\n\nexport const createLoan = (loan, accountId, token) => {\n    return dispatch => {\n        dispatch(createLoanStart());\n        console.log(loan);\n\n        let formData = new FormData();\n\n        formData.append('account_id', accountId);\n        formData.append('loan_duration_days', loan['loan_duration_days']);\n        formData.append('date_loan_start', loan['date_loan_start']);\n        formData.append('due_date_loan_completion', loan['due_date_loan_completion']);\n        // formData.append('due_date_loan_completion_extended', loan['due_date_loan_completion_extended'])\n        //formData.append('due_date_next_payment', loan['due_date_next_payment'])\n        formData.append('loan_amount', loan['loan_amount']);\n        formData.append('balance_due', loan['balance_due']);\n        formData.append('currency', loan['currency']);\n        //formData.append('interest_rate_percent', loan['interest_rate_percent']);\n        formData.append('interest_rate_percent', 0);\n        //formData.append('interest_rate_value', loan['interest_rate_value']);\n        formData.append('interest_rate_value', 0);\n        //formData.append('loan_paid', loan['loan_paid'])\n        //formData.append('payment_per_interval', loan['payment_per_interval'])\n        formData.append('payment_interval_type', loan['payment_interval_type']);\n        if (loan['payment_interval_type'] == 0) {\n            formData.append('payment_interval_days', loan['payment_interval_days']);\n        }\n\n        formData.append('agreement_no', loan['agreement_no']);\n\n        console.log(\"aggreement_attachment\", loan['agreement_attachment']);\n\n        formData.append('payment_interval_days', loan['payment_interval_days']);\n        formData.append('agreement_attachment', loan['agreement_attachment'].file);\n        formData.append('guardian_name', loan['guardian_name']);\n        formData.append('guardian_phone_no', loan['guardian_phone_no']);\n        formData.append('guardian_address', loan['guardian_address']);\n        formData.append('guardian_id_card', loan['guardian_id_card']);\n\n        let url = 'http://fina.mv/api/loans/store';\n\n        console.log(\"[actions/loans.js>createLoan.url]:\", url);\n\n        let config = {\n            headers: {\n                'Content-Type': 'multipart/form-data'\n            }\n        };\n\n        axios.post(url, formData, config)\n            .then(response => {\n                dispatch(createLoanSuccess(response.data[\"status\"]));\n            })\n            .catch(err => {\n\n                console.log(\"[actions/loans.js>createLoan.err]:\", err);\n                if (\n                    err &&\n                    err.response &&\n                    err.response.data &&\n                    err.response.data.validationMessages &&\n                    (typeof err.response.data.validationMessages === 'object')\n                ) {\n                    let validationObj = err.response.data.validationMessages;\n                    let combinedErrors = [];\n                    let uniqueErrors = [];\n                    Object.keys(validationObj).forEach((key) => {\n                        validationObj[key].forEach((val) => {\n                            combinedErrors.push(val);\n                        });\n                    });\n                    uniqueErrors = [...new Set(combinedErrors)];\n                    dispatch(createLoanFail(uniqueErrors));\n                }\n                else {\n                    dispatch(createLoanFail(\"error\"));\n                }\n            });\n    };\n};\n\n\nexport const deleteLoan = (loanId,accountId) => {\n    return {\n        type: actionTypes.DELETE_LOAN,\n        loanId: loanId,\n        accountId: accountId\n    };\n};\n\nexport const initDeleteLoan = (loanId, accountId) => {\n    return dispatch => {\n        axios.delete('http://fina.mv/api/loans/' + loanId)\n            .then(response => {\n                console.log('[initDeleteLoan Success]',loanId,accountId);\n                dispatch(deleteLoan(loanId, accountId));\n            })\n            .catch(error => {\n                dispatch(deleteLoanFailed());\n            });\n    };\n};\n\nexport const deleteLoanFailed = () => {\n    return {\n        type: actionTypes.DELETE_LOAN_FAILED\n    };\n};\n\n\n\nexport const editLoanStart = () => {\n    return {\n        type: actionTypes.EDIT_LOAN_START\n    };\n};\n\nexport const editLoanSuccess = (message) => {\n    return {\n        type: actionTypes.EDIT_LOAN_SUCCESS,\n        editLoanMessage: message\n    };\n};\n\nexport const editLoanFail = (errors) => {\n    console.log('editLoanFail:', errors);\n    return {\n        type: actionTypes.EDIT_LOAN_FAIL,\n        editLoanErrors: errors\n    };\n};\n\nexport const editLoan = (loan, accountId, loanId, token) => {\n    console.log(\"sdsdsd\")\n    return dispatch => {\n        dispatch(editLoanStart());\n        console.log(\"mua\", loan);\n\n        let formData = new FormData();\n\n        let _aggreementAttachment = (loan['agreement_attachment']) ? loan['agreement_attachment'].file : '';\n        formData.append('loan_id', loanId);\n        formData.append('account_id', accountId);\n        formData.append('loan_duration_days', loan['loan_duration_days']);\n        formData.append('date_loan_start', loan['date_loan_start']);\n        formData.append('due_date_loan_completion', loan['due_date_loan_completion']);\n        formData.append('due_date_loan_completion_extended', loan['due_date_loan_completion_extended'])\n        //formData.append('due_date_next_payment', loan['due_date_next_payment'])\n        formData.append('loan_amount', loan['loan_amount']);\n        formData.append('balance_due', loan['balance_due']);\n        formData.append('currency', loan['currency']);\n        //formData.append('interest_rate_percent', loan['interest_rate_percent']);\n        //formData.append('interest_rate_value', loan['interest_rate_value']);\n        formData.append('interest_rate_percent', 0);\n        formData.append('interest_rate_value', 0);\n        formData.append('loan_paid', loan['loan_paid'])\n        //formData.append('payment_per_interval', loan['payment_per_interval'])\n        formData.append('payment_interval_type', loan['payment_interval_type']);\n        if (loan['payment_interval_type'] == 0) {\n            formData.append('payment_interval_days', loan['payment_interval_days']);\n        }\n        formData.append('payment_interval_days', loan['payment_interval_days']);\n        formData.append('agreement_no', loan['agreement_no']);\n        formData.append('aggreement_attachment', _aggreementAttachment);\n        formData.append('guardian_name', loan['guardian_name']);\n        formData.append('guardian_phone_no', loan['guardian_phone_no']);\n        formData.append('guardian_address', loan['guardian_address']);\n        formData.append('guardian_id_card', loan['guardian_id_card']);\n\n        console.log(\"setting url\")\n        let url = 'http://fina.mv/api/loans/update/' + loanId;\n\n        console.log(\"[actions/loans.js>editLoan.url]:\", url);\n\n        let config = {\n            headers: {\n                'Content-Type': 'multipart/form-data'\n            }\n        };\n\n        axios.post(url, formData, config)\n            .then(response => {\n                dispatch(editLoanSuccess(response.data[\"status\"]));\n            })\n            .catch(err => {\n\n                console.log(\"[actions/loans.js>editLoan.err]:\", err);\n                if (\n                    err &&\n                    err.response &&\n                    err.response.data &&\n                    err.response.data.validationMessages &&\n                    (typeof err.response.data.validationMessages === 'object')\n                ) {\n                    let validationObj = err.response.data.validationMessages;\n                    let combinedErrors = [];\n                    let uniqueErrors = [];\n                    Object.keys(validationObj).forEach((key) => {\n                        validationObj[key].forEach((val) => {\n                            combinedErrors.push(val);\n                        });\n                    });\n                    uniqueErrors = [...new Set(combinedErrors)];\n                    dispatch(editLoanFail(uniqueErrors));\n                }\n                else {\n                    dispatch(editLoanFail(\"error\"));\n                }\n            });\n    };\n};\n\n"],"mappings":";;;;;;;;;;;;;;;;;;;;;;;;;;;;;;;;EAGO,MAAMA,oBAAoB,GAAGA,CAACC,SAAS,EAAEC,KAAK,KAAK;IACtD,OAAO;MACHC,IAAI,EAAEC,WAAW,CAACC,wBAAwB;MAC1CJ,SAAS,EAAEA,SAAS;MACpBC,KAAK,EAAEA;IACX,CAAC;EACL,CAAC;EAEM,MAAMI,gBAAgB,GAAGA,CAAA,KAAM;IAClC,OAAO;MACHH,IAAI,EAAEC,WAAW,CAACG;IACtB,CAAC;EACL,CAAC;EAEM,MAAMC,mBAAmB,GAAGA,CAAA,KAAM;IACrC,OAAO;MACHL,IAAI,EAAEC,WAAW,CAACK;IACtB,CAAC;EACL,CAAC;EAGM,MAAMC,oBAAoB,GAAIT,SAAS,IAAK;IAC/C,OAAOU,QAAQ,IAAI;MACfC,KAAK,CAACC,GAAG,CAAC,wCAAwC,GAAGZ,SAAS,CAAC,CAC1Da,IAAI,CAACC,QAAQ,IAAI;QACdC,OAAO,CAACC,GAAG,CAAC,8BAA8B,EAAEhB,SAAS,EAAEc,QAAQ,CAACG,IAAI,CAAC;QACrEP,QAAQ,CAACX,oBAAoB,CAACC,SAAS,EAAEc,QAAQ,CAACG,IAAI,CAAChB,KAAK,CAAC,CAAC;MAClE,CAAC,CAAC,CACDiB,KAAK,CAACC,KAAK,IAAI;QACZT,QAAQ,CAACL,gBAAgB,CAAC,CAAC,CAAC;MAChC,CAAC,CAAC;IACV,CAAC;EACL,CAAC;EAEM,MAAMe,iBAAiB,GAAGA,CAACC,cAAc,EAAEC,iBAAiB,KAAK;IACpEP,OAAO,CAACC,GAAG,CAAC,4CAA4C,EAAEM,iBAAiB,CAAC;IAC5E,OAAO;MACHpB,IAAI,EAAEC,WAAW,CAACoB,oBAAoB;MACtCF,cAAc,EAAEA,cAAc;MAC9BC,iBAAiB,EAAEA;IACvB,CAAC;EACL,CAAC;EAEM,MAAME,eAAe,GAAGA,CAAA,KAAM;IACjC,OAAO;MACHtB,IAAI,EAAEC,WAAW,CAACsB;IAEtB,CAAC;EACL,CAAC;EAEM,MAAMC,iBAAiB,GAAIC,OAAO,IAAK;IAC1C,OAAO;MACHzB,IAAI,EAAEC,WAAW,CAACyB,mBAAmB;MACrCC,iBAAiB,EAAEF;IACvB,CAAC;EACL,CAAC;EAEM,MAAMG,cAAc,GAAIC,MAAM,IAAK;IACtChB,OAAO,CAACC,GAAG,CAAC,iBAAiB,EAAEe,MAAM,CAAC;IACtC,OAAO;MACH7B,IAAI,EAAEC,WAAW,CAAC6B,gBAAgB;MAClCC,gBAAgB,EAAEF;IACtB,CAAC;EACL,CAAC;EAEM,MAAMG,UAAU,GAAGA,CAACC,IAAI,EAAEnC,SAAS,EAAEoC,KAAK,KAAK;IAClD,OAAO1B,QAAQ,IAAI;MACfA,QAAQ,CAACc,eAAe,CAAC,CAAC,CAAC;MAC3BT,OAAO,CAACC,GAAG,CAACmB,IAAI,CAAC;MAEjB,IAAIE,QAAQ,GAAG,IAAIC,QAAQ,CAAC,CAAC;MAE7BD,QAAQ,CAACE,MAAM,CAAC,YAAY,EAAEvC,SAAS,CAAC;MACxCqC,QAAQ,CAACE,MAAM,CAAC,oBAAoB,EAAEJ,IAAI,CAAC,oBAAoB,CAAC,CAAC;MACjEE,QAAQ,CAACE,MAAM,CAAC,iBAAiB,EAAEJ,IAAI,CAAC,iBAAiB,CAAC,CAAC;MAC3DE,QAAQ,CAACE,MAAM,CAAC,0BAA0B,EAAEJ,IAAI,CAAC,0BAA0B,CAAC,CAAC;MAC7E;MACA;MACAE,QAAQ,CAACE,MAAM,CAAC,aAAa,EAAEJ,IAAI,CAAC,aAAa,CAAC,CAAC;MACnDE,QAAQ,CAACE,MAAM,CAAC,aAAa,EAAEJ,IAAI,CAAC,aAAa,CAAC,CAAC;MACnDE,QAAQ,CAACE,MAAM,CAAC,UAAU,EAAEJ,IAAI,CAAC,UAAU,CAAC,CAAC;MAC7C;MACAE,QAAQ,CAACE,MAAM,CAAC,uBAAuB,EAAE,CAAC,CAAC;MAC3C;MACAF,QAAQ,CAACE,MAAM,CAAC,qBAAqB,EAAE,CAAC,CAAC;MACzC;MACA;MACAF,QAAQ,CAACE,MAAM,CAAC,uBAAuB,EAAEJ,IAAI,CAAC,uBAAuB,CAAC,CAAC;MACvE,IAAIA,IAAI,CAAC,uBAAuB,CAAC,IAAI,CAAC,EAAE;QACpCE,QAAQ,CAACE,MAAM,CAAC,uBAAuB,EAAEJ,IAAI,CAAC,uBAAuB,CAAC,CAAC;MAC3E;MAEAE,QAAQ,CAACE,MAAM,CAAC,cAAc,EAAEJ,IAAI,CAAC,cAAc,CAAC,CAAC;MAErDpB,OAAO,CAACC,GAAG,CAAC,uBAAuB,EAAEmB,IAAI,CAAC,sBAAsB,CAAC,CAAC;MAElEE,QAAQ,CAACE,MAAM,CAAC,uBAAuB,EAAEJ,IAAI,CAAC,uBAAuB,CAAC,CAAC;MACvEE,QAAQ,CAACE,MAAM,CAAC,sBAAsB,EAAEJ,IAAI,CAAC,sBAAsB,CAAC,CAACK,IAAI,CAAC;MAC1EH,QAAQ,CAACE,MAAM,CAAC,eAAe,EAAEJ,IAAI,CAAC,eAAe,CAAC,CAAC;MACvDE,QAAQ,CAACE,MAAM,CAAC,mBAAmB,EAAEJ,IAAI,CAAC,mBAAmB,CAAC,CAAC;MAC/DE,QAAQ,CAACE,MAAM,CAAC,kBAAkB,EAAEJ,IAAI,CAAC,kBAAkB,CAAC,CAAC;MAC7DE,QAAQ,CAACE,MAAM,CAAC,kBAAkB,EAAEJ,IAAI,CAAC,kBAAkB,CAAC,CAAC;MAE7D,IAAIM,GAAG,GAAG,gCAAgC;MAE1C1B,OAAO,CAACC,GAAG,CAAC,oCAAoC,EAAEyB,GAAG,CAAC;MAEtD,IAAIC,MAAM,GAAG;QACTC,OAAO,EAAE;UACL,cAAc,EAAE;QACpB;MACJ,CAAC;MAEDhC,KAAK,CAACiC,IAAI,CAACH,GAAG,EAAEJ,QAAQ,EAAEK,MAAM,CAAC,CAC5B7B,IAAI,CAACC,QAAQ,IAAI;QACdJ,QAAQ,CAACgB,iBAAiB,CAACZ,QAAQ,CAACG,IAAI,CAAC,QAAQ,CAAC,CAAC,CAAC;MACxD,CAAC,CAAC,CACDC,KAAK,CAAC2B,GAAG,IAAI;QAEV9B,OAAO,CAACC,GAAG,CAAC,oCAAoC,EAAE6B,GAAG,CAAC;QACtD,IACIA,GAAG,IACHA,GAAG,CAAC/B,QAAQ,IACZ+B,GAAG,CAAC/B,QAAQ,CAACG,IAAI,IACjB4B,GAAG,CAAC/B,QAAQ,CAACG,IAAI,CAAC6B,kBAAkB,IACnC,OAAOD,GAAG,CAAC/B,QAAQ,CAACG,IAAI,CAAC6B,kBAAkB,KAAK,QAAS,EAC5D;UACE,IAAIC,aAAa,GAAGF,GAAG,CAAC/B,QAAQ,CAACG,IAAI,CAAC6B,kBAAkB;UACxD,IAAIE,cAAc,GAAG,EAAE;UACvB,IAAIC,YAAY,GAAG,EAAE;UACrBC,MAAM,CAACC,IAAI,CAACJ,aAAa,CAAC,CAACK,OAAO,CAAEC,GAAG,IAAK;YACxCN,aAAa,CAACM,GAAG,CAAC,CAACD,OAAO,CAAEE,GAAG,IAAK;cAChCN,cAAc,CAACO,IAAI,CAACD,GAAG,CAAC;YAC5B,CAAC,CAAC;UACN,CAAC,CAAC;UACFL,YAAY,GAAG,CAAC,GAAG,IAAIO,GAAG,CAACR,cAAc,CAAC,CAAC;UAC3CtC,QAAQ,CAACoB,cAAc,CAACmB,YAAY,CAAC,CAAC;QAC1C,CAAC,MACI;UACDvC,QAAQ,CAACoB,cAAc,CAAC,OAAO,CAAC,CAAC;QACrC;MACJ,CAAC,CAAC;IACV,CAAC;EACL,CAAC;EAGM,MAAM2B,UAAU,GAAGA,CAACC,MAAM,EAAC1D,SAAS,KAAK;IAC5C,OAAO;MACHE,IAAI,EAAEC,WAAW,CAACwD,WAAW;MAC7BD,MAAM,EAAEA,MAAM;MACd1D,SAAS,EAAEA;IACf,CAAC;EACL,CAAC;EAEM,MAAM4D,cAAc,GAAGA,CAACF,MAAM,EAAE1D,SAAS,KAAK;IACjD,OAAOU,QAAQ,IAAI;MACfC,KAAK,CAACkD,MAAM,CAAC,2BAA2B,GAAGH,MAAM,CAAC,CAC7C7C,IAAI,CAACC,QAAQ,IAAI;QACdC,OAAO,CAACC,GAAG,CAAC,0BAA0B,EAAC0C,MAAM,EAAC1D,SAAS,CAAC;QACxDU,QAAQ,CAAC+C,UAAU,CAACC,MAAM,EAAE1D,SAAS,CAAC,CAAC;MAC3C,CAAC,CAAC,CACDkB,KAAK,CAACC,KAAK,IAAI;QACZT,QAAQ,CAACoD,gBAAgB,CAAC,CAAC,CAAC;MAChC,CAAC,CAAC;IACV,CAAC;EACL,CAAC;EAEM,MAAMA,gBAAgB,GAAGA,CAAA,KAAM;IAClC,OAAO;MACH5D,IAAI,EAAEC,WAAW,CAAC4D;IACtB,CAAC;EACL,CAAC;EAIM,MAAMC,aAAa,GAAGA,CAAA,KAAM;IAC/B,OAAO;MACH9D,IAAI,EAAEC,WAAW,CAAC8D;IACtB,CAAC;EACL,CAAC;EAEM,MAAMC,eAAe,GAAIvC,OAAO,IAAK;IACxC,OAAO;MACHzB,IAAI,EAAEC,WAAW,CAACgE,iBAAiB;MACnCC,eAAe,EAAEzC;IACrB,CAAC;EACL,CAAC;EAEM,MAAM0C,YAAY,GAAItC,MAAM,IAAK;IACpChB,OAAO,CAACC,GAAG,CAAC,eAAe,EAAEe,MAAM,CAAC;IACpC,OAAO;MACH7B,IAAI,EAAEC,WAAW,CAACmE,cAAc;MAChCC,cAAc,EAAExC;IACpB,CAAC;EACL,CAAC;EAEM,MAAMyC,QAAQ,GAAGA,CAACrC,IAAI,EAAEnC,SAAS,EAAE0D,MAAM,EAAEtB,KAAK,KAAK;IACxDrB,OAAO,CAACC,GAAG,CAAC,QAAQ,CAAC;IACrB,OAAON,QAAQ,IAAI;MACfA,QAAQ,CAACsD,aAAa,CAAC,CAAC,CAAC;MACzBjD,OAAO,CAACC,GAAG,CAAC,KAAK,EAAEmB,IAAI,CAAC;MAExB,IAAIE,QAAQ,GAAG,IAAIC,QAAQ,CAAC,CAAC;MAE7B,IAAImC,qBAAqB,GAAItC,IAAI,CAAC,sBAAsB,CAAC,GAAIA,IAAI,CAAC,sBAAsB,CAAC,CAACK,IAAI,GAAG,EAAE;MACnGH,QAAQ,CAACE,MAAM,CAAC,SAAS,EAAEmB,MAAM,CAAC;MAClCrB,QAAQ,CAACE,MAAM,CAAC,YAAY,EAAEvC,SAAS,CAAC;MACxCqC,QAAQ,CAACE,MAAM,CAAC,oBAAoB,EAAEJ,IAAI,CAAC,oBAAoB,CAAC,CAAC;MACjEE,QAAQ,CAACE,MAAM,CAAC,iBAAiB,EAAEJ,IAAI,CAAC,iBAAiB,CAAC,CAAC;MAC3DE,QAAQ,CAACE,MAAM,CAAC,0BAA0B,EAAEJ,IAAI,CAAC,0BAA0B,CAAC,CAAC;MAC7EE,QAAQ,CAACE,MAAM,CAAC,mCAAmC,EAAEJ,IAAI,CAAC,mCAAmC,CAAC,CAAC;MAC/F;MACAE,QAAQ,CAACE,MAAM,CAAC,aAAa,EAAEJ,IAAI,CAAC,aAAa,CAAC,CAAC;MACnDE,QAAQ,CAACE,MAAM,CAAC,aAAa,EAAEJ,IAAI,CAAC,aAAa,CAAC,CAAC;MACnDE,QAAQ,CAACE,MAAM,CAAC,UAAU,EAAEJ,IAAI,CAAC,UAAU,CAAC,CAAC;MAC7C;MACA;MACAE,QAAQ,CAACE,MAAM,CAAC,uBAAuB,EAAE,CAAC,CAAC;MAC3CF,QAAQ,CAACE,MAAM,CAAC,qBAAqB,EAAE,CAAC,CAAC;MACzCF,QAAQ,CAACE,MAAM,CAAC,WAAW,EAAEJ,IAAI,CAAC,WAAW,CAAC,CAAC;MAC/C;MACAE,QAAQ,CAACE,MAAM,CAAC,uBAAuB,EAAEJ,IAAI,CAAC,uBAAuB,CAAC,CAAC;MACvE,IAAIA,IAAI,CAAC,uBAAuB,CAAC,IAAI,CAAC,EAAE;QACpCE,QAAQ,CAACE,MAAM,CAAC,uBAAuB,EAAEJ,IAAI,CAAC,uBAAuB,CAAC,CAAC;MAC3E;MACAE,QAAQ,CAACE,MAAM,CAAC,uBAAuB,EAAEJ,IAAI,CAAC,uBAAuB,CAAC,CAAC;MACvEE,QAAQ,CAACE,MAAM,CAAC,cAAc,EAAEJ,IAAI,CAAC,cAAc,CAAC,CAAC;MACrDE,QAAQ,CAACE,MAAM,CAAC,uBAAuB,EAAEkC,qBAAqB,CAAC;MAC/DpC,QAAQ,CAACE,MAAM,CAAC,eAAe,EAAEJ,IAAI,CAAC,eAAe,CAAC,CAAC;MACvDE,QAAQ,CAACE,MAAM,CAAC,mBAAmB,EAAEJ,IAAI,CAAC,mBAAmB,CAAC,CAAC;MAC/DE,QAAQ,CAACE,MAAM,CAAC,kBAAkB,EAAEJ,IAAI,CAAC,kBAAkB,CAAC,CAAC;MAC7DE,QAAQ,CAACE,MAAM,CAAC,kBAAkB,EAAEJ,IAAI,CAAC,kBAAkB,CAAC,CAAC;MAE7DpB,OAAO,CAACC,GAAG,CAAC,aAAa,CAAC;MAC1B,IAAIyB,GAAG,GAAG,kCAAkC,GAAGiB,MAAM;MAErD3C,OAAO,CAACC,GAAG,CAAC,kCAAkC,EAAEyB,GAAG,CAAC;MAEpD,IAAIC,MAAM,GAAG;QACTC,OAAO,EAAE;UACL,cAAc,EAAE;QACpB;MACJ,CAAC;MAEDhC,KAAK,CAACiC,IAAI,CAACH,GAAG,EAAEJ,QAAQ,EAAEK,MAAM,CAAC,CAC5B7B,IAAI,CAACC,QAAQ,IAAI;QACdJ,QAAQ,CAACwD,eAAe,CAACpD,QAAQ,CAACG,IAAI,CAAC,QAAQ,CAAC,CAAC,CAAC;MACtD,CAAC,CAAC,CACDC,KAAK,CAAC2B,GAAG,IAAI;QAEV9B,OAAO,CAACC,GAAG,CAAC,kCAAkC,EAAE6B,GAAG,CAAC;QACpD,IACIA,GAAG,IACHA,GAAG,CAAC/B,QAAQ,IACZ+B,GAAG,CAAC/B,QAAQ,CAACG,IAAI,IACjB4B,GAAG,CAAC/B,QAAQ,CAACG,IAAI,CAAC6B,kBAAkB,IACnC,OAAOD,GAAG,CAAC/B,QAAQ,CAACG,IAAI,CAAC6B,kBAAkB,KAAK,QAAS,EAC5D;UACE,IAAIC,aAAa,GAAGF,GAAG,CAAC/B,QAAQ,CAACG,IAAI,CAAC6B,kBAAkB;UACxD,IAAIE,cAAc,GAAG,EAAE;UACvB,IAAIC,YAAY,GAAG,EAAE;UACrBC,MAAM,CAACC,IAAI,CAACJ,aAAa,CAAC,CAACK,OAAO,CAAEC,GAAG,IAAK;YACxCN,aAAa,CAACM,GAAG,CAAC,CAACD,OAAO,CAAEE,GAAG,IAAK;cAChCN,cAAc,CAACO,IAAI,CAACD,GAAG,CAAC;YAC5B,CAAC,CAAC;UACN,CAAC,CAAC;UACFL,YAAY,GAAG,CAAC,GAAG,IAAIO,GAAG,CAACR,cAAc,CAAC,CAAC;UAC3CtC,QAAQ,CAAC2D,YAAY,CAACpB,YAAY,CAAC,CAAC;QACxC,CAAC,MACI;UACDvC,QAAQ,CAAC2D,YAAY,CAAC,OAAO,CAAC,CAAC;QACnC;MACJ,CAAC,CAAC;IACV,CAAC;EACL,CAAC;AAAA,EAAAK,IAAA,OAAAC,MAAA"},"sourceType":"module","externalDependencies":{},"hash":"cad8b08473b8888047d2ae72cc563e2778c771f7"}
