{"metadata":{},"options":{"assumptions":{},"compact":false,"sourceMaps":true,"ast":true,"babelrc":false,"configFile":false,"parserOpts":{"sourceType":"module","sourceFileName":"/home/ani/Mergerware_assignment/Mererware_meteor/Mergerware_loanify/packages/boilerplate-generator/template-web.cordova.js","plugins":["*","flow","jsx","asyncGenerators","bigInt","classPrivateMethods","classPrivateProperties","classProperties","doExpressions","dynamicImport","exportDefaultFrom","exportExtensions","exportNamespaceFrom","functionBind","functionSent","importMeta","nullishCoalescingOperator","numericSeparator","objectRestSpread","optionalCatchBinding","optionalChaining",["pipelineOperator",{"proposal":"minimal"}],"throwExpressions","objectRestSpread","objectRestSpread","asyncGenerators","classProperties","classPrivateProperties","jsx","nullishCoalescingOperator","nullishCoalescingOperator","optionalChaining","optionalChaining","optionalCatchBinding","optionalCatchBinding","classProperties","classPrivateProperties","classPrivateMethods","classProperties","classPrivateProperties","asyncGenerators","asyncGenerators","objectRestSpread","objectRestSpread","logicalAssignment"],"allowImportExportEverywhere":true,"allowReturnOutsideFunction":true,"allowUndeclaredExports":true,"strictMode":false},"caller":{"name":"meteor","arch":"os.linux.x86_64"},"sourceFileName":"packages/boilerplate-generator/template-web.cordova.js","filename":"/home/ani/Mergerware_assignment/Mererware_meteor/Mergerware_loanify/packages/boilerplate-generator/template-web.cordova.js","targets":{},"cloneInputAst":true,"browserslistConfigFile":false,"passPerPreset":false,"envName":"development","cwd":"/home/ani/Mergerware_assignment/Mererware_meteor/Mergerware_loanify","root":"/home/ani/Mergerware_assignment/Mererware_meteor/Mergerware_loanify","rootMode":"root","plugins":[{"key":"base$0","visitor":{"_exploded":true,"_verified":true},"options":{},"externalDependencies":[]},{"key":"base$0$0","visitor":{"Program":{"enter":[null],"exit":[null]},"_exploded":true,"_verified":true},"options":{"avoidModernSyntax":false,"enforceStrictMode":false,"dynamicImport":true,"generateLetDeclarations":true},"externalDependencies":[]},{"key":"transform-runtime","visitor":{"MemberExpression":{"enter":[null]},"ObjectPattern":{"enter":[null]},"BinaryExpression":{"enter":[null]},"Identifier":{"enter":[null]},"JSXIdentifier":{"enter":[null]},"_exploded":true,"_verified":true},"options":{"version":"7.17.2","helpers":true,"useESModules":false,"corejs":false},"externalDependencies":[]},{"key":"syntax-object-rest-spread","visitor":{"_exploded":true,"_verified":true},"options":{},"externalDependencies":[]},{"key":"proposal-object-rest-spread","visitor":{"VariableDeclarator":{"enter":[null]},"ExportNamedDeclaration":{"enter":[null]},"CatchClause":{"enter":[null]},"AssignmentExpression":{"enter":[null]},"ArrayPattern":{"enter":[null]},"ObjectExpression":{"enter":[null]},"FunctionDeclaration":{"enter":[null]},"FunctionExpression":{"enter":[null]},"ObjectMethod":{"enter":[null]},"ArrowFunctionExpression":{"enter":[null]},"ClassMethod":{"enter":[null]},"ClassPrivateMethod":{"enter":[null]},"ForInStatement":{"enter":[null]},"ForOfStatement":{"enter":[null]},"_exploded":true,"_verified":true},"options":{},"externalDependencies":[]},{"key":"transform-meteor-async-await","visitor":{"AwaitExpression":{"enter":[null]},"_exploded":true,"_verified":true,"FunctionDeclaration":{"exit":[null]},"FunctionExpression":{"exit":[null]},"ObjectMethod":{"exit":[null]},"ArrowFunctionExpression":{"exit":[null]},"ClassMethod":{"exit":[null]},"ClassPrivateMethod":{"exit":[null]}},"options":{"useNativeAsyncAwait":false},"externalDependencies":[]},{"key":"proposal-async-generator-functions","visitor":{"Program":{"enter":[null]},"_exploded":true,"_verified":true},"options":{},"externalDependencies":[]},{"key":"proposal-class-properties","visitor":{"ExportDefaultDeclaration":{"enter":[null]},"_exploded":true,"_verified":true,"ClassExpression":{"enter":[null]},"ClassDeclaration":{"enter":[null]}},"options":{"loose":true},"externalDependencies":[]},{"key":"transform-react-jsx","visitor":{"JSXNamespacedName":{"enter":[null]},"JSXSpreadChild":{"enter":[null]},"Program":{"enter":[null]},"JSXFragment":{"exit":[null]},"JSXElement":{"exit":[null]},"JSXAttribute":{"enter":[null]},"_exploded":true,"_verified":true},"options":{"pragma":"React.createElement","pragmaFrag":"React.Fragment","runtime":"classic","throwIfNamespace":true,"useBuiltIns":false},"externalDependencies":[]},{"key":"transform-react-display-name","visitor":{"ExportDefaultDeclaration":{"enter":[null]},"CallExpression":{"enter":[null]},"_exploded":true,"_verified":true},"options":{},"externalDependencies":[]},{"key":"transform-react-pure-annotations","visitor":{"CallExpression":{"enter":[null]},"_exploded":true,"_verified":true},"options":{},"externalDependencies":[]},{"key":"syntax-nullish-coalescing-operator","visitor":{"_exploded":true,"_verified":true},"options":{},"externalDependencies":[]},{"key":"proposal-nullish-coalescing-operator","visitor":{"LogicalExpression":{"enter":[null]},"_exploded":true,"_verified":true},"options":{},"externalDependencies":[]},{"key":"syntax-optional-chaining","visitor":{"_exploded":true,"_verified":true},"options":{},"externalDependencies":[]},{"key":"proposal-optional-chaining","visitor":{"OptionalCallExpression":{"enter":[null]},"OptionalMemberExpression":{"enter":[null]},"_exploded":true,"_verified":true},"options":{},"externalDependencies":[]},{"key":"syntax-optional-catch-binding","visitor":{"_exploded":true,"_verified":true},"options":{},"externalDependencies":[]},{"key":"proposal-optional-catch-binding","visitor":{"CatchClause":{"enter":[null]},"_exploded":true,"_verified":true},"options":{},"externalDependencies":[]},{"key":"syntax-class-properties","visitor":{"_exploded":true,"_verified":true},"options":{},"externalDependencies":[]},{"key":"proposal-class-properties","visitor":{"ExportDefaultDeclaration":{"enter":[null]},"_exploded":true,"_verified":true,"ClassExpression":{"enter":[null]},"ClassDeclaration":{"enter":[null]}},"options":{},"externalDependencies":[]},{"key":"syntax-async-generators","visitor":{"_exploded":true,"_verified":true},"options":{},"externalDependencies":[]},{"key":"proposal-async-generator-functions","visitor":{"Program":{"enter":[null]},"_exploded":true,"_verified":true},"options":{},"externalDependencies":[]},{"key":"syntax-object-rest-spread","visitor":{"_exploded":true,"_verified":true},"options":{},"externalDependencies":[]},{"key":"proposal-object-rest-spread","visitor":{"VariableDeclarator":{"enter":[null]},"ExportNamedDeclaration":{"enter":[null]},"CatchClause":{"enter":[null]},"AssignmentExpression":{"enter":[null]},"ArrayPattern":{"enter":[null]},"ObjectExpression":{"enter":[null]},"FunctionDeclaration":{"enter":[null]},"FunctionExpression":{"enter":[null]},"ObjectMethod":{"enter":[null]},"ArrowFunctionExpression":{"enter":[null]},"ClassMethod":{"enter":[null]},"ClassPrivateMethod":{"enter":[null]},"ForInStatement":{"enter":[null]},"ForOfStatement":{"enter":[null]},"_exploded":true,"_verified":true},"options":{},"externalDependencies":[]},{"key":"proposal-logical-assignment-operators","visitor":{"AssignmentExpression":{"enter":[null]},"_exploded":true,"_verified":true},"options":{},"externalDependencies":[]},{"key":"transform-literals","visitor":{"NumericLiteral":{"enter":[null]},"StringLiteral":{"enter":[null]},"_exploded":true,"_verified":true},"options":{},"externalDependencies":[]},{"key":"transform-template-literals","visitor":{"TaggedTemplateExpression":{"enter":[null]},"TemplateLiteral":{"enter":[null]},"_exploded":true,"_verified":true},"options":{},"externalDependencies":[]},{"key":"transform-parameters","visitor":{"_exploded":true,"_verified":true,"FunctionDeclaration":{"enter":[null]},"FunctionExpression":{"enter":[null]},"ObjectMethod":{"enter":[null]},"ArrowFunctionExpression":{"enter":[null]},"ClassMethod":{"enter":[null]},"ClassPrivateMethod":{"enter":[null]}},"options":{},"externalDependencies":[]},{"key":"transform-exponentiation-operator","visitor":{"AssignmentExpression":{"enter":[null]},"BinaryExpression":{"enter":[null]},"_exploded":true,"_verified":true},"options":{},"externalDependencies":[]}],"presets":[],"generatorOpts":{"filename":"/home/ani/Mergerware_assignment/Mererware_meteor/Mergerware_loanify/packages/boilerplate-generator/template-web.cordova.js","comments":true,"compact":false,"sourceMaps":true,"sourceFileName":"packages/boilerplate-generator/template-web.cordova.js"}},"code":"module.export({\n  headTemplate: () => headTemplate,\n  closeTemplate: () => closeTemplate\n});\nlet template;\nmodule.link(\"./template\", {\n  default(v) {\n    template = v;\n  }\n}, 0);\nconst headTemplate = _ref => {\n  let {\n    meteorRuntimeConfig,\n    rootUrlPathPrefix,\n    inlineScriptsAllowed,\n    css,\n    js,\n    additionalStaticJs,\n    htmlAttributes,\n    bundledJsCssUrlRewriteHook,\n    head,\n    dynamicHead\n  } = _ref;\n  var headSections = head.split(/<meteor-bundled-css[^<>]*>/, 2);\n  var cssBundle = [\n  // We are explicitly not using bundledJsCssUrlRewriteHook: in cordova we serve assets up directly from disk, so rewriting the URL does not make sense\n  ...(css || []).map(file => template('  <link rel=\"stylesheet\" type=\"text/css\" class=\"__meteor-css__\" href=\"<%- href %>\">')({\n    href: file.url\n  }))].join('\\n');\n  return ['<html>', '<head>', '  <meta charset=\"utf-8\">', '  <meta name=\"format-detection\" content=\"telephone=no\">', '  <meta name=\"viewport\" content=\"user-scalable=no, initial-scale=1, maximum-scale=1, minimum-scale=1, width=device-width, height=device-height, viewport-fit=cover\">', '  <meta name=\"msapplication-tap-highlight\" content=\"no\">', '  <meta http-equiv=\"Content-Security-Policy\" content=\"default-src * android-webview-video-poster: gap: data: blob: \\'unsafe-inline\\' \\'unsafe-eval\\' ws: wss:;\">', headSections.length === 1 ? [cssBundle, headSections[0]].join('\\n') : [headSections[0], cssBundle, headSections[1]].join('\\n'), '  <script type=\"text/javascript\">', template('    __meteor_runtime_config__ = JSON.parse(decodeURIComponent(<%= conf %>));')({\n    conf: meteorRuntimeConfig\n  }), '    if (/Android/i.test(navigator.userAgent)) {',\n  // When Android app is emulated, it cannot connect to localhost,\n  // instead it should connect to 10.0.2.2\n  // (unless we\\'re using an http proxy; then it works!)\n  '      if (!__meteor_runtime_config__.httpProxyPort) {', '        __meteor_runtime_config__.ROOT_URL = (__meteor_runtime_config__.ROOT_URL || \\'\\').replace(/localhost/i, \\'10.0.2.2\\');', '        __meteor_runtime_config__.DDP_DEFAULT_CONNECTION_URL = (__meteor_runtime_config__.DDP_DEFAULT_CONNECTION_URL || \\'\\').replace(/localhost/i, \\'10.0.2.2\\');', '      }', '    }', '  </script>', '', '  <script type=\"text/javascript\" src=\"/cordova.js\"></script>', ...(js || []).map(file => template('  <script type=\"text/javascript\" src=\"<%- src %>\"></script>')({\n    src: file.url\n  })), ...(additionalStaticJs || []).map(_ref2 => {\n    let {\n      contents,\n      pathname\n    } = _ref2;\n    return inlineScriptsAllowed ? template('  <script><%= contents %></script>')({\n      contents\n    }) : template('  <script type=\"text/javascript\" src=\"<%- src %>\"></script>')({\n      src: rootUrlPathPrefix + pathname\n    });\n  }), '', '</head>', '', '<body>'].join('\\n');\n};\nfunction closeTemplate() {\n  return \"</body>\\n</html>\";\n}","map":{"version":3,"names":["module","export","headTemplate","closeTemplate","template","link","default","v","_ref","meteorRuntimeConfig","rootUrlPathPrefix","inlineScriptsAllowed","css","js","additionalStaticJs","htmlAttributes","bundledJsCssUrlRewriteHook","head","dynamicHead","headSections","split","cssBundle","map","file","href","url","join","length","conf","src","_ref2","contents","pathname"],"sources":["packages/boilerplate-generator/template-web.cordova.js"],"sourcesContent":["import template from './template';\n\n// Template function for rendering the boilerplate html for cordova\nexport const headTemplate = ({\n  meteorRuntimeConfig,\n  rootUrlPathPrefix,\n  inlineScriptsAllowed,\n  css,\n  js,\n  additionalStaticJs,\n  htmlAttributes,\n  bundledJsCssUrlRewriteHook,\n  head,\n  dynamicHead,\n}) => {\n  var headSections = head.split(/<meteor-bundled-css[^<>]*>/, 2);\n  var cssBundle = [\n    // We are explicitly not using bundledJsCssUrlRewriteHook: in cordova we serve assets up directly from disk, so rewriting the URL does not make sense\n    ...(css || []).map(file =>\n      template('  <link rel=\"stylesheet\" type=\"text/css\" class=\"__meteor-css__\" href=\"<%- href %>\">')({\n        href: file.url,\n      })\n  )].join('\\n');\n\n  return [\n    '<html>',\n    '<head>',\n    '  <meta charset=\"utf-8\">',\n    '  <meta name=\"format-detection\" content=\"telephone=no\">',\n    '  <meta name=\"viewport\" content=\"user-scalable=no, initial-scale=1, maximum-scale=1, minimum-scale=1, width=device-width, height=device-height, viewport-fit=cover\">',\n    '  <meta name=\"msapplication-tap-highlight\" content=\"no\">',\n    '  <meta http-equiv=\"Content-Security-Policy\" content=\"default-src * android-webview-video-poster: gap: data: blob: \\'unsafe-inline\\' \\'unsafe-eval\\' ws: wss:;\">',\n\n  (headSections.length === 1)\n    ? [cssBundle, headSections[0]].join('\\n')\n    : [headSections[0], cssBundle, headSections[1]].join('\\n'),\n\n    '  <script type=\"text/javascript\">',\n    template('    __meteor_runtime_config__ = JSON.parse(decodeURIComponent(<%= conf %>));')({\n      conf: meteorRuntimeConfig,\n    }),\n    '    if (/Android/i.test(navigator.userAgent)) {',\n    // When Android app is emulated, it cannot connect to localhost,\n    // instead it should connect to 10.0.2.2\n    // (unless we\\'re using an http proxy; then it works!)\n    '      if (!__meteor_runtime_config__.httpProxyPort) {',\n    '        __meteor_runtime_config__.ROOT_URL = (__meteor_runtime_config__.ROOT_URL || \\'\\').replace(/localhost/i, \\'10.0.2.2\\');',\n    '        __meteor_runtime_config__.DDP_DEFAULT_CONNECTION_URL = (__meteor_runtime_config__.DDP_DEFAULT_CONNECTION_URL || \\'\\').replace(/localhost/i, \\'10.0.2.2\\');',\n    '      }',\n    '    }',\n    '  </script>',\n    '',\n    '  <script type=\"text/javascript\" src=\"/cordova.js\"></script>',\n\n    ...(js || []).map(file =>\n      template('  <script type=\"text/javascript\" src=\"<%- src %>\"></script>')({\n        src: file.url,\n      })\n    ),\n\n    ...(additionalStaticJs || []).map(({ contents, pathname }) => (\n      inlineScriptsAllowed\n        ? template('  <script><%= contents %></script>')({\n          contents,\n        })\n        : template('  <script type=\"text/javascript\" src=\"<%- src %>\"></script>')({\n          src: rootUrlPathPrefix + pathname\n        })\n    )),\n    '',\n    '</head>',\n    '',\n    '<body>',\n  ].join('\\n');\n};\n\nexport function closeTemplate() {\n  return \"</body>\\n</html>\";\n}\n"],"mappings":"AAAAA,MAAM,CAACC,MAAM,CAAC;EAACC,YAAY,EAACA,CAAA,KAAIA,YAAY;EAACC,aAAa,EAACA,CAAA,KAAIA;AAAa,CAAC,CAAC;AAAC,IAAIC,QAAQ;AAACJ,MAAM,CAACK,IAAI,CAAC,YAAY,EAAC;EAACC,OAAOA,CAACC,CAAC,EAAC;IAACH,QAAQ,GAACG,CAAC;EAAA;AAAC,CAAC,EAAC,CAAC,CAAC;AAGzI,MAAML,YAAY,GAAGM,IAAA,IAWtB;EAAA,IAXuB;IAC3BC,mBAAmB;IACnBC,iBAAiB;IACjBC,oBAAoB;IACpBC,GAAG;IACHC,EAAE;IACFC,kBAAkB;IAClBC,cAAc;IACdC,0BAA0B;IAC1BC,IAAI;IACJC;EACF,CAAC,GAAAV,IAAA;EACC,IAAIW,YAAY,GAAGF,IAAI,CAACG,KAAK,CAAC,4BAA4B,EAAE,CAAC,CAAC;EAC9D,IAAIC,SAAS,GAAG;EACd;EACA,GAAG,CAACT,GAAG,IAAI,EAAE,EAAEU,GAAG,CAACC,IAAI,IACrBnB,QAAQ,CAAC,qFAAqF,CAAC,CAAC;IAC9FoB,IAAI,EAAED,IAAI,CAACE;EACb,CAAC,CACL,CAAC,CAAC,CAACC,IAAI,CAAC,IAAI,CAAC;EAEb,OAAO,CACL,QAAQ,EACR,QAAQ,EACR,0BAA0B,EAC1B,yDAAyD,EACzD,sKAAsK,EACtK,0DAA0D,EAC1D,kKAAkK,EAEnKP,YAAY,CAACQ,MAAM,KAAK,CAAC,GACtB,CAACN,SAAS,EAAEF,YAAY,CAAC,CAAC,CAAC,CAAC,CAACO,IAAI,CAAC,IAAI,CAAC,GACvC,CAACP,YAAY,CAAC,CAAC,CAAC,EAAEE,SAAS,EAAEF,YAAY,CAAC,CAAC,CAAC,CAAC,CAACO,IAAI,CAAC,IAAI,CAAC,EAE1D,mCAAmC,EACnCtB,QAAQ,CAAC,8EAA8E,CAAC,CAAC;IACvFwB,IAAI,EAAEnB;EACR,CAAC,CAAC,EACF,iDAAiD;EACjD;EACA;EACA;EACA,uDAAuD,EACvD,gIAAgI,EAChI,oKAAoK,EACpK,SAAS,EACT,OAAO,EACP,aAAa,EACb,EAAE,EACF,8DAA8D,EAE9D,GAAG,CAACI,EAAE,IAAI,EAAE,EAAES,GAAG,CAACC,IAAI,IACpBnB,QAAQ,CAAC,6DAA6D,CAAC,CAAC;IACtEyB,GAAG,EAAEN,IAAI,CAACE;EACZ,CAAC,CACH,CAAC,EAED,GAAG,CAACX,kBAAkB,IAAI,EAAE,EAAEQ,GAAG,CAACQ,KAAA;IAAA,IAAC;MAAEC,QAAQ;MAAEC;IAAS,CAAC,GAAAF,KAAA;IAAA,OACvDnB,oBAAoB,GAChBP,QAAQ,CAAC,oCAAoC,CAAC,CAAC;MAC/C2B;IACF,CAAC,CAAC,GACA3B,QAAQ,CAAC,6DAA6D,CAAC,CAAC;MACxEyB,GAAG,EAAEnB,iBAAiB,GAAGsB;IAC3B,CAAC,CAAC;EAAA,CACL,CAAC,EACF,EAAE,EACF,SAAS,EACT,EAAE,EACF,QAAQ,CACT,CAACN,IAAI,CAAC,IAAI,CAAC;AACd,CAAC;AAEM,SAASvB,aAAaA,CAAA,EAAG;EAC9B,OAAO,kBAAkB;AAC3B"},"sourceType":"module","externalDependencies":{},"hash":"ce9a8810bb297219068bf42c7d678eb2a8f51750"}
