{"metadata":{},"options":{"assumptions":{},"compact":false,"sourceMaps":true,"ast":true,"babelrc":false,"configFile":false,"parserOpts":{"sourceType":"module","sourceFileName":"/home/ani/Mergerware_assignment/Mererware_meteor/Mergerware_loanify/imports/ui/components/AccountsCreateAccount/Forms/CreateAccountForm.js","plugins":["*","flow","jsx","asyncGenerators","bigInt","classPrivateMethods","classPrivateProperties","classProperties","doExpressions","dynamicImport","exportDefaultFrom","exportExtensions","exportNamespaceFrom","functionBind","functionSent","importMeta","nullishCoalescingOperator","numericSeparator","objectRestSpread","optionalCatchBinding","optionalChaining",["pipelineOperator",{"proposal":"minimal"}],"throwExpressions","classProperties","classPrivateProperties","jsx","nullishCoalescingOperator","nullishCoalescingOperator","optionalChaining","optionalChaining","optionalCatchBinding","optionalCatchBinding","classProperties","classPrivateProperties","classPrivateMethods","classProperties","classPrivateProperties","asyncGenerators","asyncGenerators","objectRestSpread","objectRestSpread","logicalAssignment"],"allowImportExportEverywhere":true,"allowReturnOutsideFunction":true,"allowUndeclaredExports":true,"strictMode":false},"caller":{"name":"meteor","arch":"web.browser.legacy"},"sourceFileName":"imports/ui/components/AccountsCreateAccount/Forms/CreateAccountForm.js","filename":"/home/ani/Mergerware_assignment/Mererware_meteor/Mergerware_loanify/imports/ui/components/AccountsCreateAccount/Forms/CreateAccountForm.js","inputSourceMap":{"version":3,"names":["React","Component","Form","Icon","Input","Button","Checkbox","Select","Cascader","InputNumber","Upload","Typography","Radio","PageHeader","notification","styles","actions","connect","Redirect","CreateAccountForm","state","idCardAttachment","handleSubmit","e","preventDefault","props","form","validateFields","err","values","console","log","newAccount","type","account_name","account_id_card","account_phone_no","id_card_attachment","nation_id","createAccount","componentDidUpdate","prevProps","createAccountLoading","createAccountMessage","success","message","description","placement","render","authRedirect","createdAccountRedirect","isAuthenticated","onRemove","file","setState","beforeUpload","getFieldDecorator","Text","serverErrors","createAccountErrors","length","lis","map","value","index","window","history","back","span","rules","required","CreateAccountButton","mapStateToProps","loading","auth","error","access_token","authRedirectPath","accounts","mapDispatchToProps","dispatch","login","email","password","setAuthRedirectPath","account","token","create"],"sources":["imports/ui/components/AccountsCreateAccount/Forms/CreateAccountForm.js"],"sourcesContent":["import React, { Component } from 'react';\nimport { Form, Icon, Input, Button, Checkbox, Select, Cascader,\n         InputNumber, Upload, Typography, Radio,\n         PageHeader, notification} from 'antd';\nimport styles from './CreateAccountForm.module.css';\nimport * as actions from '../../../store/actions/index';\nimport { connect } from 'react-redux';\nimport { Redirect } from 'react-router-dom';\n\nclass CreateAccountForm extends Component {\n    state = { idCardAttachment: [] }\n    handleSubmit = e => {\n        e.preventDefault();\n\n        this.props.form.validateFields((err, values) => {\n            if (!err) {\n                console.log('Received values of form: ', values);\n                let newAccount = {\n                    type: values.type,\n                    account_name: values.account_name,\n                    account_id_card: values.account_id_card,\n                    account_phone_no: values.account_phone_no,\n                    id_card_attachment: this.state.idCardAttachment[0],\n                    nation_id: 3\n                };\n                this.props.createAccount(newAccount, 'sdsdsd');\n            }\n        });\n    };\n\n\n    componentDidUpdate=(prevProps)=> {\n        if(\n            prevProps.createAccountLoading!==this.props.createAccountLoading &&\n            this.props.createAccountLoading === false &&\n            prevProps.createAccountMessage!==this.props.createAccountMessage&&\n            this.props.createAccountMessage !== null\n        ){\n            notification.success({\n                message:\"Success\",\n                description:\"Successfully updated account.\",\n                placement:\"topRight\"\n            });\n        }\n    }\n\n\n    render() {\n        let authRedirect = null;\n        let createdAccountRedirect = null;\n\n        if (this.props.createAccountMessage != null) {\n            createdAccountRedirect = <Redirect to=\"/\" />\n        }\n        const { idCardAttachment } = this.state;\n        if (!this.props.isAuthenticated) {\n            authRedirect = <Redirect to=\"/\" />\n        }\n        const props = {\n            onRemove: file => {\n                this.setState({\n                    idCardAttachment: []\n                });\n            },\n            beforeUpload: file => {\n                this.setState({\n                    idCardAttachment: [file],\n                });\n                return false;\n            },\n            idCardAttachment,\n        };\n        const { getFieldDecorator } = this.props.form;\n        const { Text } = Typography;\n\n        let serverErrors = null;\n\n        if (this.props.createAccountErrors.length > 0) {\n            let lis =\n                this.props.createAccountErrors.map((value, index) => (\n                    <li key={index}><Text type=\"danger\">{value}</Text></li>\n                ));\n            serverErrors = (<ul>{lis}</ul>)\n        }\n        return (\n            <div>\n                {/*authRedirect*/}\n                {createdAccountRedirect}\n                {serverErrors}\n                <PageHeader\n                    title=\"Create Account\"\n                    onBack={() => window.history.back()}\n                />\n                <Form labelCol={{ span: 24 }} wrapperCol={{ span: 24 }} onSubmit={this.handleSubmit}>\n                    <Form.Item label=\"Name\">\n                        {getFieldDecorator('account_name', {\n                            rules: [{ required: true, message: 'Please input name!' }],\n                        })(\n                            <Input\n                                placeholder=\"Name\"\n                                size=\"large\"\n                            />,\n                        )}\n                    </Form.Item>\n                    <Form.Item label=\"National ID No\">\n                        {getFieldDecorator('account_id_card', {\n                            rules: [{ required: true, message: 'Please input ID Card Number!' }],\n                        })(\n                            <Input\n                                placeholder=\"National ID No\"\n                                size=\"large\"\n                            />,\n                        )}\n                    </Form.Item>\n                    <Form.Item label=\"Phone Number\">\n                        {getFieldDecorator('account_phone_no', {\n                            rules: [{ required: true, message: 'Please input Phone Number!' }],\n                        })(\n                            <Input\n                                placeholder=\"Phone Number\"\n                                size=\"large\"\n                            />,\n                        )}\n                    </Form.Item>\n                    <Form.Item label=\"National ID Card\">\n                        {getFieldDecorator('id_card_attachment', {\n                            rules: [{ required: true, message: 'Please upload id card!' }],\n                        })(\n\n                            <Upload\n                                multiple={false}\n                                fileList={this.state.idCardAttachment}\n                                {...props}>\n                                <Button> <Icon type=\"upload\" /> Select File </Button>\n                            </Upload>\n                        )}\n                    </Form.Item>\n\t            <Form.Item label=\"Type\">\n\t\t        {getFieldDecorator('type',{\n                            rules: [{ required: true, message: 'Please select account type!' }],\n\t\t\t})(\n\t\t\t     <Radio.Group\n\t\t\t     >\n\t\t\t         <Radio value=\"0\">Organization</Radio>\n\t\t\t         <Radio value=\"1\">Individual</Radio>\n\t\t\t     </Radio.Group>,\n\t\t\t )}\n\t\t   </Form.Item>\n                    <Button type=\"primary\"\n                        htmlType=\"submit\"\n                        className={styles.CreateAccountButton}\n                        size=\"large\"\n                    >\n                        Create Account\n                   </Button>\n                </Form >\n            </div >\n        );\n    }\n}\n\nconst mapStateToProps = state => {\n    return {\n        loading: state.auth.loading,\n        error: state.auth.error,\n        isAuthenticated: state.auth.access_token !== null,\n        authRedirectPath: state.auth.authRedirectPath,\n        createAccountLoading: state.accounts.createAccountLoading,\n        createAccountMessage: state.accounts.createAccountMessage,\n        createAccountErrors: state.accounts.createAccountErrors\n    }\n}\nconst mapDispatchToProps = dispatch => {\n    return {\n        login: (email, password) => dispatch(actions.login(email, password)),\n        setAuthRedirectPath: () => dispatch(actions.setAuthRedirectPath('/ ')),\n        createAccount: (account, token) => dispatch(actions.createAccount(account, token))\n    }\n}\n//export default Form.create()(LoginForm);\nexport default connect(mapStateToProps, mapDispatchToProps)(Form.create()(CreateAccountForm));\n"],"mappings":";AAAA,OAAOA,KAAK,IAAIC,SAAS,QAAQ,OAAO;AACxC,SAASC,IAAI,EAAEC,IAAI,EAAEC,KAAK,EAAEC,MAAM,EAAEC,QAAQ,EAAEC,MAAM,EAAEC,QAAQ,EACrDC,WAAW,EAAEC,MAAM,EAAEC,UAAU,EAAEC,KAAK,EACtCC,UAAU,EAAEC,YAAY,QAAO,MAAM;AAC9C,OAAOC,MAAM,MAAM,gCAAgC;AACnD,OAAO,KAAKC,OAAO,MAAM,8BAA8B;AACvD,SAASC,OAAO,QAAQ,aAAa;AACrC,SAASC,QAAQ,QAAQ,kBAAkB;AAE3C,MAAMC,iBAAiB,SAASlB,SAAS,CAAC;EACtCmB,KAAK,GAAG;IAAEC,gBAAgB,EAAE;EAAG,CAAC;EAChCC,YAAY,GAAGC,CAAC,IAAI;IAChBA,CAAC,CAACC,cAAc,CAAC,CAAC;IAElB,IAAI,CAACC,KAAK,CAACC,IAAI,CAACC,cAAc,CAAC,CAACC,GAAG,EAAEC,MAAM,KAAK;MAC5C,IAAI,CAACD,GAAG,EAAE;QACNE,OAAO,CAACC,GAAG,CAAC,2BAA2B,EAAEF,MAAM,CAAC;QAChD,IAAIG,UAAU,GAAG;UACbC,IAAI,EAAEJ,MAAM,CAACI,IAAI;UACjBC,YAAY,EAAEL,MAAM,CAACK,YAAY;UACjCC,eAAe,EAAEN,MAAM,CAACM,eAAe;UACvCC,gBAAgB,EAAEP,MAAM,CAACO,gBAAgB;UACzCC,kBAAkB,EAAE,IAAI,CAACjB,KAAK,CAACC,gBAAgB,CAAC,CAAC,CAAC;UAClDiB,SAAS,EAAE;QACf,CAAC;QACD,IAAI,CAACb,KAAK,CAACc,aAAa,CAACP,UAAU,EAAE,QAAQ,CAAC;MAClD;IACJ,CAAC,CAAC;EACN,CAAC;EAGDQ,kBAAkB,GAAEC,SAAS,IAAI;IAC7B,IACIA,SAAS,CAACC,oBAAoB,KAAG,IAAI,CAACjB,KAAK,CAACiB,oBAAoB,IAChE,IAAI,CAACjB,KAAK,CAACiB,oBAAoB,KAAK,KAAK,IACzCD,SAAS,CAACE,oBAAoB,KAAG,IAAI,CAAClB,KAAK,CAACkB,oBAAoB,IAChE,IAAI,CAAClB,KAAK,CAACkB,oBAAoB,KAAK,IAAI,EAC3C;MACG7B,YAAY,CAAC8B,OAAO,CAAC;QACjBC,OAAO,EAAC,SAAS;QACjBC,WAAW,EAAC,+BAA+B;QAC3CC,SAAS,EAAC;MACd,CAAC,CAAC;IACN;EACJ,CAAC;EAGDC,MAAMA,CAAA,EAAG;IACL,IAAIC,YAAY,GAAG,IAAI;IACvB,IAAIC,sBAAsB,GAAG,IAAI;IAEjC,IAAI,IAAI,CAACzB,KAAK,CAACkB,oBAAoB,IAAI,IAAI,EAAE;MACzCO,sBAAsB,GAAG,CAAC,QAAQ,CAAC,EAAE,CAAC,GAAG,GAAG;IAChD;IACA,MAAM;MAAE7B;IAAiB,CAAC,GAAG,IAAI,CAACD,KAAK;IACvC,IAAI,CAAC,IAAI,CAACK,KAAK,CAAC0B,eAAe,EAAE;MAC7BF,YAAY,GAAG,CAAC,QAAQ,CAAC,EAAE,CAAC,GAAG,GAAG;IACtC;IACA,MAAMxB,KAAK,GAAG;MACV2B,QAAQ,EAAEC,IAAI,IAAI;QACd,IAAI,CAACC,QAAQ,CAAC;UACVjC,gBAAgB,EAAE;QACtB,CAAC,CAAC;MACN,CAAC;MACDkC,YAAY,EAAEF,IAAI,IAAI;QAClB,IAAI,CAACC,QAAQ,CAAC;UACVjC,gBAAgB,EAAE,CAACgC,IAAI;QAC3B,CAAC,CAAC;QACF,OAAO,KAAK;MAChB,CAAC;MACDhC;IACJ,CAAC;IACD,MAAM;MAAEmC;IAAkB,CAAC,GAAG,IAAI,CAAC/B,KAAK,CAACC,IAAI;IAC7C,MAAM;MAAE+B;IAAK,CAAC,GAAG9C,UAAU;IAE3B,IAAI+C,YAAY,GAAG,IAAI;IAEvB,IAAI,IAAI,CAACjC,KAAK,CAACkC,mBAAmB,CAACC,MAAM,GAAG,CAAC,EAAE;MAC3C,IAAIC,GAAG,GACH,IAAI,CAACpC,KAAK,CAACkC,mBAAmB,CAACG,GAAG,CAAC,CAACC,KAAK,EAAEC,KAAK,KAC5C,CAAC,EAAE,CAAC,GAAG,CAAC,CAACA,KAAK,CAAC,CAAC,CAAC,IAAI,CAAC,IAAI,CAAC,QAAQ,CAAC,CAACD,KAAK,CAAC,EAAE,IAAI,CAAC,EAAE,EAAE,CACzD,CAAC;MACNL,YAAY,GAAI,CAAC,EAAE,CAAC,CAACG,GAAG,CAAC,EAAE,EAAE,CAAE;IACnC;IACA,OACI,CAAC,GAAG;AAChB,gBAAgB,CAAC,gBAAgB;AACjC,gBAAgB,CAACX,sBAAsB;AACvC,gBAAgB,CAACQ,YAAY;AAC7B,gBAAgB,CAAC,UAAU,CACP,KAAK,CAAC,gBAAgB,CACtB,MAAM,CAAC,CAAC,MAAMO,MAAM,CAACC,OAAO,CAACC,IAAI,CAAC,CAAC,CAAC;AAExD,gBAAgB,CAAC,IAAI,CAAC,QAAQ,CAAC,CAAC;QAAEC,IAAI,EAAE;MAAG,CAAC,CAAC,CAAC,UAAU,CAAC,CAAC;QAAEA,IAAI,EAAE;MAAG,CAAC,CAAC,CAAC,QAAQ,CAAC,CAAC,IAAI,CAAC9C,YAAY,CAAC;AACpG,oBAAoB,CAAC,IAAI,CAAC,IAAI,CAAC,KAAK,CAAC,MAAM;AAC3C,wBAAwB,CAACkC,iBAAiB,CAAC,cAAc,EAAE;YAC/Ba,KAAK,EAAE,CAAC;cAAEC,QAAQ,EAAE,IAAI;cAAEzB,OAAO,EAAE;YAAqB,CAAC;UAC7D,CAAC,CAAC,CACE,CAAC,KAAK,CACF,WAAW,CAAC,MAAM,CAClB,IAAI,CAAC,OAAO,GAEpB,CAAC;AACzB,oBAAoB,EAAE,IAAI,CAAC,IAAI;AAC/B,oBAAoB,CAAC,IAAI,CAAC,IAAI,CAAC,KAAK,CAAC,gBAAgB;AACrD,wBAAwB,CAACW,iBAAiB,CAAC,iBAAiB,EAAE;YAClCa,KAAK,EAAE,CAAC;cAAEC,QAAQ,EAAE,IAAI;cAAEzB,OAAO,EAAE;YAA+B,CAAC;UACvE,CAAC,CAAC,CACE,CAAC,KAAK,CACF,WAAW,CAAC,gBAAgB,CAC5B,IAAI,CAAC,OAAO,GAEpB,CAAC;AACzB,oBAAoB,EAAE,IAAI,CAAC,IAAI;AAC/B,oBAAoB,CAAC,IAAI,CAAC,IAAI,CAAC,KAAK,CAAC,cAAc;AACnD,wBAAwB,CAACW,iBAAiB,CAAC,kBAAkB,EAAE;YACnCa,KAAK,EAAE,CAAC;cAAEC,QAAQ,EAAE,IAAI;cAAEzB,OAAO,EAAE;YAA6B,CAAC;UACrE,CAAC,CAAC,CACE,CAAC,KAAK,CACF,WAAW,CAAC,cAAc,CAC1B,IAAI,CAAC,OAAO,GAEpB,CAAC;AACzB,oBAAoB,EAAE,IAAI,CAAC,IAAI;AAC/B,oBAAoB,CAAC,IAAI,CAAC,IAAI,CAAC,KAAK,CAAC,kBAAkB;AACvD,wBAAwB,CAACW,iBAAiB,CAAC,oBAAoB,EAAE;YACrCa,KAAK,EAAE,CAAC;cAAEC,QAAQ,EAAE,IAAI;cAAEzB,OAAO,EAAE;YAAyB,CAAC;UACjE,CAAC,CAAC,CAEE,CAAC,MAAM,CACH,QAAQ,CAAC,CAAC,KAAK,CAAC,CAChB,QAAQ,CAAC,CAAC,IAAI,CAACzB,KAAK,CAACC,gBAAgB,CAAC,CACtC,IAAII,KAAK,CAAC;AAC1C,gCAAgC,CAAC,MAAM,CAAC,CAAC,CAAC,IAAI,CAAC,IAAI,CAAC,QAAQ,GAAG,aAAa,EAAE,MAAM;AACpF,4BAA4B,EAAE,MAAM,CACZ,CAAC;AACzB,oBAAoB,EAAE,IAAI,CAAC,IAAI;AAC/B,aAAa,CAAC,IAAI,CAAC,IAAI,CAAC,KAAK,CAAC,MAAM;AACpC,UAAU,CAAC+B,iBAAiB,CAAC,MAAM,EAAC;YACRa,KAAK,EAAE,CAAC;cAAEC,QAAQ,EAAE,IAAI;cAAEzB,OAAO,EAAE;YAA8B,CAAC;UAC3F,CAAC,CAAC,CACG,CAAC,KAAK,CAAC,KAAK;AAEpB,YAAY,CAAC,KAAK,CAAC,KAAK,CAAC,GAAG,CAAC,YAAY,EAAE,KAAK;AAChD,YAAY,CAAC,KAAK,CAAC,KAAK,CAAC,GAAG,CAAC,UAAU,EAAE,KAAK;AAC9C,QAAQ,EAAE,KAAK,CAAC,KAAK,CACjB,CAAC;AACL,KAAK,EAAE,IAAI,CAAC,IAAI;AAChB,oBAAoB,CAAC,MAAM,CAAC,IAAI,CAAC,SAAS,CAClB,QAAQ,CAAC,QAAQ,CACjB,SAAS,CAAC,CAAC9B,MAAM,CAACwD,mBAAmB,CAAC,CACtC,IAAI,CAAC,OAAO;AAEpC;AACA,mBAAmB,EAAE,MAAM;AAC3B,gBAAgB,EAAE,IAAI;AACtB,YAAY,EAAE,GAAG,CAAE;EAEf;AACJ;AAEA,MAAMC,eAAe,GAAGpD,KAAK,IAAI;EAC7B,OAAO;IACHqD,OAAO,EAAErD,KAAK,CAACsD,IAAI,CAACD,OAAO;IAC3BE,KAAK,EAAEvD,KAAK,CAACsD,IAAI,CAACC,KAAK;IACvBxB,eAAe,EAAE/B,KAAK,CAACsD,IAAI,CAACE,YAAY,KAAK,IAAI;IACjDC,gBAAgB,EAAEzD,KAAK,CAACsD,IAAI,CAACG,gBAAgB;IAC7CnC,oBAAoB,EAAEtB,KAAK,CAAC0D,QAAQ,CAACpC,oBAAoB;IACzDC,oBAAoB,EAAEvB,KAAK,CAAC0D,QAAQ,CAACnC,oBAAoB;IACzDgB,mBAAmB,EAAEvC,KAAK,CAAC0D,QAAQ,CAACnB;EACxC,CAAC;AACL,CAAC;AACD,MAAMoB,kBAAkB,GAAGC,QAAQ,IAAI;EACnC,OAAO;IACHC,KAAK,EAAEA,CAACC,KAAK,EAAEC,QAAQ,KAAKH,QAAQ,CAAChE,OAAO,CAACiE,KAAK,CAACC,KAAK,EAAEC,QAAQ,CAAC,CAAC;IACpEC,mBAAmB,EAAEA,CAAA,KAAMJ,QAAQ,CAAChE,OAAO,CAACoE,mBAAmB,CAAC,IAAI,CAAC,CAAC;IACtE7C,aAAa,EAAEA,CAAC8C,OAAO,EAAEC,KAAK,KAAKN,QAAQ,CAAChE,OAAO,CAACuB,aAAa,CAAC8C,OAAO,EAAEC,KAAK,CAAC;EACrF,CAAC;AACL,CAAC;AACD;AACA,eAAerE,OAAO,CAACuD,eAAe,EAAEO,kBAAkB,CAAC,CAAC7E,IAAI,CAACqF,MAAM,CAAC,CAAC,CAACpE,iBAAiB,CAAC,CAAC"},"targets":{},"cloneInputAst":true,"browserslistConfigFile":false,"passPerPreset":false,"envName":"development","cwd":"/home/ani/Mergerware_assignment/Mererware_meteor/Mergerware_loanify","root":"/home/ani/Mergerware_assignment/Mererware_meteor/Mergerware_loanify","rootMode":"root","plugins":[{"key":"base$0","visitor":{"_exploded":true,"_verified":true},"options":{},"externalDependencies":[]},{"key":"base$0$0","visitor":{"Program":{"enter":[null],"exit":[null]},"_exploded":true,"_verified":true},"options":{"avoidModernSyntax":true,"enforceStrictMode":false,"dynamicImport":true},"externalDependencies":[]},{"key":"transform-runtime","visitor":{"MemberExpression":{"enter":[null]},"ObjectPattern":{"enter":[null]},"BinaryExpression":{"enter":[null]},"Identifier":{"enter":[null]},"JSXIdentifier":{"enter":[null]},"_exploded":true,"_verified":true},"options":{"version":"7.17.2","helpers":true,"useESModules":false,"corejs":false},"externalDependencies":[]},{"key":"proposal-class-properties","visitor":{"ExportDefaultDeclaration":{"enter":[null]},"_exploded":true,"_verified":true,"ClassExpression":{"enter":[null]},"ClassDeclaration":{"enter":[null]}},"options":{"loose":true},"externalDependencies":[]},{"key":"base$0$3","visitor":{"FunctionExpression":{"exit":[null]},"_exploded":true,"_verified":true},"options":{},"externalDependencies":[]},{"key":"base$0$4","visitor":{"ForInStatement":{"enter":[null]},"_exploded":true,"_verified":true},"options":{},"externalDependencies":[]},{"key":"transform-react-jsx","visitor":{"JSXNamespacedName":{"enter":[null]},"JSXSpreadChild":{"enter":[null]},"Program":{"enter":[null]},"JSXFragment":{"exit":[null]},"JSXElement":{"exit":[null]},"JSXAttribute":{"enter":[null]},"_exploded":true,"_verified":true},"options":{"pragma":"React.createElement","pragmaFrag":"React.Fragment","runtime":"classic","throwIfNamespace":true,"useBuiltIns":false},"externalDependencies":[]},{"key":"transform-react-display-name","visitor":{"ExportDefaultDeclaration":{"enter":[null]},"CallExpression":{"enter":[null]},"_exploded":true,"_verified":true},"options":{},"externalDependencies":[]},{"key":"transform-react-pure-annotations","visitor":{"CallExpression":{"enter":[null]},"_exploded":true,"_verified":true},"options":{},"externalDependencies":[]},{"key":"syntax-nullish-coalescing-operator","visitor":{"_exploded":true,"_verified":true},"options":{},"externalDependencies":[]},{"key":"proposal-nullish-coalescing-operator","visitor":{"LogicalExpression":{"enter":[null]},"_exploded":true,"_verified":true},"options":{},"externalDependencies":[]},{"key":"syntax-optional-chaining","visitor":{"_exploded":true,"_verified":true},"options":{},"externalDependencies":[]},{"key":"proposal-optional-chaining","visitor":{"OptionalCallExpression":{"enter":[null]},"OptionalMemberExpression":{"enter":[null]},"_exploded":true,"_verified":true},"options":{},"externalDependencies":[]},{"key":"syntax-optional-catch-binding","visitor":{"_exploded":true,"_verified":true},"options":{},"externalDependencies":[]},{"key":"proposal-optional-catch-binding","visitor":{"CatchClause":{"enter":[null]},"_exploded":true,"_verified":true},"options":{},"externalDependencies":[]},{"key":"syntax-class-properties","visitor":{"_exploded":true,"_verified":true},"options":{},"externalDependencies":[]},{"key":"proposal-class-properties","visitor":{"ExportDefaultDeclaration":{"enter":[null]},"_exploded":true,"_verified":true,"ClassExpression":{"enter":[null]},"ClassDeclaration":{"enter":[null]}},"options":{},"externalDependencies":[]},{"key":"syntax-async-generators","visitor":{"_exploded":true,"_verified":true},"options":{},"externalDependencies":[]},{"key":"proposal-async-generator-functions","visitor":{"Program":{"enter":[null]},"_exploded":true,"_verified":true},"options":{},"externalDependencies":[]},{"key":"syntax-object-rest-spread","visitor":{"_exploded":true,"_verified":true},"options":{},"externalDependencies":[]},{"key":"proposal-object-rest-spread","visitor":{"VariableDeclarator":{"enter":[null]},"ExportNamedDeclaration":{"enter":[null]},"CatchClause":{"enter":[null]},"AssignmentExpression":{"enter":[null]},"ArrayPattern":{"enter":[null]},"ObjectExpression":{"enter":[null]},"FunctionDeclaration":{"enter":[null]},"FunctionExpression":{"enter":[null]},"ObjectMethod":{"enter":[null]},"ArrowFunctionExpression":{"enter":[null]},"ClassMethod":{"enter":[null]},"ClassPrivateMethod":{"enter":[null]},"ForInStatement":{"enter":[null]},"ForOfStatement":{"enter":[null]},"_exploded":true,"_verified":true},"options":{},"externalDependencies":[]},{"key":"proposal-logical-assignment-operators","visitor":{"AssignmentExpression":{"enter":[null]},"_exploded":true,"_verified":true},"options":{},"externalDependencies":[]},{"key":"transform-arrow-functions","visitor":{"ArrowFunctionExpression":{"enter":[null]},"_exploded":true,"_verified":true},"options":{},"externalDependencies":[]},{"key":"transform-block-scoped-functions","visitor":{"BlockStatement":{"enter":[null]},"SwitchCase":{"enter":[null]},"_exploded":true,"_verified":true},"options":{},"externalDependencies":[]},{"key":"transform-block-scoping","visitor":{"VariableDeclaration":{"enter":[null,null]},"BlockStatement":{"enter":[null]},"SwitchCase":{"enter":[null]},"ClassDeclaration":{"enter":[null]},"DoWhileStatement":{"enter":[null]},"ForInStatement":{"enter":[null]},"ForStatement":{"enter":[null]},"WhileStatement":{"enter":[null]},"ForOfStatement":{"enter":[null]},"_exploded":true,"_verified":true},"options":{},"externalDependencies":[]},{"key":"transform-classes","visitor":{"ExportDefaultDeclaration":{"enter":[null]},"ClassDeclaration":{"enter":[null]},"ClassExpression":{"enter":[null]},"_exploded":true,"_verified":true},"options":{"loose":true},"externalDependencies":[]},{"key":"transform-computed-properties","visitor":{"ObjectExpression":{"exit":[null]},"_exploded":true,"_verified":true},"options":{"loose":true},"externalDependencies":[]},{"key":"transform-destructuring","visitor":{"ExportNamedDeclaration":{"enter":[null]},"CatchClause":{"enter":[null]},"AssignmentExpression":{"enter":[null]},"VariableDeclaration":{"enter":[null]},"_exploded":true,"_verified":true,"ForInStatement":{"enter":[null]},"ForOfStatement":{"enter":[null]}},"options":{},"externalDependencies":[]},{"key":"transform-for-of","visitor":{"ForOfStatement":{"enter":[null]},"_exploded":true,"_verified":true},"options":{"loose":true},"externalDependencies":[]},{"key":"transform-literals","visitor":{"NumericLiteral":{"enter":[null]},"StringLiteral":{"enter":[null]},"_exploded":true,"_verified":true},"options":{},"externalDependencies":[]},{"key":"transform-object-super","visitor":{"ObjectExpression":{"enter":[null]},"_exploded":true,"_verified":true,"DoWhileStatement":{"exit":[null]},"ForInStatement":{"exit":[null]},"ForStatement":{"exit":[null]},"WhileStatement":{"exit":[null]},"ForOfStatement":{"exit":[null]}},"options":{},"externalDependencies":[]},{"key":"transform-parameters","visitor":{"_exploded":true,"_verified":true,"FunctionDeclaration":{"enter":[null]},"FunctionExpression":{"enter":[null]},"ObjectMethod":{"enter":[null]},"ArrowFunctionExpression":{"enter":[null]},"ClassMethod":{"enter":[null]},"ClassPrivateMethod":{"enter":[null]}},"options":{},"externalDependencies":[]},{"key":"transform-shorthand-properties","visitor":{"ObjectMethod":{"enter":[null]},"ObjectProperty":{"enter":[null]},"_exploded":true,"_verified":true},"options":{},"externalDependencies":[]},{"key":"transform-spread","visitor":{"ArrayExpression":{"enter":[null]},"CallExpression":{"enter":[null]},"NewExpression":{"enter":[null]},"_exploded":true,"_verified":true},"options":{},"externalDependencies":[]},{"key":"transform-sticky-regex","visitor":{"RegExpLiteral":{"enter":[null]},"_exploded":true,"_verified":true},"options":{},"externalDependencies":[]},{"key":"transform-template-literals","visitor":{"TaggedTemplateExpression":{"enter":[null]},"TemplateLiteral":{"enter":[null]},"_exploded":true,"_verified":true},"options":{"loose":true},"externalDependencies":[]},{"key":"transform-typeof-symbol","visitor":{"UnaryExpression":{"enter":[null]},"_exploded":true,"_verified":true,"BlockStatement":{"enter":[null]},"CatchClause":{"enter":[null]},"DoWhileStatement":{"enter":[null]},"ForInStatement":{"enter":[null]},"ForStatement":{"enter":[null]},"FunctionDeclaration":{"enter":[null]},"FunctionExpression":{"enter":[null]},"Program":{"enter":[null]},"ObjectMethod":{"enter":[null]},"SwitchStatement":{"enter":[null]},"WhileStatement":{"enter":[null]},"ArrowFunctionExpression":{"enter":[null]},"ClassExpression":{"enter":[null]},"ClassDeclaration":{"enter":[null]},"ForOfStatement":{"enter":[null]},"ClassMethod":{"enter":[null]},"ClassPrivateMethod":{"enter":[null]},"StaticBlock":{"enter":[null]},"TSModuleBlock":{"enter":[null]},"AssignmentPattern":{"enter":[null]},"ArrayPattern":{"enter":[null]},"ObjectPattern":{"enter":[null]}},"options":{},"externalDependencies":[]},{"key":"transform-unicode-regex","visitor":{"RegExpLiteral":{"enter":[null]},"_exploded":true,"_verified":true},"options":{},"externalDependencies":[]},{"key":"transform-property-literals","visitor":{"ObjectProperty":{"exit":[null]},"_exploded":true,"_verified":true},"options":{},"externalDependencies":[]},{"key":"transform-exponentiation-operator","visitor":{"AssignmentExpression":{"enter":[null]},"BinaryExpression":{"enter":[null]},"_exploded":true,"_verified":true},"options":{},"externalDependencies":[]},{"key":"transform-regenerator","visitor":{"ObjectMethod":{"enter":[null],"exit":[null]},"ClassMethod":{"enter":[null],"exit":[null]},"ClassPrivateMethod":{"enter":[null],"exit":[null]},"FunctionDeclaration":{"exit":[null]},"FunctionExpression":{"exit":[null]},"ArrowFunctionExpression":{"exit":[null]},"MemberExpression":{"enter":[null]},"_exploded":true,"_verified":true},"options":{},"externalDependencies":[]}],"presets":[],"generatorOpts":{"filename":"/home/ani/Mergerware_assignment/Mererware_meteor/Mergerware_loanify/imports/ui/components/AccountsCreateAccount/Forms/CreateAccountForm.js","comments":true,"compact":false,"sourceMaps":true,"sourceFileName":"imports/ui/components/AccountsCreateAccount/Forms/CreateAccountForm.js","inputSourceMap":{"version":3,"names":["React","Component","Form","Icon","Input","Button","Checkbox","Select","Cascader","InputNumber","Upload","Typography","Radio","PageHeader","notification","styles","actions","connect","Redirect","CreateAccountForm","state","idCardAttachment","handleSubmit","e","preventDefault","props","form","validateFields","err","values","console","log","newAccount","type","account_name","account_id_card","account_phone_no","id_card_attachment","nation_id","createAccount","componentDidUpdate","prevProps","createAccountLoading","createAccountMessage","success","message","description","placement","render","authRedirect","createdAccountRedirect","isAuthenticated","onRemove","file","setState","beforeUpload","getFieldDecorator","Text","serverErrors","createAccountErrors","length","lis","map","value","index","window","history","back","span","rules","required","CreateAccountButton","mapStateToProps","loading","auth","error","access_token","authRedirectPath","accounts","mapDispatchToProps","dispatch","login","email","password","setAuthRedirectPath","account","token","create"],"sources":["imports/ui/components/AccountsCreateAccount/Forms/CreateAccountForm.js"],"sourcesContent":["import React, { Component } from 'react';\nimport { Form, Icon, Input, Button, Checkbox, Select, Cascader,\n         InputNumber, Upload, Typography, Radio,\n         PageHeader, notification} from 'antd';\nimport styles from './CreateAccountForm.module.css';\nimport * as actions from '../../../store/actions/index';\nimport { connect } from 'react-redux';\nimport { Redirect } from 'react-router-dom';\n\nclass CreateAccountForm extends Component {\n    state = { idCardAttachment: [] }\n    handleSubmit = e => {\n        e.preventDefault();\n\n        this.props.form.validateFields((err, values) => {\n            if (!err) {\n                console.log('Received values of form: ', values);\n                let newAccount = {\n                    type: values.type,\n                    account_name: values.account_name,\n                    account_id_card: values.account_id_card,\n                    account_phone_no: values.account_phone_no,\n                    id_card_attachment: this.state.idCardAttachment[0],\n                    nation_id: 3\n                };\n                this.props.createAccount(newAccount, 'sdsdsd');\n            }\n        });\n    };\n\n\n    componentDidUpdate=(prevProps)=> {\n        if(\n            prevProps.createAccountLoading!==this.props.createAccountLoading &&\n            this.props.createAccountLoading === false &&\n            prevProps.createAccountMessage!==this.props.createAccountMessage&&\n            this.props.createAccountMessage !== null\n        ){\n            notification.success({\n                message:\"Success\",\n                description:\"Successfully updated account.\",\n                placement:\"topRight\"\n            });\n        }\n    }\n\n\n    render() {\n        let authRedirect = null;\n        let createdAccountRedirect = null;\n\n        if (this.props.createAccountMessage != null) {\n            createdAccountRedirect = <Redirect to=\"/\" />\n        }\n        const { idCardAttachment } = this.state;\n        if (!this.props.isAuthenticated) {\n            authRedirect = <Redirect to=\"/\" />\n        }\n        const props = {\n            onRemove: file => {\n                this.setState({\n                    idCardAttachment: []\n                });\n            },\n            beforeUpload: file => {\n                this.setState({\n                    idCardAttachment: [file],\n                });\n                return false;\n            },\n            idCardAttachment,\n        };\n        const { getFieldDecorator } = this.props.form;\n        const { Text } = Typography;\n\n        let serverErrors = null;\n\n        if (this.props.createAccountErrors.length > 0) {\n            let lis =\n                this.props.createAccountErrors.map((value, index) => (\n                    <li key={index}><Text type=\"danger\">{value}</Text></li>\n                ));\n            serverErrors = (<ul>{lis}</ul>)\n        }\n        return (\n            <div>\n                {/*authRedirect*/}\n                {createdAccountRedirect}\n                {serverErrors}\n                <PageHeader\n                    title=\"Create Account\"\n                    onBack={() => window.history.back()}\n                />\n                <Form labelCol={{ span: 24 }} wrapperCol={{ span: 24 }} onSubmit={this.handleSubmit}>\n                    <Form.Item label=\"Name\">\n                        {getFieldDecorator('account_name', {\n                            rules: [{ required: true, message: 'Please input name!' }],\n                        })(\n                            <Input\n                                placeholder=\"Name\"\n                                size=\"large\"\n                            />,\n                        )}\n                    </Form.Item>\n                    <Form.Item label=\"National ID No\">\n                        {getFieldDecorator('account_id_card', {\n                            rules: [{ required: true, message: 'Please input ID Card Number!' }],\n                        })(\n                            <Input\n                                placeholder=\"National ID No\"\n                                size=\"large\"\n                            />,\n                        )}\n                    </Form.Item>\n                    <Form.Item label=\"Phone Number\">\n                        {getFieldDecorator('account_phone_no', {\n                            rules: [{ required: true, message: 'Please input Phone Number!' }],\n                        })(\n                            <Input\n                                placeholder=\"Phone Number\"\n                                size=\"large\"\n                            />,\n                        )}\n                    </Form.Item>\n                    <Form.Item label=\"National ID Card\">\n                        {getFieldDecorator('id_card_attachment', {\n                            rules: [{ required: true, message: 'Please upload id card!' }],\n                        })(\n\n                            <Upload\n                                multiple={false}\n                                fileList={this.state.idCardAttachment}\n                                {...props}>\n                                <Button> <Icon type=\"upload\" /> Select File </Button>\n                            </Upload>\n                        )}\n                    </Form.Item>\n\t            <Form.Item label=\"Type\">\n\t\t        {getFieldDecorator('type',{\n                            rules: [{ required: true, message: 'Please select account type!' }],\n\t\t\t})(\n\t\t\t     <Radio.Group\n\t\t\t     >\n\t\t\t         <Radio value=\"0\">Organization</Radio>\n\t\t\t         <Radio value=\"1\">Individual</Radio>\n\t\t\t     </Radio.Group>,\n\t\t\t )}\n\t\t   </Form.Item>\n                    <Button type=\"primary\"\n                        htmlType=\"submit\"\n                        className={styles.CreateAccountButton}\n                        size=\"large\"\n                    >\n                        Create Account\n                   </Button>\n                </Form >\n            </div >\n        );\n    }\n}\n\nconst mapStateToProps = state => {\n    return {\n        loading: state.auth.loading,\n        error: state.auth.error,\n        isAuthenticated: state.auth.access_token !== null,\n        authRedirectPath: state.auth.authRedirectPath,\n        createAccountLoading: state.accounts.createAccountLoading,\n        createAccountMessage: state.accounts.createAccountMessage,\n        createAccountErrors: state.accounts.createAccountErrors\n    }\n}\nconst mapDispatchToProps = dispatch => {\n    return {\n        login: (email, password) => dispatch(actions.login(email, password)),\n        setAuthRedirectPath: () => dispatch(actions.setAuthRedirectPath('/ ')),\n        createAccount: (account, token) => dispatch(actions.createAccount(account, token))\n    }\n}\n//export default Form.create()(LoginForm);\nexport default connect(mapStateToProps, mapDispatchToProps)(Form.create()(CreateAccountForm));\n"],"mappings":";AAAA,OAAOA,KAAK,IAAIC,SAAS,QAAQ,OAAO;AACxC,SAASC,IAAI,EAAEC,IAAI,EAAEC,KAAK,EAAEC,MAAM,EAAEC,QAAQ,EAAEC,MAAM,EAAEC,QAAQ,EACrDC,WAAW,EAAEC,MAAM,EAAEC,UAAU,EAAEC,KAAK,EACtCC,UAAU,EAAEC,YAAY,QAAO,MAAM;AAC9C,OAAOC,MAAM,MAAM,gCAAgC;AACnD,OAAO,KAAKC,OAAO,MAAM,8BAA8B;AACvD,SAASC,OAAO,QAAQ,aAAa;AACrC,SAASC,QAAQ,QAAQ,kBAAkB;AAE3C,MAAMC,iBAAiB,SAASlB,SAAS,CAAC;EACtCmB,KAAK,GAAG;IAAEC,gBAAgB,EAAE;EAAG,CAAC;EAChCC,YAAY,GAAGC,CAAC,IAAI;IAChBA,CAAC,CAACC,cAAc,CAAC,CAAC;IAElB,IAAI,CAACC,KAAK,CAACC,IAAI,CAACC,cAAc,CAAC,CAACC,GAAG,EAAEC,MAAM,KAAK;MAC5C,IAAI,CAACD,GAAG,EAAE;QACNE,OAAO,CAACC,GAAG,CAAC,2BAA2B,EAAEF,MAAM,CAAC;QAChD,IAAIG,UAAU,GAAG;UACbC,IAAI,EAAEJ,MAAM,CAACI,IAAI;UACjBC,YAAY,EAAEL,MAAM,CAACK,YAAY;UACjCC,eAAe,EAAEN,MAAM,CAACM,eAAe;UACvCC,gBAAgB,EAAEP,MAAM,CAACO,gBAAgB;UACzCC,kBAAkB,EAAE,IAAI,CAACjB,KAAK,CAACC,gBAAgB,CAAC,CAAC,CAAC;UAClDiB,SAAS,EAAE;QACf,CAAC;QACD,IAAI,CAACb,KAAK,CAACc,aAAa,CAACP,UAAU,EAAE,QAAQ,CAAC;MAClD;IACJ,CAAC,CAAC;EACN,CAAC;EAGDQ,kBAAkB,GAAEC,SAAS,IAAI;IAC7B,IACIA,SAAS,CAACC,oBAAoB,KAAG,IAAI,CAACjB,KAAK,CAACiB,oBAAoB,IAChE,IAAI,CAACjB,KAAK,CAACiB,oBAAoB,KAAK,KAAK,IACzCD,SAAS,CAACE,oBAAoB,KAAG,IAAI,CAAClB,KAAK,CAACkB,oBAAoB,IAChE,IAAI,CAAClB,KAAK,CAACkB,oBAAoB,KAAK,IAAI,EAC3C;MACG7B,YAAY,CAAC8B,OAAO,CAAC;QACjBC,OAAO,EAAC,SAAS;QACjBC,WAAW,EAAC,+BAA+B;QAC3CC,SAAS,EAAC;MACd,CAAC,CAAC;IACN;EACJ,CAAC;EAGDC,MAAMA,CAAA,EAAG;IACL,IAAIC,YAAY,GAAG,IAAI;IACvB,IAAIC,sBAAsB,GAAG,IAAI;IAEjC,IAAI,IAAI,CAACzB,KAAK,CAACkB,oBAAoB,IAAI,IAAI,EAAE;MACzCO,sBAAsB,GAAG,CAAC,QAAQ,CAAC,EAAE,CAAC,GAAG,GAAG;IAChD;IACA,MAAM;MAAE7B;IAAiB,CAAC,GAAG,IAAI,CAACD,KAAK;IACvC,IAAI,CAAC,IAAI,CAACK,KAAK,CAAC0B,eAAe,EAAE;MAC7BF,YAAY,GAAG,CAAC,QAAQ,CAAC,EAAE,CAAC,GAAG,GAAG;IACtC;IACA,MAAMxB,KAAK,GAAG;MACV2B,QAAQ,EAAEC,IAAI,IAAI;QACd,IAAI,CAACC,QAAQ,CAAC;UACVjC,gBAAgB,EAAE;QACtB,CAAC,CAAC;MACN,CAAC;MACDkC,YAAY,EAAEF,IAAI,IAAI;QAClB,IAAI,CAACC,QAAQ,CAAC;UACVjC,gBAAgB,EAAE,CAACgC,IAAI;QAC3B,CAAC,CAAC;QACF,OAAO,KAAK;MAChB,CAAC;MACDhC;IACJ,CAAC;IACD,MAAM;MAAEmC;IAAkB,CAAC,GAAG,IAAI,CAAC/B,KAAK,CAACC,IAAI;IAC7C,MAAM;MAAE+B;IAAK,CAAC,GAAG9C,UAAU;IAE3B,IAAI+C,YAAY,GAAG,IAAI;IAEvB,IAAI,IAAI,CAACjC,KAAK,CAACkC,mBAAmB,CAACC,MAAM,GAAG,CAAC,EAAE;MAC3C,IAAIC,GAAG,GACH,IAAI,CAACpC,KAAK,CAACkC,mBAAmB,CAACG,GAAG,CAAC,CAACC,KAAK,EAAEC,KAAK,KAC5C,CAAC,EAAE,CAAC,GAAG,CAAC,CAACA,KAAK,CAAC,CAAC,CAAC,IAAI,CAAC,IAAI,CAAC,QAAQ,CAAC,CAACD,KAAK,CAAC,EAAE,IAAI,CAAC,EAAE,EAAE,CACzD,CAAC;MACNL,YAAY,GAAI,CAAC,EAAE,CAAC,CAACG,GAAG,CAAC,EAAE,EAAE,CAAE;IACnC;IACA,OACI,CAAC,GAAG;AAChB,gBAAgB,CAAC,gBAAgB;AACjC,gBAAgB,CAACX,sBAAsB;AACvC,gBAAgB,CAACQ,YAAY;AAC7B,gBAAgB,CAAC,UAAU,CACP,KAAK,CAAC,gBAAgB,CACtB,MAAM,CAAC,CAAC,MAAMO,MAAM,CAACC,OAAO,CAACC,IAAI,CAAC,CAAC,CAAC;AAExD,gBAAgB,CAAC,IAAI,CAAC,QAAQ,CAAC,CAAC;QAAEC,IAAI,EAAE;MAAG,CAAC,CAAC,CAAC,UAAU,CAAC,CAAC;QAAEA,IAAI,EAAE;MAAG,CAAC,CAAC,CAAC,QAAQ,CAAC,CAAC,IAAI,CAAC9C,YAAY,CAAC;AACpG,oBAAoB,CAAC,IAAI,CAAC,IAAI,CAAC,KAAK,CAAC,MAAM;AAC3C,wBAAwB,CAACkC,iBAAiB,CAAC,cAAc,EAAE;YAC/Ba,KAAK,EAAE,CAAC;cAAEC,QAAQ,EAAE,IAAI;cAAEzB,OAAO,EAAE;YAAqB,CAAC;UAC7D,CAAC,CAAC,CACE,CAAC,KAAK,CACF,WAAW,CAAC,MAAM,CAClB,IAAI,CAAC,OAAO,GAEpB,CAAC;AACzB,oBAAoB,EAAE,IAAI,CAAC,IAAI;AAC/B,oBAAoB,CAAC,IAAI,CAAC,IAAI,CAAC,KAAK,CAAC,gBAAgB;AACrD,wBAAwB,CAACW,iBAAiB,CAAC,iBAAiB,EAAE;YAClCa,KAAK,EAAE,CAAC;cAAEC,QAAQ,EAAE,IAAI;cAAEzB,OAAO,EAAE;YAA+B,CAAC;UACvE,CAAC,CAAC,CACE,CAAC,KAAK,CACF,WAAW,CAAC,gBAAgB,CAC5B,IAAI,CAAC,OAAO,GAEpB,CAAC;AACzB,oBAAoB,EAAE,IAAI,CAAC,IAAI;AAC/B,oBAAoB,CAAC,IAAI,CAAC,IAAI,CAAC,KAAK,CAAC,cAAc;AACnD,wBAAwB,CAACW,iBAAiB,CAAC,kBAAkB,EAAE;YACnCa,KAAK,EAAE,CAAC;cAAEC,QAAQ,EAAE,IAAI;cAAEzB,OAAO,EAAE;YAA6B,CAAC;UACrE,CAAC,CAAC,CACE,CAAC,KAAK,CACF,WAAW,CAAC,cAAc,CAC1B,IAAI,CAAC,OAAO,GAEpB,CAAC;AACzB,oBAAoB,EAAE,IAAI,CAAC,IAAI;AAC/B,oBAAoB,CAAC,IAAI,CAAC,IAAI,CAAC,KAAK,CAAC,kBAAkB;AACvD,wBAAwB,CAACW,iBAAiB,CAAC,oBAAoB,EAAE;YACrCa,KAAK,EAAE,CAAC;cAAEC,QAAQ,EAAE,IAAI;cAAEzB,OAAO,EAAE;YAAyB,CAAC;UACjE,CAAC,CAAC,CAEE,CAAC,MAAM,CACH,QAAQ,CAAC,CAAC,KAAK,CAAC,CAChB,QAAQ,CAAC,CAAC,IAAI,CAACzB,KAAK,CAACC,gBAAgB,CAAC,CACtC,IAAII,KAAK,CAAC;AAC1C,gCAAgC,CAAC,MAAM,CAAC,CAAC,CAAC,IAAI,CAAC,IAAI,CAAC,QAAQ,GAAG,aAAa,EAAE,MAAM;AACpF,4BAA4B,EAAE,MAAM,CACZ,CAAC;AACzB,oBAAoB,EAAE,IAAI,CAAC,IAAI;AAC/B,aAAa,CAAC,IAAI,CAAC,IAAI,CAAC,KAAK,CAAC,MAAM;AACpC,UAAU,CAAC+B,iBAAiB,CAAC,MAAM,EAAC;YACRa,KAAK,EAAE,CAAC;cAAEC,QAAQ,EAAE,IAAI;cAAEzB,OAAO,EAAE;YAA8B,CAAC;UAC3F,CAAC,CAAC,CACG,CAAC,KAAK,CAAC,KAAK;AAEpB,YAAY,CAAC,KAAK,CAAC,KAAK,CAAC,GAAG,CAAC,YAAY,EAAE,KAAK;AAChD,YAAY,CAAC,KAAK,CAAC,KAAK,CAAC,GAAG,CAAC,UAAU,EAAE,KAAK;AAC9C,QAAQ,EAAE,KAAK,CAAC,KAAK,CACjB,CAAC;AACL,KAAK,EAAE,IAAI,CAAC,IAAI;AAChB,oBAAoB,CAAC,MAAM,CAAC,IAAI,CAAC,SAAS,CAClB,QAAQ,CAAC,QAAQ,CACjB,SAAS,CAAC,CAAC9B,MAAM,CAACwD,mBAAmB,CAAC,CACtC,IAAI,CAAC,OAAO;AAEpC;AACA,mBAAmB,EAAE,MAAM;AAC3B,gBAAgB,EAAE,IAAI;AACtB,YAAY,EAAE,GAAG,CAAE;EAEf;AACJ;AAEA,MAAMC,eAAe,GAAGpD,KAAK,IAAI;EAC7B,OAAO;IACHqD,OAAO,EAAErD,KAAK,CAACsD,IAAI,CAACD,OAAO;IAC3BE,KAAK,EAAEvD,KAAK,CAACsD,IAAI,CAACC,KAAK;IACvBxB,eAAe,EAAE/B,KAAK,CAACsD,IAAI,CAACE,YAAY,KAAK,IAAI;IACjDC,gBAAgB,EAAEzD,KAAK,CAACsD,IAAI,CAACG,gBAAgB;IAC7CnC,oBAAoB,EAAEtB,KAAK,CAAC0D,QAAQ,CAACpC,oBAAoB;IACzDC,oBAAoB,EAAEvB,KAAK,CAAC0D,QAAQ,CAACnC,oBAAoB;IACzDgB,mBAAmB,EAAEvC,KAAK,CAAC0D,QAAQ,CAACnB;EACxC,CAAC;AACL,CAAC;AACD,MAAMoB,kBAAkB,GAAGC,QAAQ,IAAI;EACnC,OAAO;IACHC,KAAK,EAAEA,CAACC,KAAK,EAAEC,QAAQ,KAAKH,QAAQ,CAAChE,OAAO,CAACiE,KAAK,CAACC,KAAK,EAAEC,QAAQ,CAAC,CAAC;IACpEC,mBAAmB,EAAEA,CAAA,KAAMJ,QAAQ,CAAChE,OAAO,CAACoE,mBAAmB,CAAC,IAAI,CAAC,CAAC;IACtE7C,aAAa,EAAEA,CAAC8C,OAAO,EAAEC,KAAK,KAAKN,QAAQ,CAAChE,OAAO,CAACuB,aAAa,CAAC8C,OAAO,EAAEC,KAAK,CAAC;EACrF,CAAC;AACL,CAAC;AACD;AACA,eAAerE,OAAO,CAACuD,eAAe,EAAEO,kBAAkB,CAAC,CAAC7E,IAAI,CAACqF,MAAM,CAAC,CAAC,CAACpE,iBAAiB,CAAC,CAAC"}}},"code":"!function (module1) {\n  var _extends;\n  module1.link(\"@babel/runtime/helpers/extends\", {\n    default: function (v) {\n      _extends = v;\n    }\n  }, 0);\n  var _inheritsLoose;\n  module1.link(\"@babel/runtime/helpers/inheritsLoose\", {\n    default: function (v) {\n      _inheritsLoose = v;\n    }\n  }, 1);\n  var React, Component;\n  module1.link(\"react\", {\n    \"default\": function (v) {\n      React = v;\n    },\n    Component: function (v) {\n      Component = v;\n    }\n  }, 0);\n  var Form, Icon, Input, Button, Checkbox, Select, Cascader, InputNumber, Upload, Typography, Radio, PageHeader, notification;\n  module1.link(\"antd\", {\n    Form: function (v) {\n      Form = v;\n    },\n    Icon: function (v) {\n      Icon = v;\n    },\n    Input: function (v) {\n      Input = v;\n    },\n    Button: function (v) {\n      Button = v;\n    },\n    Checkbox: function (v) {\n      Checkbox = v;\n    },\n    Select: function (v) {\n      Select = v;\n    },\n    Cascader: function (v) {\n      Cascader = v;\n    },\n    InputNumber: function (v) {\n      InputNumber = v;\n    },\n    Upload: function (v) {\n      Upload = v;\n    },\n    Typography: function (v) {\n      Typography = v;\n    },\n    Radio: function (v) {\n      Radio = v;\n    },\n    PageHeader: function (v) {\n      PageHeader = v;\n    },\n    notification: function (v) {\n      notification = v;\n    }\n  }, 1);\n  var styles;\n  module1.link(\"./CreateAccountForm.module.css\", {\n    \"default\": function (v) {\n      styles = v;\n    }\n  }, 2);\n  var actions;\n  module1.link(\"../../../store/actions/index\", {\n    \"*\": function (v) {\n      actions = v;\n    }\n  }, 3);\n  var connect;\n  module1.link(\"react-redux\", {\n    connect: function (v) {\n      connect = v;\n    }\n  }, 4);\n  var Redirect;\n  module1.link(\"react-router-dom\", {\n    Redirect: function (v) {\n      Redirect = v;\n    }\n  }, 5);\n  ___INIT_METEOR_FAST_REFRESH(module);\n  var CreateAccountForm = /*#__PURE__*/function (_Component) {\n    _inheritsLoose(CreateAccountForm, _Component);\n    function CreateAccountForm() {\n      var _this;\n      for (var _len = arguments.length, args = new Array(_len), _key = 0; _key < _len; _key++) {\n        args[_key] = arguments[_key];\n      }\n      _this = _Component.call.apply(_Component, [this].concat(args)) || this;\n      _this.state = {\n        idCardAttachment: []\n      };\n      _this.handleSubmit = function (e) {\n        e.preventDefault();\n        _this.props.form.validateFields(function (err, values) {\n          if (!err) {\n            console.log('Received values of form: ', values);\n            var newAccount = {\n              type: values.type,\n              account_name: values.account_name,\n              account_id_card: values.account_id_card,\n              account_phone_no: values.account_phone_no,\n              id_card_attachment: _this.state.idCardAttachment[0],\n              nation_id: 3\n            };\n            _this.props.createAccount(newAccount, 'sdsdsd');\n          }\n        });\n      };\n      _this.componentDidUpdate = function (prevProps) {\n        if (prevProps.createAccountLoading !== _this.props.createAccountLoading && _this.props.createAccountLoading === false && prevProps.createAccountMessage !== _this.props.createAccountMessage && _this.props.createAccountMessage !== null) {\n          notification.success({\n            message: \"Success\",\n            description: \"Successfully updated account.\",\n            placement: \"topRight\"\n          });\n        }\n      };\n      return _this;\n    }\n    var _proto = CreateAccountForm.prototype;\n    _proto.render = function () {\n      function render() {\n        var _this2 = this;\n        var authRedirect = null;\n        var createdAccountRedirect = null;\n        if (this.props.createAccountMessage != null) {\n          createdAccountRedirect = /*#__PURE__*/React.createElement(Redirect, {\n            to: \"/\"\n          });\n        }\n        var idCardAttachment = this.state.idCardAttachment;\n        if (!this.props.isAuthenticated) {\n          authRedirect = /*#__PURE__*/React.createElement(Redirect, {\n            to: \"/\"\n          });\n        }\n        var props = {\n          onRemove: function (file) {\n            _this2.setState({\n              idCardAttachment: []\n            });\n          },\n          beforeUpload: function (file) {\n            _this2.setState({\n              idCardAttachment: [file]\n            });\n            return false;\n          },\n          idCardAttachment: idCardAttachment\n        };\n        var getFieldDecorator = this.props.form.getFieldDecorator;\n        var _Typography = Typography,\n          Text = _Typography.Text;\n        var serverErrors = null;\n        if (this.props.createAccountErrors.length > 0) {\n          var lis = this.props.createAccountErrors.map(function (value, index) {\n            return /*#__PURE__*/React.createElement(\"li\", {\n              key: index\n            }, /*#__PURE__*/React.createElement(Text, {\n              type: \"danger\"\n            }, value));\n          });\n          serverErrors = /*#__PURE__*/React.createElement(\"ul\", null, lis);\n        }\n        return /*#__PURE__*/React.createElement(\"div\", null, createdAccountRedirect, serverErrors, /*#__PURE__*/React.createElement(PageHeader, {\n          title: \"Create Account\",\n          onBack: function () {\n            return window.history.back();\n          }\n        }), /*#__PURE__*/React.createElement(Form, {\n          labelCol: {\n            span: 24\n          },\n          wrapperCol: {\n            span: 24\n          },\n          onSubmit: this.handleSubmit\n        }, /*#__PURE__*/React.createElement(Form.Item, {\n          label: \"Name\"\n        }, getFieldDecorator('account_name', {\n          rules: [{\n            required: true,\n            message: 'Please input name!'\n          }]\n        })( /*#__PURE__*/React.createElement(Input, {\n          placeholder: \"Name\",\n          size: \"large\"\n        }))), /*#__PURE__*/React.createElement(Form.Item, {\n          label: \"National ID No\"\n        }, getFieldDecorator('account_id_card', {\n          rules: [{\n            required: true,\n            message: 'Please input ID Card Number!'\n          }]\n        })( /*#__PURE__*/React.createElement(Input, {\n          placeholder: \"National ID No\",\n          size: \"large\"\n        }))), /*#__PURE__*/React.createElement(Form.Item, {\n          label: \"Phone Number\"\n        }, getFieldDecorator('account_phone_no', {\n          rules: [{\n            required: true,\n            message: 'Please input Phone Number!'\n          }]\n        })( /*#__PURE__*/React.createElement(Input, {\n          placeholder: \"Phone Number\",\n          size: \"large\"\n        }))), /*#__PURE__*/React.createElement(Form.Item, {\n          label: \"National ID Card\"\n        }, getFieldDecorator('id_card_attachment', {\n          rules: [{\n            required: true,\n            message: 'Please upload id card!'\n          }]\n        })( /*#__PURE__*/React.createElement(Upload, _extends({\n          multiple: false,\n          fileList: this.state.idCardAttachment\n        }, props), /*#__PURE__*/React.createElement(Button, null, \" \", /*#__PURE__*/React.createElement(Icon, {\n          type: \"upload\"\n        }), \" Select File \")))), /*#__PURE__*/React.createElement(Form.Item, {\n          label: \"Type\"\n        }, getFieldDecorator('type', {\n          rules: [{\n            required: true,\n            message: 'Please select account type!'\n          }]\n        })( /*#__PURE__*/React.createElement(Radio.Group, null, /*#__PURE__*/React.createElement(Radio, {\n          value: \"0\"\n        }, \"Organization\"), /*#__PURE__*/React.createElement(Radio, {\n          value: \"1\"\n        }, \"Individual\")))), /*#__PURE__*/React.createElement(Button, {\n          type: \"primary\",\n          htmlType: \"submit\",\n          className: styles.CreateAccountButton,\n          size: \"large\"\n        }, \"Create Account\")));\n      }\n      return render;\n    }();\n    return CreateAccountForm;\n  }(Component);\n  var mapStateToProps = function (state) {\n    return {\n      loading: state.auth.loading,\n      error: state.auth.error,\n      isAuthenticated: state.auth.access_token !== null,\n      authRedirectPath: state.auth.authRedirectPath,\n      createAccountLoading: state.accounts.createAccountLoading,\n      createAccountMessage: state.accounts.createAccountMessage,\n      createAccountErrors: state.accounts.createAccountErrors\n    };\n  };\n  var mapDispatchToProps = function (dispatch) {\n    return {\n      login: function (email, password) {\n        return dispatch(actions.login(email, password));\n      },\n      setAuthRedirectPath: function () {\n        return dispatch(actions.setAuthRedirectPath('/ '));\n      },\n      createAccount: function (account, token) {\n        return dispatch(actions.createAccount(account, token));\n      }\n    };\n  };\n  //export default Form.create()(LoginForm);\n  module1.exportDefault(connect(mapStateToProps, mapDispatchToProps)(Form.create()(CreateAccountForm)));\n}.call(this, module);","map":{"version":3,"names":["CreateAccountForm","_Component","_inheritsLoose","_this","_len","arguments","length","args","Array","_key","call","apply","concat","state","idCardAttachment","handleSubmit","e","preventDefault","props","form","validateFields","err","values","console","log","newAccount","type","account_name","account_id_card","account_phone_no","id_card_attachment","nation_id","createAccount","componentDidUpdate","prevProps","createAccountLoading","createAccountMessage","notification","success","message","description","placement","_proto","prototype","render","_this2","authRedirect","createdAccountRedirect","React","createElement","Redirect","to","isAuthenticated","onRemove","file","setState","beforeUpload","getFieldDecorator","_Typography","Typography","Text","serverErrors","createAccountErrors","lis","map","value","index","key","PageHeader","title","onBack","window","history","back","Form","labelCol","span","wrapperCol","onSubmit","Item","label","rules","required","Input","placeholder","size","Upload","_extends","multiple","fileList","Button","Icon","Radio","Group","htmlType","className","styles","CreateAccountButton","Component","mapStateToProps","loading","auth","error","access_token","authRedirectPath","accounts","mapDispatchToProps","dispatch","login","email","password","actions","setAuthRedirectPath","account","token","connect","create"],"sources":["imports/ui/components/AccountsCreateAccount/Forms/CreateAccountForm.js"],"sourcesContent":["import React, { Component } from 'react';\nimport { Form, Icon, Input, Button, Checkbox, Select, Cascader,\n         InputNumber, Upload, Typography, Radio,\n         PageHeader, notification} from 'antd';\nimport styles from './CreateAccountForm.module.css';\nimport * as actions from '../../../store/actions/index';\nimport { connect } from 'react-redux';\nimport { Redirect } from 'react-router-dom';\n\nclass CreateAccountForm extends Component {\n    state = { idCardAttachment: [] }\n    handleSubmit = e => {\n        e.preventDefault();\n\n        this.props.form.validateFields((err, values) => {\n            if (!err) {\n                console.log('Received values of form: ', values);\n                let newAccount = {\n                    type: values.type,\n                    account_name: values.account_name,\n                    account_id_card: values.account_id_card,\n                    account_phone_no: values.account_phone_no,\n                    id_card_attachment: this.state.idCardAttachment[0],\n                    nation_id: 3\n                };\n                this.props.createAccount(newAccount, 'sdsdsd');\n            }\n        });\n    };\n\n\n    componentDidUpdate=(prevProps)=> {\n        if(\n            prevProps.createAccountLoading!==this.props.createAccountLoading &&\n            this.props.createAccountLoading === false &&\n            prevProps.createAccountMessage!==this.props.createAccountMessage&&\n            this.props.createAccountMessage !== null\n        ){\n            notification.success({\n                message:\"Success\",\n                description:\"Successfully updated account.\",\n                placement:\"topRight\"\n            });\n        }\n    }\n\n\n    render() {\n        let authRedirect = null;\n        let createdAccountRedirect = null;\n\n        if (this.props.createAccountMessage != null) {\n            createdAccountRedirect = <Redirect to=\"/\" />\n        }\n        const { idCardAttachment } = this.state;\n        if (!this.props.isAuthenticated) {\n            authRedirect = <Redirect to=\"/\" />\n        }\n        const props = {\n            onRemove: file => {\n                this.setState({\n                    idCardAttachment: []\n                });\n            },\n            beforeUpload: file => {\n                this.setState({\n                    idCardAttachment: [file],\n                });\n                return false;\n            },\n            idCardAttachment,\n        };\n        const { getFieldDecorator } = this.props.form;\n        const { Text } = Typography;\n\n        let serverErrors = null;\n\n        if (this.props.createAccountErrors.length > 0) {\n            let lis =\n                this.props.createAccountErrors.map((value, index) => (\n                    <li key={index}><Text type=\"danger\">{value}</Text></li>\n                ));\n            serverErrors = (<ul>{lis}</ul>)\n        }\n        return (\n            <div>\n                {/*authRedirect*/}\n                {createdAccountRedirect}\n                {serverErrors}\n                <PageHeader\n                    title=\"Create Account\"\n                    onBack={() => window.history.back()}\n                />\n                <Form labelCol={{ span: 24 }} wrapperCol={{ span: 24 }} onSubmit={this.handleSubmit}>\n                    <Form.Item label=\"Name\">\n                        {getFieldDecorator('account_name', {\n                            rules: [{ required: true, message: 'Please input name!' }],\n                        })(\n                            <Input\n                                placeholder=\"Name\"\n                                size=\"large\"\n                            />,\n                        )}\n                    </Form.Item>\n                    <Form.Item label=\"National ID No\">\n                        {getFieldDecorator('account_id_card', {\n                            rules: [{ required: true, message: 'Please input ID Card Number!' }],\n                        })(\n                            <Input\n                                placeholder=\"National ID No\"\n                                size=\"large\"\n                            />,\n                        )}\n                    </Form.Item>\n                    <Form.Item label=\"Phone Number\">\n                        {getFieldDecorator('account_phone_no', {\n                            rules: [{ required: true, message: 'Please input Phone Number!' }],\n                        })(\n                            <Input\n                                placeholder=\"Phone Number\"\n                                size=\"large\"\n                            />,\n                        )}\n                    </Form.Item>\n                    <Form.Item label=\"National ID Card\">\n                        {getFieldDecorator('id_card_attachment', {\n                            rules: [{ required: true, message: 'Please upload id card!' }],\n                        })(\n\n                            <Upload\n                                multiple={false}\n                                fileList={this.state.idCardAttachment}\n                                {...props}>\n                                <Button> <Icon type=\"upload\" /> Select File </Button>\n                            </Upload>\n                        )}\n                    </Form.Item>\n\t            <Form.Item label=\"Type\">\n\t\t        {getFieldDecorator('type',{\n                            rules: [{ required: true, message: 'Please select account type!' }],\n\t\t\t})(\n\t\t\t     <Radio.Group\n\t\t\t     >\n\t\t\t         <Radio value=\"0\">Organization</Radio>\n\t\t\t         <Radio value=\"1\">Individual</Radio>\n\t\t\t     </Radio.Group>,\n\t\t\t )}\n\t\t   </Form.Item>\n                    <Button type=\"primary\"\n                        htmlType=\"submit\"\n                        className={styles.CreateAccountButton}\n                        size=\"large\"\n                    >\n                        Create Account\n                   </Button>\n                </Form >\n            </div >\n        );\n    }\n}\n\nconst mapStateToProps = state => {\n    return {\n        loading: state.auth.loading,\n        error: state.auth.error,\n        isAuthenticated: state.auth.access_token !== null,\n        authRedirectPath: state.auth.authRedirectPath,\n        createAccountLoading: state.accounts.createAccountLoading,\n        createAccountMessage: state.accounts.createAccountMessage,\n        createAccountErrors: state.accounts.createAccountErrors\n    }\n}\nconst mapDispatchToProps = dispatch => {\n    return {\n        login: (email, password) => dispatch(actions.login(email, password)),\n        setAuthRedirectPath: () => dispatch(actions.setAuthRedirectPath('/ ')),\n        createAccount: (account, token) => dispatch(actions.createAccount(account, token))\n    }\n}\n//export default Form.create()(LoginForm);\nexport default connect(mapStateToProps, mapDispatchToProps)(Form.create()(CreateAccountForm));\n"],"mappings":";;;;;;;;;;;;;;;;;;;;;;;;;;;;;;;;;;;;;;;;;;;;;;;;;;;;;;;;;;;;;;;;;;;;;;;;;;;;;;;;;;;;;;;;;MASMA,iBAAiB,0BAAAC,UAAA;IAAAC,cAAA,CAAAF,iBAAA,EAAAC,UAAA;IAAA,SAAAD,kBAAA;MAAA,IAAAG,KAAA;MAAA,SAAAC,IAAA,GAAAC,SAAA,CAAAC,MAAA,EAAAC,IAAA,OAAAC,KAAA,CAAAJ,IAAA,GAAAK,IAAA,MAAAA,IAAA,GAAAL,IAAA,EAAAK,IAAA;QAAAF,IAAA,CAAAE,IAAA,IAAAJ,SAAA,CAAAI,IAAA;MAAA;MAAAN,KAAA,GAAAF,UAAA,CAAAS,IAAA,CAAAC,KAAA,CAAAV,UAAA,SAAAW,MAAA,CAAAL,IAAA;MAAAJ,KAAA,CACnBU,KAAK,GAAG;QAAEC,gBAAgB,EAAE;MAAG,CAAC;MAAAX,KAAA,CAChCY,YAAY,GAAG,UAAAC,CAAC,EAAI;QAChBA,CAAC,CAACC,cAAc,CAAC,CAAC;QAElBd,KAAA,CAAKe,KAAK,CAACC,IAAI,CAACC,cAAc,CAAC,UAACC,GAAG,EAAEC,MAAM,EAAK;UAC5C,IAAI,CAACD,GAAG,EAAE;YACNE,OAAO,CAACC,GAAG,CAAC,2BAA2B,EAAEF,MAAM,CAAC;YAChD,IAAIG,UAAU,GAAG;cACbC,IAAI,EAAEJ,MAAM,CAACI,IAAI;cACjBC,YAAY,EAAEL,MAAM,CAACK,YAAY;cACjCC,eAAe,EAAEN,MAAM,CAACM,eAAe;cACvCC,gBAAgB,EAAEP,MAAM,CAACO,gBAAgB;cACzCC,kBAAkB,EAAE3B,KAAA,CAAKU,KAAK,CAACC,gBAAgB,CAAC,CAAC,CAAC;cAClDiB,SAAS,EAAE;YACf,CAAC;YACD5B,KAAA,CAAKe,KAAK,CAACc,aAAa,CAACP,UAAU,EAAE,QAAQ,CAAC;UAClD;QACJ,CAAC,CAAC;MACN,CAAC;MAAAtB,KAAA,CAGD8B,kBAAkB,GAAE,UAAAC,SAAS,EAAI;QAC7B,IACIA,SAAS,CAACC,oBAAoB,KAAGhC,KAAA,CAAKe,KAAK,CAACiB,oBAAoB,IAChEhC,KAAA,CAAKe,KAAK,CAACiB,oBAAoB,KAAK,KAAK,IACzCD,SAAS,CAACE,oBAAoB,KAAGjC,KAAA,CAAKe,KAAK,CAACkB,oBAAoB,IAChEjC,KAAA,CAAKe,KAAK,CAACkB,oBAAoB,KAAK,IAAI,EAC3C;UACGC,YAAY,CAACC,OAAO,CAAC;YACjBC,OAAO,EAAC,SAAS;YACjBC,WAAW,EAAC,+BAA+B;YAC3CC,SAAS,EAAC;UACd,CAAC,CAAC;QACN;MACJ,CAAC;MAAA,OAAAtC,KAAA;IAAA;IAAA,IAAAuC,MAAA,GAAA1C,iBAAA,CAAA2C,SAAA;IAAAD,MAAA,CAGDE,MAAM;MAAN,SAAAA,OAAA,EAAS;QAAA,IAAAC,MAAA;QACL,IAAIC,YAAY,GAAG,IAAI;QACvB,IAAIC,sBAAsB,GAAG,IAAI;QAEjC,IAAI,IAAI,CAAC7B,KAAK,CAACkB,oBAAoB,IAAI,IAAI,EAAE;UACzCW,sBAAsB,gBAAGC,KAAA,CAAAC,aAAA,CAACC,QAAQ;YAACC,EAAE,EAAC;UAAG,EAAG;QAChD;QACA,IAAQrC,gBAAA,GAAqB,IAAI,CAACD,KAAK,CAA/BC,gBAAA;QACR,IAAI,CAAC,IAAI,CAACI,KAAK,CAACkC,eAAe,EAAE;UAC7BN,YAAY,gBAAGE,KAAA,CAAAC,aAAA,CAACC,QAAQ;YAACC,EAAE,EAAC;UAAG,EAAG;QACtC;QACA,IAAMjC,KAAK,GAAG;UACVmC,QAAQ,EAAE,SAAAA,CAAAC,IAAI,EAAI;YACdT,MAAI,CAACU,QAAQ,CAAC;cACVzC,gBAAgB,EAAE;YACtB,CAAC,CAAC;UACN,CAAC;UACD0C,YAAY,EAAE,SAAAA,CAAAF,IAAI,EAAI;YAClBT,MAAI,CAACU,QAAQ,CAAC;cACVzC,gBAAgB,EAAE,CAACwC,IAAI;YAC3B,CAAC,CAAC;YACF,OAAO,KAAK;UAChB,CAAC;UACDxC,gBAAA,EAAAA;QACJ,CAAC;QACD,IAAQ2C,iBAAA,GAAsB,IAAI,CAACvC,KAAK,CAACC,IAAI,CAArCsC,iBAAA;QACR,IAAAC,WAAA,GAAiBC,UAAU;UAAnBC,IAAA,GAAAF,WAAA,CAAAE,IAAA;QAER,IAAIC,YAAY,GAAG,IAAI;QAEvB,IAAI,IAAI,CAAC3C,KAAK,CAAC4C,mBAAmB,CAACxD,MAAM,GAAG,CAAC,EAAE;UAC3C,IAAIyD,GAAG,GACH,IAAI,CAAC7C,KAAK,CAAC4C,mBAAmB,CAACE,GAAG,CAAC,UAACC,KAAK,EAAEC,KAAK;YAAA,oBAC5ClB,KAAA,CAAAC,aAAA;cAAIkB,GAAG,EAAED;YAAM,gBAAClB,KAAA,CAAAC,aAAA,CAACW,IAAI;cAAClC,IAAI,EAAC;YAAQ,GAAEuC,KAAY,CAAK,CACzD;UAAA,EAAC;UACNJ,YAAY,gBAAIb,KAAA,CAAAC,aAAA,aAAKc,GAAQ,CAAE;QACnC;QACA,oBACIf,KAAA,CAAAC,aAAA,cAEKF,sBAAsB,EACtBc,YAAY,eACbb,KAAA,CAAAC,aAAA,CAACmB,UAAU;UACPC,KAAK,EAAC,gBAAgB;UACtBC,MAAM,EAAE,SAAAA,CAAA;YAAA,OAAMC,MAAM,CAACC,OAAO,CAACC,IAAI,CAAC,CAAC;UAAA;QAAC,iBAExCzB,KAAA,CAAAC,aAAA,CAACyB,IAAI;UAACC,QAAQ,EAAE;YAAEC,IAAI,EAAE;UAAG,CAAE;UAACC,UAAU,EAAE;YAAED,IAAI,EAAE;UAAG,CAAE;UAACE,QAAQ,EAAE,IAAI,CAAC/D;QAAa,gBAChFiC,KAAA,CAAAC,aAAA,CAACyB,IAAI,CAACK,IAAI;UAACC,KAAK,EAAC;QAAM,GAClBvB,iBAAiB,CAAC,cAAc,EAAE;UAC/BwB,KAAK,EAAE,CAAC;YAAEC,QAAQ,EAAE,IAAI;YAAE3C,OAAO,EAAE;UAAqB,CAAC;QAC7D,CAAC,CAAC,eACES,KAAA,CAAAC,aAAA,CAACkC,KAAK;UACFC,WAAW,EAAC,MAAM;UAClBC,IAAI,EAAC;QAAO,EAEpB,CACO,gBACXrC,KAAA,CAAAC,aAAA,CAACyB,IAAI,CAACK,IAAI;UAACC,KAAK,EAAC;QAAgB,GAC5BvB,iBAAiB,CAAC,iBAAiB,EAAE;UAClCwB,KAAK,EAAE,CAAC;YAAEC,QAAQ,EAAE,IAAI;YAAE3C,OAAO,EAAE;UAA+B,CAAC;QACvE,CAAC,CAAC,eACES,KAAA,CAAAC,aAAA,CAACkC,KAAK;UACFC,WAAW,EAAC,gBAAgB;UAC5BC,IAAI,EAAC;QAAO,EAEpB,CACO,gBACXrC,KAAA,CAAAC,aAAA,CAACyB,IAAI,CAACK,IAAI;UAACC,KAAK,EAAC;QAAc,GAC1BvB,iBAAiB,CAAC,kBAAkB,EAAE;UACnCwB,KAAK,EAAE,CAAC;YAAEC,QAAQ,EAAE,IAAI;YAAE3C,OAAO,EAAE;UAA6B,CAAC;QACrE,CAAC,CAAC,eACES,KAAA,CAAAC,aAAA,CAACkC,KAAK;UACFC,WAAW,EAAC,cAAc;UAC1BC,IAAI,EAAC;QAAO,EAEpB,CACO,gBACXrC,KAAA,CAAAC,aAAA,CAACyB,IAAI,CAACK,IAAI;UAACC,KAAK,EAAC;QAAkB,GAC9BvB,iBAAiB,CAAC,oBAAoB,EAAE;UACrCwB,KAAK,EAAE,CAAC;YAAEC,QAAQ,EAAE,IAAI;YAAE3C,OAAO,EAAE;UAAyB,CAAC;QACjE,CAAC,CAAC,eAEES,KAAA,CAAAC,aAAA,CAACqC,MAAM,EAAAC,QAAA;UACHC,QAAQ,EAAE,KAAM;UAChBC,QAAQ,EAAE,IAAI,CAAC5E,KAAK,CAACC;QAAiB,GAClCI,KAAK,gBACT8B,KAAA,CAAAC,aAAA,CAACyC,MAAM,QAAC,GAAC,eAAA1C,KAAA,CAAAC,aAAA,CAAC0C,IAAI;UAACjE,IAAI,EAAC;QAAQ,EAAG,iBAAqB,CAChD,CACZ,CACO,gBAClBsB,KAAA,CAAAC,aAAA,CAACyB,IAAI,CAACK,IAAI;UAACC,KAAK,EAAC;QAAM,GACzBvB,iBAAiB,CAAC,MAAM,EAAC;UACRwB,KAAK,EAAE,CAAC;YAAEC,QAAQ,EAAE,IAAI;YAAE3C,OAAO,EAAE;UAA8B,CAAC;QAC3F,CAAC,CAAC,eACGS,KAAA,CAAAC,aAAA,CAAC2C,KAAK,CAACC,KAAK,qBAER7C,KAAA,CAAAC,aAAA,CAAC2C,KAAK;UAAC3B,KAAK,EAAC;QAAG,GAAC,cAAmB,gBACpCjB,KAAA,CAAAC,aAAA,CAAC2C,KAAK;UAAC3B,KAAK,EAAC;QAAG,GAAC,YAAiB,CACzB,CACjB,CACY,gBACIjB,KAAA,CAAAC,aAAA,CAACyC,MAAM;UAAChE,IAAI,EAAC,SAAS;UAClBoE,QAAQ,EAAC,QAAQ;UACjBC,SAAS,EAAEC,MAAM,CAACC,mBAAoB;UACtCZ,IAAI,EAAC;QAAO,mBAGT,CACL,CACL,CAAE;MAEf;MAAA,OAAAzC,MAAA;IAAA;IAAA,OAAA5C,iBAAA;EAAA,EArJ4BkG,SAAS;EAwJzC,IAAMC,eAAe,GAAG,SAAAA,CAAAtF,KAAK,EAAI;IAC7B,OAAO;MACHuF,OAAO,EAAEvF,KAAK,CAACwF,IAAI,CAACD,OAAO;MAC3BE,KAAK,EAAEzF,KAAK,CAACwF,IAAI,CAACC,KAAK;MACvBlD,eAAe,EAAEvC,KAAK,CAACwF,IAAI,CAACE,YAAY,KAAK,IAAI;MACjDC,gBAAgB,EAAE3F,KAAK,CAACwF,IAAI,CAACG,gBAAgB;MAC7CrE,oBAAoB,EAAEtB,KAAK,CAAC4F,QAAQ,CAACtE,oBAAoB;MACzDC,oBAAoB,EAAEvB,KAAK,CAAC4F,QAAQ,CAACrE,oBAAoB;MACzD0B,mBAAmB,EAAEjD,KAAK,CAAC4F,QAAQ,CAAC3C;IACxC,CAAC;EACL,CAAC;EACD,IAAM4C,kBAAkB,GAAG,SAAAA,CAAAC,QAAQ,EAAI;IACnC,OAAO;MACHC,KAAK,EAAE,SAAAA,CAACC,KAAK,EAAEC,QAAQ;QAAA,OAAKH,QAAQ,CAACI,OAAO,CAACH,KAAK,CAACC,KAAK,EAAEC,QAAQ,CAAC,CAAC;MAAA;MACpEE,mBAAmB,EAAE,SAAAA,CAAA;QAAA,OAAML,QAAQ,CAACI,OAAO,CAACC,mBAAmB,CAAC,IAAI,CAAC,CAAC;MAAA;MACtEhF,aAAa,EAAE,SAAAA,CAACiF,OAAO,EAAEC,KAAK;QAAA,OAAKP,QAAQ,CAACI,OAAO,CAAC/E,aAAa,CAACiF,OAAO,EAAEC,KAAK,CAAC;MAAA;IACrF,CAAC;EACL,CAAC;EACD;wBACeC,OAAO,CAAChB,eAAe,EAAEO,kBAAkB,CAAC,CAAChC,IAAI,CAAC0C,MAAM,CAAC,CAAC,CAACpH,iBAAiB,CAAC,C"},"sourceType":"module","externalDependencies":{},"hash":"d190dc5314aca85e5174e0f6faad345b4d2f311d"}
