{"metadata":{},"options":{"assumptions":{},"compact":false,"sourceMaps":true,"ast":true,"babelrc":false,"configFile":false,"parserOpts":{"sourceType":"module","sourceFileName":"/home/ani/Mergerware_assignment/Mererware_meteor/Mergerware_loanify/imports/ui/components/Auth/Logout/Logout.js","plugins":["*","flow","jsx","asyncGenerators","bigInt","classPrivateMethods","classPrivateProperties","classProperties","doExpressions","dynamicImport","exportDefaultFrom","exportExtensions","exportNamespaceFrom","functionBind","functionSent","importMeta","nullishCoalescingOperator","numericSeparator","objectRestSpread","optionalCatchBinding","optionalChaining",["pipelineOperator",{"proposal":"minimal"}],"throwExpressions","classProperties","classPrivateProperties","jsx","nullishCoalescingOperator","nullishCoalescingOperator","optionalChaining","optionalChaining","optionalCatchBinding","optionalCatchBinding","classProperties","classPrivateProperties","classPrivateMethods","classProperties","classPrivateProperties","asyncGenerators","asyncGenerators","objectRestSpread","objectRestSpread","logicalAssignment"],"allowImportExportEverywhere":true,"allowReturnOutsideFunction":true,"allowUndeclaredExports":true,"strictMode":false},"caller":{"name":"meteor","arch":"web.browser.legacy"},"sourceFileName":"imports/ui/components/Auth/Logout/Logout.js","filename":"/home/ani/Mergerware_assignment/Mererware_meteor/Mergerware_loanify/imports/ui/components/Auth/Logout/Logout.js","inputSourceMap":{"version":3,"names":["React","Component","connect","Redirect","actions","Logout","componentDidMount","props","onLogout","render","mapDispatchToProps","dispatch","logout"],"sources":["imports/ui/components/Auth/Logout/Logout.js"],"sourcesContent":["import React, { Component } from 'react';\nimport { connect } from 'react-redux';\nimport { Redirect } from 'react-router-dom';\n\nimport * as actions from '../../../store/actions/index';\n\nclass Logout extends Component {\n    componentDidMount = () => {\n        this.props.onLogout();\n    }\n    render() {\n        return (\n            <Redirect to=\"/\" />\n        );\n    }\n}\nconst mapDispatchToProps = (dispatch) => {\n    return {\n        onLogout: () => dispatch(actions.logout())\n    }\n}\nexport default connect(null, mapDispatchToProps)(Logout);\n"],"mappings":";AAAA,OAAOA,KAAK,IAAIC,SAAS,QAAQ,OAAO;AACxC,SAASC,OAAO,QAAQ,aAAa;AACrC,SAASC,QAAQ,QAAQ,kBAAkB;AAE3C,OAAO,KAAKC,OAAO,MAAM,8BAA8B;AAEvD,MAAMC,MAAM,SAASJ,SAAS,CAAC;EAC3BK,iBAAiB,GAAGA,CAAA,KAAM;IACtB,IAAI,CAACC,KAAK,CAACC,QAAQ,CAAC,CAAC;EACzB,CAAC;EACDC,MAAMA,CAAA,EAAG;IACL,OACI,CAAC,QAAQ,CAAC,EAAE,CAAC,GAAG,GAAG;EAE3B;AACJ;AACA,MAAMC,kBAAkB,GAAIC,QAAQ,IAAK;EACrC,OAAO;IACHH,QAAQ,EAAEA,CAAA,KAAMG,QAAQ,CAACP,OAAO,CAACQ,MAAM,CAAC,CAAC;EAC7C,CAAC;AACL,CAAC;AACD,eAAeV,OAAO,CAAC,IAAI,EAAEQ,kBAAkB,CAAC,CAACL,MAAM,CAAC"},"targets":{},"cloneInputAst":true,"browserslistConfigFile":false,"passPerPreset":false,"envName":"development","cwd":"/home/ani/Mergerware_assignment/Mererware_meteor/Mergerware_loanify","root":"/home/ani/Mergerware_assignment/Mererware_meteor/Mergerware_loanify","rootMode":"root","plugins":[{"key":"base$0","visitor":{"_exploded":true,"_verified":true},"options":{},"externalDependencies":[]},{"key":"base$0$0","visitor":{"Program":{"enter":[null],"exit":[null]},"_exploded":true,"_verified":true},"options":{"avoidModernSyntax":true,"enforceStrictMode":false,"dynamicImport":true},"externalDependencies":[]},{"key":"transform-runtime","visitor":{"MemberExpression":{"enter":[null]},"ObjectPattern":{"enter":[null]},"BinaryExpression":{"enter":[null]},"Identifier":{"enter":[null]},"JSXIdentifier":{"enter":[null]},"_exploded":true,"_verified":true},"options":{"version":"7.17.2","helpers":true,"useESModules":false,"corejs":false},"externalDependencies":[]},{"key":"proposal-class-properties","visitor":{"ExportDefaultDeclaration":{"enter":[null]},"_exploded":true,"_verified":true,"ClassExpression":{"enter":[null]},"ClassDeclaration":{"enter":[null]}},"options":{"loose":true},"externalDependencies":[]},{"key":"base$0$3","visitor":{"FunctionExpression":{"exit":[null]},"_exploded":true,"_verified":true},"options":{},"externalDependencies":[]},{"key":"base$0$4","visitor":{"ForInStatement":{"enter":[null]},"_exploded":true,"_verified":true},"options":{},"externalDependencies":[]},{"key":"transform-react-jsx","visitor":{"JSXNamespacedName":{"enter":[null]},"JSXSpreadChild":{"enter":[null]},"Program":{"enter":[null]},"JSXFragment":{"exit":[null]},"JSXElement":{"exit":[null]},"JSXAttribute":{"enter":[null]},"_exploded":true,"_verified":true},"options":{"pragma":"React.createElement","pragmaFrag":"React.Fragment","runtime":"classic","throwIfNamespace":true,"useBuiltIns":false},"externalDependencies":[]},{"key":"transform-react-display-name","visitor":{"ExportDefaultDeclaration":{"enter":[null]},"CallExpression":{"enter":[null]},"_exploded":true,"_verified":true},"options":{},"externalDependencies":[]},{"key":"transform-react-pure-annotations","visitor":{"CallExpression":{"enter":[null]},"_exploded":true,"_verified":true},"options":{},"externalDependencies":[]},{"key":"syntax-nullish-coalescing-operator","visitor":{"_exploded":true,"_verified":true},"options":{},"externalDependencies":[]},{"key":"proposal-nullish-coalescing-operator","visitor":{"LogicalExpression":{"enter":[null]},"_exploded":true,"_verified":true},"options":{},"externalDependencies":[]},{"key":"syntax-optional-chaining","visitor":{"_exploded":true,"_verified":true},"options":{},"externalDependencies":[]},{"key":"proposal-optional-chaining","visitor":{"OptionalCallExpression":{"enter":[null]},"OptionalMemberExpression":{"enter":[null]},"_exploded":true,"_verified":true},"options":{},"externalDependencies":[]},{"key":"syntax-optional-catch-binding","visitor":{"_exploded":true,"_verified":true},"options":{},"externalDependencies":[]},{"key":"proposal-optional-catch-binding","visitor":{"CatchClause":{"enter":[null]},"_exploded":true,"_verified":true},"options":{},"externalDependencies":[]},{"key":"syntax-class-properties","visitor":{"_exploded":true,"_verified":true},"options":{},"externalDependencies":[]},{"key":"proposal-class-properties","visitor":{"ExportDefaultDeclaration":{"enter":[null]},"_exploded":true,"_verified":true,"ClassExpression":{"enter":[null]},"ClassDeclaration":{"enter":[null]}},"options":{},"externalDependencies":[]},{"key":"syntax-async-generators","visitor":{"_exploded":true,"_verified":true},"options":{},"externalDependencies":[]},{"key":"proposal-async-generator-functions","visitor":{"Program":{"enter":[null]},"_exploded":true,"_verified":true},"options":{},"externalDependencies":[]},{"key":"syntax-object-rest-spread","visitor":{"_exploded":true,"_verified":true},"options":{},"externalDependencies":[]},{"key":"proposal-object-rest-spread","visitor":{"VariableDeclarator":{"enter":[null]},"ExportNamedDeclaration":{"enter":[null]},"CatchClause":{"enter":[null]},"AssignmentExpression":{"enter":[null]},"ArrayPattern":{"enter":[null]},"ObjectExpression":{"enter":[null]},"FunctionDeclaration":{"enter":[null]},"FunctionExpression":{"enter":[null]},"ObjectMethod":{"enter":[null]},"ArrowFunctionExpression":{"enter":[null]},"ClassMethod":{"enter":[null]},"ClassPrivateMethod":{"enter":[null]},"ForInStatement":{"enter":[null]},"ForOfStatement":{"enter":[null]},"_exploded":true,"_verified":true},"options":{},"externalDependencies":[]},{"key":"proposal-logical-assignment-operators","visitor":{"AssignmentExpression":{"enter":[null]},"_exploded":true,"_verified":true},"options":{},"externalDependencies":[]},{"key":"transform-arrow-functions","visitor":{"ArrowFunctionExpression":{"enter":[null]},"_exploded":true,"_verified":true},"options":{},"externalDependencies":[]},{"key":"transform-block-scoped-functions","visitor":{"BlockStatement":{"enter":[null]},"SwitchCase":{"enter":[null]},"_exploded":true,"_verified":true},"options":{},"externalDependencies":[]},{"key":"transform-block-scoping","visitor":{"VariableDeclaration":{"enter":[null,null]},"BlockStatement":{"enter":[null]},"SwitchCase":{"enter":[null]},"ClassDeclaration":{"enter":[null]},"DoWhileStatement":{"enter":[null]},"ForInStatement":{"enter":[null]},"ForStatement":{"enter":[null]},"WhileStatement":{"enter":[null]},"ForOfStatement":{"enter":[null]},"_exploded":true,"_verified":true},"options":{},"externalDependencies":[]},{"key":"transform-classes","visitor":{"ExportDefaultDeclaration":{"enter":[null]},"ClassDeclaration":{"enter":[null]},"ClassExpression":{"enter":[null]},"_exploded":true,"_verified":true},"options":{"loose":true},"externalDependencies":[]},{"key":"transform-computed-properties","visitor":{"ObjectExpression":{"exit":[null]},"_exploded":true,"_verified":true},"options":{"loose":true},"externalDependencies":[]},{"key":"transform-destructuring","visitor":{"ExportNamedDeclaration":{"enter":[null]},"CatchClause":{"enter":[null]},"AssignmentExpression":{"enter":[null]},"VariableDeclaration":{"enter":[null]},"_exploded":true,"_verified":true,"ForInStatement":{"enter":[null]},"ForOfStatement":{"enter":[null]}},"options":{},"externalDependencies":[]},{"key":"transform-for-of","visitor":{"ForOfStatement":{"enter":[null]},"_exploded":true,"_verified":true},"options":{"loose":true},"externalDependencies":[]},{"key":"transform-literals","visitor":{"NumericLiteral":{"enter":[null]},"StringLiteral":{"enter":[null]},"_exploded":true,"_verified":true},"options":{},"externalDependencies":[]},{"key":"transform-object-super","visitor":{"ObjectExpression":{"enter":[null]},"_exploded":true,"_verified":true,"DoWhileStatement":{"exit":[null]},"ForInStatement":{"exit":[null]},"ForStatement":{"exit":[null]},"WhileStatement":{"exit":[null]},"ForOfStatement":{"exit":[null]}},"options":{},"externalDependencies":[]},{"key":"transform-parameters","visitor":{"_exploded":true,"_verified":true,"FunctionDeclaration":{"enter":[null]},"FunctionExpression":{"enter":[null]},"ObjectMethod":{"enter":[null]},"ArrowFunctionExpression":{"enter":[null]},"ClassMethod":{"enter":[null]},"ClassPrivateMethod":{"enter":[null]}},"options":{},"externalDependencies":[]},{"key":"transform-shorthand-properties","visitor":{"ObjectMethod":{"enter":[null]},"ObjectProperty":{"enter":[null]},"_exploded":true,"_verified":true},"options":{},"externalDependencies":[]},{"key":"transform-spread","visitor":{"ArrayExpression":{"enter":[null]},"CallExpression":{"enter":[null]},"NewExpression":{"enter":[null]},"_exploded":true,"_verified":true},"options":{},"externalDependencies":[]},{"key":"transform-sticky-regex","visitor":{"RegExpLiteral":{"enter":[null]},"_exploded":true,"_verified":true},"options":{},"externalDependencies":[]},{"key":"transform-template-literals","visitor":{"TaggedTemplateExpression":{"enter":[null]},"TemplateLiteral":{"enter":[null]},"_exploded":true,"_verified":true},"options":{"loose":true},"externalDependencies":[]},{"key":"transform-typeof-symbol","visitor":{"UnaryExpression":{"enter":[null]},"_exploded":true,"_verified":true,"BlockStatement":{"enter":[null]},"CatchClause":{"enter":[null]},"DoWhileStatement":{"enter":[null]},"ForInStatement":{"enter":[null]},"ForStatement":{"enter":[null]},"FunctionDeclaration":{"enter":[null]},"FunctionExpression":{"enter":[null]},"Program":{"enter":[null]},"ObjectMethod":{"enter":[null]},"SwitchStatement":{"enter":[null]},"WhileStatement":{"enter":[null]},"ArrowFunctionExpression":{"enter":[null]},"ClassExpression":{"enter":[null]},"ClassDeclaration":{"enter":[null]},"ForOfStatement":{"enter":[null]},"ClassMethod":{"enter":[null]},"ClassPrivateMethod":{"enter":[null]},"StaticBlock":{"enter":[null]},"TSModuleBlock":{"enter":[null]},"AssignmentPattern":{"enter":[null]},"ArrayPattern":{"enter":[null]},"ObjectPattern":{"enter":[null]}},"options":{},"externalDependencies":[]},{"key":"transform-unicode-regex","visitor":{"RegExpLiteral":{"enter":[null]},"_exploded":true,"_verified":true},"options":{},"externalDependencies":[]},{"key":"transform-property-literals","visitor":{"ObjectProperty":{"exit":[null]},"_exploded":true,"_verified":true},"options":{},"externalDependencies":[]},{"key":"transform-exponentiation-operator","visitor":{"AssignmentExpression":{"enter":[null]},"BinaryExpression":{"enter":[null]},"_exploded":true,"_verified":true},"options":{},"externalDependencies":[]},{"key":"transform-regenerator","visitor":{"ObjectMethod":{"enter":[null],"exit":[null]},"ClassMethod":{"enter":[null],"exit":[null]},"ClassPrivateMethod":{"enter":[null],"exit":[null]},"FunctionDeclaration":{"exit":[null]},"FunctionExpression":{"exit":[null]},"ArrowFunctionExpression":{"exit":[null]},"MemberExpression":{"enter":[null]},"_exploded":true,"_verified":true},"options":{},"externalDependencies":[]}],"presets":[],"generatorOpts":{"filename":"/home/ani/Mergerware_assignment/Mererware_meteor/Mergerware_loanify/imports/ui/components/Auth/Logout/Logout.js","comments":true,"compact":false,"sourceMaps":true,"sourceFileName":"imports/ui/components/Auth/Logout/Logout.js","inputSourceMap":{"version":3,"names":["React","Component","connect","Redirect","actions","Logout","componentDidMount","props","onLogout","render","mapDispatchToProps","dispatch","logout"],"sources":["imports/ui/components/Auth/Logout/Logout.js"],"sourcesContent":["import React, { Component } from 'react';\nimport { connect } from 'react-redux';\nimport { Redirect } from 'react-router-dom';\n\nimport * as actions from '../../../store/actions/index';\n\nclass Logout extends Component {\n    componentDidMount = () => {\n        this.props.onLogout();\n    }\n    render() {\n        return (\n            <Redirect to=\"/\" />\n        );\n    }\n}\nconst mapDispatchToProps = (dispatch) => {\n    return {\n        onLogout: () => dispatch(actions.logout())\n    }\n}\nexport default connect(null, mapDispatchToProps)(Logout);\n"],"mappings":";AAAA,OAAOA,KAAK,IAAIC,SAAS,QAAQ,OAAO;AACxC,SAASC,OAAO,QAAQ,aAAa;AACrC,SAASC,QAAQ,QAAQ,kBAAkB;AAE3C,OAAO,KAAKC,OAAO,MAAM,8BAA8B;AAEvD,MAAMC,MAAM,SAASJ,SAAS,CAAC;EAC3BK,iBAAiB,GAAGA,CAAA,KAAM;IACtB,IAAI,CAACC,KAAK,CAACC,QAAQ,CAAC,CAAC;EACzB,CAAC;EACDC,MAAMA,CAAA,EAAG;IACL,OACI,CAAC,QAAQ,CAAC,EAAE,CAAC,GAAG,GAAG;EAE3B;AACJ;AACA,MAAMC,kBAAkB,GAAIC,QAAQ,IAAK;EACrC,OAAO;IACHH,QAAQ,EAAEA,CAAA,KAAMG,QAAQ,CAACP,OAAO,CAACQ,MAAM,CAAC,CAAC;EAC7C,CAAC;AACL,CAAC;AACD,eAAeV,OAAO,CAAC,IAAI,EAAEQ,kBAAkB,CAAC,CAACL,MAAM,CAAC"}}},"code":"!function (module1) {\n  var _inheritsLoose;\n  module1.link(\"@babel/runtime/helpers/inheritsLoose\", {\n    default: function (v) {\n      _inheritsLoose = v;\n    }\n  }, 0);\n  var React, Component;\n  module1.link(\"react\", {\n    \"default\": function (v) {\n      React = v;\n    },\n    Component: function (v) {\n      Component = v;\n    }\n  }, 0);\n  var connect;\n  module1.link(\"react-redux\", {\n    connect: function (v) {\n      connect = v;\n    }\n  }, 1);\n  var Redirect;\n  module1.link(\"react-router-dom\", {\n    Redirect: function (v) {\n      Redirect = v;\n    }\n  }, 2);\n  var actions;\n  module1.link(\"../../../store/actions/index\", {\n    \"*\": function (v) {\n      actions = v;\n    }\n  }, 3);\n  ___INIT_METEOR_FAST_REFRESH(module);\n  var Logout = /*#__PURE__*/function (_Component) {\n    _inheritsLoose(Logout, _Component);\n    function Logout() {\n      var _this;\n      for (var _len = arguments.length, args = new Array(_len), _key = 0; _key < _len; _key++) {\n        args[_key] = arguments[_key];\n      }\n      _this = _Component.call.apply(_Component, [this].concat(args)) || this;\n      _this.componentDidMount = function () {\n        _this.props.onLogout();\n      };\n      return _this;\n    }\n    var _proto = Logout.prototype;\n    _proto.render = function () {\n      function render() {\n        return /*#__PURE__*/React.createElement(Redirect, {\n          to: \"/\"\n        });\n      }\n      return render;\n    }();\n    return Logout;\n  }(Component);\n  var mapDispatchToProps = function (dispatch) {\n    return {\n      onLogout: function () {\n        return dispatch(actions.logout());\n      }\n    };\n  };\n  module1.exportDefault(connect(null, mapDispatchToProps)(Logout));\n}.call(this, module);","map":{"version":3,"names":["Logout","_Component","_inheritsLoose","_this","_len","arguments","length","args","Array","_key","call","apply","concat","componentDidMount","props","onLogout","_proto","prototype","render","React","createElement","Redirect","to","Component","mapDispatchToProps","dispatch","actions","logout","connect"],"sources":["imports/ui/components/Auth/Logout/Logout.js"],"sourcesContent":["import React, { Component } from 'react';\nimport { connect } from 'react-redux';\nimport { Redirect } from 'react-router-dom';\n\nimport * as actions from '../../../store/actions/index';\n\nclass Logout extends Component {\n    componentDidMount = () => {\n        this.props.onLogout();\n    }\n    render() {\n        return (\n            <Redirect to=\"/\" />\n        );\n    }\n}\nconst mapDispatchToProps = (dispatch) => {\n    return {\n        onLogout: () => dispatch(actions.logout())\n    }\n}\nexport default connect(null, mapDispatchToProps)(Logout);\n"],"mappings":";;;;;;;;;;;;;;;;;;;;;;;;;;;;;;;;;;;MAMMA,MAAM,0BAAAC,UAAA;IAAAC,cAAA,CAAAF,MAAA,EAAAC,UAAA;IAAA,SAAAD,OAAA;MAAA,IAAAG,KAAA;MAAA,SAAAC,IAAA,GAAAC,SAAA,CAAAC,MAAA,EAAAC,IAAA,OAAAC,KAAA,CAAAJ,IAAA,GAAAK,IAAA,MAAAA,IAAA,GAAAL,IAAA,EAAAK,IAAA;QAAAF,IAAA,CAAAE,IAAA,IAAAJ,SAAA,CAAAI,IAAA;MAAA;MAAAN,KAAA,GAAAF,UAAA,CAAAS,IAAA,CAAAC,KAAA,CAAAV,UAAA,SAAAW,MAAA,CAAAL,IAAA;MAAAJ,KAAA,CACRU,iBAAiB,GAAG,YAAM;QACtBV,KAAA,CAAKW,KAAK,CAACC,QAAQ,CAAC,CAAC;MACzB,CAAC;MAAA,OAAAZ,KAAA;IAAA;IAAA,IAAAa,MAAA,GAAAhB,MAAA,CAAAiB,SAAA;IAAAD,MAAA,CACDE,MAAM;MAAN,SAAAA,OAAA,EAAS;QACL,oBACIC,KAAA,CAAAC,aAAA,CAACC,QAAQ;UAACC,EAAE,EAAC;QAAG,EAAG;MAE3B;MAAA,OAAAJ,MAAA;IAAA;IAAA,OAAAlB,MAAA;EAAA,EARiBuB,SAAS;EAU9B,IAAMC,kBAAkB,GAAI,SAAAA,CAAAC,QAAQ,EAAK;IACrC,OAAO;MACHV,QAAQ,EAAE,SAAAA,CAAA;QAAA,OAAMU,QAAQ,CAACC,OAAO,CAACC,MAAM,CAAC,CAAC;MAAA;IAC7C,CAAC;EACL,CAAC;wBACcC,OAAO,CAAC,IAAI,EAAEJ,kBAAkB,CAAC,CAACxB,MAAM,C"},"sourceType":"module","externalDependencies":{},"hash":"d2728f8b6604adc33750f0c998031d4914635d76"}
