{"metadata":{},"options":{"assumptions":{},"compact":false,"sourceMaps":true,"ast":true,"babelrc":false,"configFile":false,"parserOpts":{"sourceType":"module","sourceFileName":"/home/ani/Mergerware_assignment/Mererware_meteor/Mergerware_loanify/imports/ui/components/UsersCreateUser/Forms/CreateUserForm.js","plugins":["*","flow","jsx","asyncGenerators","bigInt","classPrivateMethods","classPrivateProperties","classProperties","doExpressions","dynamicImport","exportDefaultFrom","exportExtensions","exportNamespaceFrom","functionBind","functionSent","importMeta","nullishCoalescingOperator","numericSeparator","objectRestSpread","optionalCatchBinding","optionalChaining",["pipelineOperator",{"proposal":"minimal"}],"throwExpressions","classProperties","classPrivateProperties","jsx","nullishCoalescingOperator","nullishCoalescingOperator","optionalChaining","optionalChaining","optionalCatchBinding","optionalCatchBinding","classProperties","classPrivateProperties","classPrivateMethods","classProperties","classPrivateProperties","asyncGenerators","asyncGenerators","objectRestSpread","objectRestSpread","logicalAssignment"],"allowImportExportEverywhere":true,"allowReturnOutsideFunction":true,"allowUndeclaredExports":true,"strictMode":false},"caller":{"name":"meteor","arch":"web.browser"},"sourceFileName":"imports/ui/components/UsersCreateUser/Forms/CreateUserForm.js","filename":"/home/ani/Mergerware_assignment/Mererware_meteor/Mergerware_loanify/imports/ui/components/UsersCreateUser/Forms/CreateUserForm.js","inputSourceMap":{"version":3,"names":["React","Component","Form","Icon","Input","Button","Result","Typography","Radio","PageHeader","styles","actions","connect","Redirect","CreateUserForm","handleSubmit","e","preventDefault","props","form","validateFields","err","values","newUser","name","email","password","c_password","role","createUser","console","log","render","authRedirect","isAuthenticated","getFieldDecorator","createUserForm","createUserMessage","rules","required","message","color","CreateUserFormButton","errors","error","Object","keys","map","key","window","history","back","mapStateToProps","state","createUserLoading","users","createUserErrors","auth","access_token","authRedirectPath","mapDispatchToProps","dispatch","user","token","setAuthRedirectPath","create"],"sources":["imports/ui/components/UsersCreateUser/Forms/CreateUserForm.js"],"sourcesContent":["import React, { Component } from 'react';\nimport { Form, Icon, Input, Button, Result, Typography, Radio,\n         PageHeader\n} from 'antd';\nimport styles from './CreateUserForm.module.css';\nimport * as actions from '../../../store/actions/index';\nimport { connect } from 'react-redux';\nimport { Redirect } from 'react-router-dom';\n\nclass CreateUserForm extends Component {\n    handleSubmit = e => {\n        e.preventDefault();\n        this.props.form.validateFields((err, values) => {\n            if (!err) {\n                let newUser = {\n                    name:values.name,\n                    email:values.email,\n                    password:values.password,\n                    c_password:values.c_password,\n                    role:values.role\n                };\n                this.props.createUser(newUser,'dfdf')\n            }\n            else {\n                console.log(err)\n            }\n        });\n    };\n\n    render() {\n        let authRedirect = null;\n        if (!this.props.isAuthenticated) {\n            authRedirect = <Redirect to=\"/login\" />\n        }\n        const { getFieldDecorator } = this.props.form;\n\n        let createUserForm = null;\n\n        if (this.props.createUserMessage) {\n            createUserForm = (\n                <Result\n                    status=\"success\"\n                    title=\"Successfully Created User!\"\n                    subTitle={this.props.createUserMessage}\n                />\n            );\n        }\n        else {\n            createUserForm = (\n                < Form onSubmit={this.handleSubmit} className=\"login-form\" >\n                    <Form.Item>\n                        {getFieldDecorator('name', {\n                            rules: [{ required: true, message: 'Please input your name!' }],\n                        })(\n                            <Input\n                                prefix={<Icon type=\"user\" style={{ color: 'rgba(0,0,0,.25)' }} />}\n                                placeholder=\"Name\"\n                                size=\"large\"\n                            />,\n                        )}\n                    </Form.Item>\n                    <Form.Item>\n                        {getFieldDecorator('email', {\n                            rules: [{ required: true, message: 'Please input your email!' }],\n                        })(\n                            <Input\n                                prefix={<Icon type=\"user\" style={{ color: 'rgba(0,0,0,.25)' }} />}\n                                type=\"email\"\n                                placeholder=\"Email\"\n                                size=\"large\"\n                            />,\n                        )}\n                    </Form.Item>\n                    <Form.Item>\n                        {getFieldDecorator('password', {\n                            rules: [{ required: true, message: 'Please input your Password!' }],\n                        })(\n                            <Input\n                                prefix={<Icon type=\"lock\" style={{ color: 'rgba(0,0,0,.25)' }} />}\n                                type=\"password\"\n                                placeholder=\"Password\"\n                                size=\"large\"\n                            />,\n                        )}\n                    </Form.Item>\n                    <Form.Item>\n                        {getFieldDecorator('c_password', {\n                            rules: [{ required: true, message: 'Retype your Password!' }],\n                        })(\n                            <Input\n                                prefix={<Icon type=\"lock\" style={{ color: 'rgba(0,0,0,.25)' }} />}\n                                type=\"password\"\n                                placeholder=\"Retype Password\"\n                                size=\"large\"\n                            />,\n                        )}\n                    </Form.Item>\n                    <Form.Item label=\"Roles\">\n                        {getFieldDecorator('role')(\n                            <Radio.Group>\n                                <Radio value=\"0\">Admin</Radio>\n                                <Radio value=\"1\">Accounts (Moderator)</Radio>\n                                <Radio value=\"2\">Cashier (Standard User)</Radio>\n                            </Radio.Group>,\n                        )}\n                    </Form.Item>\n                    <Form.Item>\n                        <Button type=\"primary\"\n                            htmlType=\"submit\"\n                            className={styles.CreateUserFormButton}\n                            size=\"large\"\n                        >\n                            CreateUser\n                    </Button>\n                    </Form.Item>\n                </Form >\n            );\n        }\n\n        let errors = null;\n        if (this.props.error) {\n            errors = Object.keys(this.props.error).map(\n                (key) => <Typography.Text key={key} type=\"danger\">{this.props.error[key]}</Typography.Text>\n            );\n        }\n        return (\n            <div>\n                {authRedirect}\n                <PageHeader\n                    title=\"Create User\"\n                    onBack={() => window.history.back()}\n                />\n                {errors}\n                {createUserForm}\n            </div>\n        );\n    }\n}\n\nconst mapStateToProps = state => {\n    return {\n        createUserLoading: state.users.createUserLoading,\n        createUserMessage: state.users.createUserMessage,\n        createUserErrors: state.users.createUserErrors,\n        isAuthenticated: state.auth.access_token !== null,\n        authRedirectPath: state.auth.authRedirectPath\n    }\n}\nconst mapDispatchToProps = dispatch => {\n    return {\n        createUser: (user, token) => dispatch(actions.createUser(user, token)),\n        setAuthRedirectPath: () => dispatch(actions.setAuthRedirectPath('/ '))\n    }\n}\n//export default Form.create()(CreateUserForm);\nexport default connect(mapStateToProps, mapDispatchToProps)(Form.create()(CreateUserForm));\n"],"mappings":";AAAA,OAAOA,KAAK,IAAIC,SAAS,QAAQ,OAAO;AACxC,SAASC,IAAI,EAAEC,IAAI,EAAEC,KAAK,EAAEC,MAAM,EAAEC,MAAM,EAAEC,UAAU,EAAEC,KAAK,EACpDC,UAAU,QACZ,MAAM;AACb,OAAOC,MAAM,MAAM,6BAA6B;AAChD,OAAO,KAAKC,OAAO,MAAM,8BAA8B;AACvD,SAASC,OAAO,QAAQ,aAAa;AACrC,SAASC,QAAQ,QAAQ,kBAAkB;AAE3C,MAAMC,cAAc,SAASb,SAAS,CAAC;EACnCc,YAAY,GAAGC,CAAC,IAAI;IAChBA,CAAC,CAACC,cAAc,CAAC,CAAC;IAClB,IAAI,CAACC,KAAK,CAACC,IAAI,CAACC,cAAc,CAAC,CAACC,GAAG,EAAEC,MAAM,KAAK;MAC5C,IAAI,CAACD,GAAG,EAAE;QACN,IAAIE,OAAO,GAAG;UACVC,IAAI,EAACF,MAAM,CAACE,IAAI;UAChBC,KAAK,EAACH,MAAM,CAACG,KAAK;UAClBC,QAAQ,EAACJ,MAAM,CAACI,QAAQ;UACxBC,UAAU,EAACL,MAAM,CAACK,UAAU;UAC5BC,IAAI,EAACN,MAAM,CAACM;QAChB,CAAC;QACD,IAAI,CAACV,KAAK,CAACW,UAAU,CAACN,OAAO,EAAC,MAAM,CAAC;MACzC,CAAC,MACI;QACDO,OAAO,CAACC,GAAG,CAACV,GAAG,CAAC;MACpB;IACJ,CAAC,CAAC;EACN,CAAC;EAEDW,MAAMA,CAAA,EAAG;IACL,IAAIC,YAAY,GAAG,IAAI;IACvB,IAAI,CAAC,IAAI,CAACf,KAAK,CAACgB,eAAe,EAAE;MAC7BD,YAAY,GAAG,CAAC,QAAQ,CAAC,EAAE,CAAC,QAAQ,GAAG;IAC3C;IACA,MAAM;MAAEE;IAAkB,CAAC,GAAG,IAAI,CAACjB,KAAK,CAACC,IAAI;IAE7C,IAAIiB,cAAc,GAAG,IAAI;IAEzB,IAAI,IAAI,CAAClB,KAAK,CAACmB,iBAAiB,EAAE;MAC9BD,cAAc,GACV,CAAC,MAAM,CACH,MAAM,CAAC,SAAS,CAChB,KAAK,CAAC,4BAA4B,CAClC,QAAQ,CAAC,CAAC,IAAI,CAAClB,KAAK,CAACmB,iBAAiB,CAAC,GAE9C;IACL,CAAC,MACI;MACDD,cAAc,GACV,CAAE,IAAI,CAAC,QAAQ,CAAC,CAAC,IAAI,CAACrB,YAAY,CAAC,CAAC,SAAS,CAAC,YAAY;AAC1E,oBAAoB,CAAC,IAAI,CAAC,IAAI;AAC9B,wBAAwB,CAACoB,iBAAiB,CAAC,MAAM,EAAE;YACvBG,KAAK,EAAE,CAAC;cAAEC,QAAQ,EAAE,IAAI;cAAEC,OAAO,EAAE;YAA0B,CAAC;UAClE,CAAC,CAAC,CACE,CAAC,KAAK,CACF,MAAM,CAAC,CAAC,CAAC,IAAI,CAAC,IAAI,CAAC,MAAM,CAAC,KAAK,CAAC,CAAC;YAAEC,KAAK,EAAE;UAAkB,CAAC,CAAC,GAAG,CAAC,CAClE,WAAW,CAAC,MAAM,CAClB,IAAI,CAAC,OAAO,GAEpB,CAAC;AACzB,oBAAoB,EAAE,IAAI,CAAC,IAAI;AAC/B,oBAAoB,CAAC,IAAI,CAAC,IAAI;AAC9B,wBAAwB,CAACN,iBAAiB,CAAC,OAAO,EAAE;YACxBG,KAAK,EAAE,CAAC;cAAEC,QAAQ,EAAE,IAAI;cAAEC,OAAO,EAAE;YAA2B,CAAC;UACnE,CAAC,CAAC,CACE,CAAC,KAAK,CACF,MAAM,CAAC,CAAC,CAAC,IAAI,CAAC,IAAI,CAAC,MAAM,CAAC,KAAK,CAAC,CAAC;YAAEC,KAAK,EAAE;UAAkB,CAAC,CAAC,GAAG,CAAC,CAClE,IAAI,CAAC,OAAO,CACZ,WAAW,CAAC,OAAO,CACnB,IAAI,CAAC,OAAO,GAEpB,CAAC;AACzB,oBAAoB,EAAE,IAAI,CAAC,IAAI;AAC/B,oBAAoB,CAAC,IAAI,CAAC,IAAI;AAC9B,wBAAwB,CAACN,iBAAiB,CAAC,UAAU,EAAE;YAC3BG,KAAK,EAAE,CAAC;cAAEC,QAAQ,EAAE,IAAI;cAAEC,OAAO,EAAE;YAA8B,CAAC;UACtE,CAAC,CAAC,CACE,CAAC,KAAK,CACF,MAAM,CAAC,CAAC,CAAC,IAAI,CAAC,IAAI,CAAC,MAAM,CAAC,KAAK,CAAC,CAAC;YAAEC,KAAK,EAAE;UAAkB,CAAC,CAAC,GAAG,CAAC,CAClE,IAAI,CAAC,UAAU,CACf,WAAW,CAAC,UAAU,CACtB,IAAI,CAAC,OAAO,GAEpB,CAAC;AACzB,oBAAoB,EAAE,IAAI,CAAC,IAAI;AAC/B,oBAAoB,CAAC,IAAI,CAAC,IAAI;AAC9B,wBAAwB,CAACN,iBAAiB,CAAC,YAAY,EAAE;YAC7BG,KAAK,EAAE,CAAC;cAAEC,QAAQ,EAAE,IAAI;cAAEC,OAAO,EAAE;YAAwB,CAAC;UAChE,CAAC,CAAC,CACE,CAAC,KAAK,CACF,MAAM,CAAC,CAAC,CAAC,IAAI,CAAC,IAAI,CAAC,MAAM,CAAC,KAAK,CAAC,CAAC;YAAEC,KAAK,EAAE;UAAkB,CAAC,CAAC,GAAG,CAAC,CAClE,IAAI,CAAC,UAAU,CACf,WAAW,CAAC,iBAAiB,CAC7B,IAAI,CAAC,OAAO,GAEpB,CAAC;AACzB,oBAAoB,EAAE,IAAI,CAAC,IAAI;AAC/B,oBAAoB,CAAC,IAAI,CAAC,IAAI,CAAC,KAAK,CAAC,OAAO;AAC5C,wBAAwB,CAACN,iBAAiB,CAAC,MAAM,CAAC,CACtB,CAAC,KAAK,CAAC,KAAK;AACxC,gCAAgC,CAAC,KAAK,CAAC,KAAK,CAAC,GAAG,CAAC,KAAK,EAAE,KAAK;AAC7D,gCAAgC,CAAC,KAAK,CAAC,KAAK,CAAC,GAAG,CAAC,oBAAoB,EAAE,KAAK;AAC5E,gCAAgC,CAAC,KAAK,CAAC,KAAK,CAAC,GAAG,CAAC,uBAAuB,EAAE,KAAK;AAC/E,4BAA4B,EAAE,KAAK,CAAC,KAAK,CACjB,CAAC;AACzB,oBAAoB,EAAE,IAAI,CAAC,IAAI;AAC/B,oBAAoB,CAAC,IAAI,CAAC,IAAI;AAC9B,wBAAwB,CAAC,MAAM,CAAC,IAAI,CAAC,SAAS,CAClB,QAAQ,CAAC,QAAQ,CACjB,SAAS,CAAC,CAACzB,MAAM,CAACgC,oBAAoB,CAAC,CACvC,IAAI,CAAC,OAAO;AAExC;AACA,oBAAoB,EAAE,MAAM;AAC5B,oBAAoB,EAAE,IAAI,CAAC,IAAI;AAC/B,gBAAgB,EAAE,IAAI,CACT;IACL;IAEA,IAAIC,MAAM,GAAG,IAAI;IACjB,IAAI,IAAI,CAACzB,KAAK,CAAC0B,KAAK,EAAE;MAClBD,MAAM,GAAGE,MAAM,CAACC,IAAI,CAAC,IAAI,CAAC5B,KAAK,CAAC0B,KAAK,CAAC,CAACG,GAAG,CACrCC,GAAG,IAAK,CAAC,UAAU,CAAC,IAAI,CAAC,GAAG,CAAC,CAACA,GAAG,CAAC,CAAC,IAAI,CAAC,QAAQ,CAAC,CAAC,IAAI,CAAC9B,KAAK,CAAC0B,KAAK,CAACI,GAAG,CAAC,CAAC,EAAE,UAAU,CAAC,IAAI,CAC9F,CAAC;IACL;IACA,OACI,CAAC,GAAG;AAChB,gBAAgB,CAACf,YAAY;AAC7B,gBAAgB,CAAC,UAAU,CACP,KAAK,CAAC,aAAa,CACnB,MAAM,CAAC,CAAC,MAAMgB,MAAM,CAACC,OAAO,CAACC,IAAI,CAAC,CAAC,CAAC;AAExD,gBAAgB,CAACR,MAAM;AACvB,gBAAgB,CAACP,cAAc;AAC/B,YAAY,EAAE,GAAG,CAAC;EAEd;AACJ;AAEA,MAAMgB,eAAe,GAAGC,KAAK,IAAI;EAC7B,OAAO;IACHC,iBAAiB,EAAED,KAAK,CAACE,KAAK,CAACD,iBAAiB;IAChDjB,iBAAiB,EAAEgB,KAAK,CAACE,KAAK,CAAClB,iBAAiB;IAChDmB,gBAAgB,EAAEH,KAAK,CAACE,KAAK,CAACC,gBAAgB;IAC9CtB,eAAe,EAAEmB,KAAK,CAACI,IAAI,CAACC,YAAY,KAAK,IAAI;IACjDC,gBAAgB,EAAEN,KAAK,CAACI,IAAI,CAACE;EACjC,CAAC;AACL,CAAC;AACD,MAAMC,kBAAkB,GAAGC,QAAQ,IAAI;EACnC,OAAO;IACHhC,UAAU,EAAEA,CAACiC,IAAI,EAAEC,KAAK,KAAKF,QAAQ,CAAClD,OAAO,CAACkB,UAAU,CAACiC,IAAI,EAAEC,KAAK,CAAC,CAAC;IACtEC,mBAAmB,EAAEA,CAAA,KAAMH,QAAQ,CAAClD,OAAO,CAACqD,mBAAmB,CAAC,IAAI,CAAC;EACzE,CAAC;AACL,CAAC;AACD;AACA,eAAepD,OAAO,CAACwC,eAAe,EAAEQ,kBAAkB,CAAC,CAAC1D,IAAI,CAAC+D,MAAM,CAAC,CAAC,CAACnD,cAAc,CAAC,CAAC"},"targets":{},"cloneInputAst":true,"browserslistConfigFile":false,"passPerPreset":false,"envName":"development","cwd":"/home/ani/Mergerware_assignment/Mererware_meteor/Mergerware_loanify","root":"/home/ani/Mergerware_assignment/Mererware_meteor/Mergerware_loanify","rootMode":"root","plugins":[{"key":"base$0","visitor":{"_exploded":true,"_verified":true},"options":{},"externalDependencies":[]},{"key":"base$0$0","visitor":{"Program":{"enter":[null],"exit":[null]},"_exploded":true,"_verified":true},"options":{"avoidModernSyntax":false,"enforceStrictMode":false,"dynamicImport":true,"generateLetDeclarations":true},"externalDependencies":[]},{"key":"transform-runtime","visitor":{"MemberExpression":{"enter":[null]},"ObjectPattern":{"enter":[null]},"BinaryExpression":{"enter":[null]},"Identifier":{"enter":[null]},"JSXIdentifier":{"enter":[null]},"_exploded":true,"_verified":true},"options":{"version":"7.17.2","helpers":true,"useESModules":false,"corejs":false},"externalDependencies":[]},{"key":"proposal-class-properties","visitor":{"ExportDefaultDeclaration":{"enter":[null]},"_exploded":true,"_verified":true,"ClassExpression":{"enter":[null]},"ClassDeclaration":{"enter":[null]}},"options":{"loose":true},"externalDependencies":[]},{"key":"transform-react-jsx","visitor":{"JSXNamespacedName":{"enter":[null]},"JSXSpreadChild":{"enter":[null]},"Program":{"enter":[null]},"JSXFragment":{"exit":[null]},"JSXElement":{"exit":[null]},"JSXAttribute":{"enter":[null]},"_exploded":true,"_verified":true},"options":{"pragma":"React.createElement","pragmaFrag":"React.Fragment","runtime":"classic","throwIfNamespace":true,"useBuiltIns":false},"externalDependencies":[]},{"key":"transform-react-display-name","visitor":{"ExportDefaultDeclaration":{"enter":[null]},"CallExpression":{"enter":[null]},"_exploded":true,"_verified":true},"options":{},"externalDependencies":[]},{"key":"transform-react-pure-annotations","visitor":{"CallExpression":{"enter":[null]},"_exploded":true,"_verified":true},"options":{},"externalDependencies":[]},{"key":"syntax-nullish-coalescing-operator","visitor":{"_exploded":true,"_verified":true},"options":{},"externalDependencies":[]},{"key":"proposal-nullish-coalescing-operator","visitor":{"LogicalExpression":{"enter":[null]},"_exploded":true,"_verified":true},"options":{},"externalDependencies":[]},{"key":"syntax-optional-chaining","visitor":{"_exploded":true,"_verified":true},"options":{},"externalDependencies":[]},{"key":"proposal-optional-chaining","visitor":{"OptionalCallExpression":{"enter":[null]},"OptionalMemberExpression":{"enter":[null]},"_exploded":true,"_verified":true},"options":{},"externalDependencies":[]},{"key":"syntax-optional-catch-binding","visitor":{"_exploded":true,"_verified":true},"options":{},"externalDependencies":[]},{"key":"proposal-optional-catch-binding","visitor":{"CatchClause":{"enter":[null]},"_exploded":true,"_verified":true},"options":{},"externalDependencies":[]},{"key":"syntax-class-properties","visitor":{"_exploded":true,"_verified":true},"options":{},"externalDependencies":[]},{"key":"proposal-class-properties","visitor":{"ExportDefaultDeclaration":{"enter":[null]},"_exploded":true,"_verified":true,"ClassExpression":{"enter":[null]},"ClassDeclaration":{"enter":[null]}},"options":{},"externalDependencies":[]},{"key":"syntax-async-generators","visitor":{"_exploded":true,"_verified":true},"options":{},"externalDependencies":[]},{"key":"proposal-async-generator-functions","visitor":{"Program":{"enter":[null]},"_exploded":true,"_verified":true},"options":{},"externalDependencies":[]},{"key":"syntax-object-rest-spread","visitor":{"_exploded":true,"_verified":true},"options":{},"externalDependencies":[]},{"key":"proposal-object-rest-spread","visitor":{"VariableDeclarator":{"enter":[null]},"ExportNamedDeclaration":{"enter":[null]},"CatchClause":{"enter":[null]},"AssignmentExpression":{"enter":[null]},"ArrayPattern":{"enter":[null]},"ObjectExpression":{"enter":[null]},"FunctionDeclaration":{"enter":[null]},"FunctionExpression":{"enter":[null]},"ObjectMethod":{"enter":[null]},"ArrowFunctionExpression":{"enter":[null]},"ClassMethod":{"enter":[null]},"ClassPrivateMethod":{"enter":[null]},"ForInStatement":{"enter":[null]},"ForOfStatement":{"enter":[null]},"_exploded":true,"_verified":true},"options":{},"externalDependencies":[]},{"key":"proposal-logical-assignment-operators","visitor":{"AssignmentExpression":{"enter":[null]},"_exploded":true,"_verified":true},"options":{},"externalDependencies":[]},{"key":"transform-literals","visitor":{"NumericLiteral":{"enter":[null]},"StringLiteral":{"enter":[null]},"_exploded":true,"_verified":true},"options":{},"externalDependencies":[]},{"key":"transform-template-literals","visitor":{"TaggedTemplateExpression":{"enter":[null]},"TemplateLiteral":{"enter":[null]},"_exploded":true,"_verified":true},"options":{},"externalDependencies":[]},{"key":"transform-parameters","visitor":{"_exploded":true,"_verified":true,"FunctionDeclaration":{"enter":[null]},"FunctionExpression":{"enter":[null]},"ObjectMethod":{"enter":[null]},"ArrowFunctionExpression":{"enter":[null]},"ClassMethod":{"enter":[null]},"ClassPrivateMethod":{"enter":[null]}},"options":{},"externalDependencies":[]},{"key":"transform-exponentiation-operator","visitor":{"AssignmentExpression":{"enter":[null]},"BinaryExpression":{"enter":[null]},"_exploded":true,"_verified":true},"options":{},"externalDependencies":[]}],"presets":[],"generatorOpts":{"filename":"/home/ani/Mergerware_assignment/Mererware_meteor/Mergerware_loanify/imports/ui/components/UsersCreateUser/Forms/CreateUserForm.js","comments":true,"compact":false,"sourceMaps":true,"sourceFileName":"imports/ui/components/UsersCreateUser/Forms/CreateUserForm.js","inputSourceMap":{"version":3,"names":["React","Component","Form","Icon","Input","Button","Result","Typography","Radio","PageHeader","styles","actions","connect","Redirect","CreateUserForm","handleSubmit","e","preventDefault","props","form","validateFields","err","values","newUser","name","email","password","c_password","role","createUser","console","log","render","authRedirect","isAuthenticated","getFieldDecorator","createUserForm","createUserMessage","rules","required","message","color","CreateUserFormButton","errors","error","Object","keys","map","key","window","history","back","mapStateToProps","state","createUserLoading","users","createUserErrors","auth","access_token","authRedirectPath","mapDispatchToProps","dispatch","user","token","setAuthRedirectPath","create"],"sources":["imports/ui/components/UsersCreateUser/Forms/CreateUserForm.js"],"sourcesContent":["import React, { Component } from 'react';\nimport { Form, Icon, Input, Button, Result, Typography, Radio,\n         PageHeader\n} from 'antd';\nimport styles from './CreateUserForm.module.css';\nimport * as actions from '../../../store/actions/index';\nimport { connect } from 'react-redux';\nimport { Redirect } from 'react-router-dom';\n\nclass CreateUserForm extends Component {\n    handleSubmit = e => {\n        e.preventDefault();\n        this.props.form.validateFields((err, values) => {\n            if (!err) {\n                let newUser = {\n                    name:values.name,\n                    email:values.email,\n                    password:values.password,\n                    c_password:values.c_password,\n                    role:values.role\n                };\n                this.props.createUser(newUser,'dfdf')\n            }\n            else {\n                console.log(err)\n            }\n        });\n    };\n\n    render() {\n        let authRedirect = null;\n        if (!this.props.isAuthenticated) {\n            authRedirect = <Redirect to=\"/login\" />\n        }\n        const { getFieldDecorator } = this.props.form;\n\n        let createUserForm = null;\n\n        if (this.props.createUserMessage) {\n            createUserForm = (\n                <Result\n                    status=\"success\"\n                    title=\"Successfully Created User!\"\n                    subTitle={this.props.createUserMessage}\n                />\n            );\n        }\n        else {\n            createUserForm = (\n                < Form onSubmit={this.handleSubmit} className=\"login-form\" >\n                    <Form.Item>\n                        {getFieldDecorator('name', {\n                            rules: [{ required: true, message: 'Please input your name!' }],\n                        })(\n                            <Input\n                                prefix={<Icon type=\"user\" style={{ color: 'rgba(0,0,0,.25)' }} />}\n                                placeholder=\"Name\"\n                                size=\"large\"\n                            />,\n                        )}\n                    </Form.Item>\n                    <Form.Item>\n                        {getFieldDecorator('email', {\n                            rules: [{ required: true, message: 'Please input your email!' }],\n                        })(\n                            <Input\n                                prefix={<Icon type=\"user\" style={{ color: 'rgba(0,0,0,.25)' }} />}\n                                type=\"email\"\n                                placeholder=\"Email\"\n                                size=\"large\"\n                            />,\n                        )}\n                    </Form.Item>\n                    <Form.Item>\n                        {getFieldDecorator('password', {\n                            rules: [{ required: true, message: 'Please input your Password!' }],\n                        })(\n                            <Input\n                                prefix={<Icon type=\"lock\" style={{ color: 'rgba(0,0,0,.25)' }} />}\n                                type=\"password\"\n                                placeholder=\"Password\"\n                                size=\"large\"\n                            />,\n                        )}\n                    </Form.Item>\n                    <Form.Item>\n                        {getFieldDecorator('c_password', {\n                            rules: [{ required: true, message: 'Retype your Password!' }],\n                        })(\n                            <Input\n                                prefix={<Icon type=\"lock\" style={{ color: 'rgba(0,0,0,.25)' }} />}\n                                type=\"password\"\n                                placeholder=\"Retype Password\"\n                                size=\"large\"\n                            />,\n                        )}\n                    </Form.Item>\n                    <Form.Item label=\"Roles\">\n                        {getFieldDecorator('role')(\n                            <Radio.Group>\n                                <Radio value=\"0\">Admin</Radio>\n                                <Radio value=\"1\">Accounts (Moderator)</Radio>\n                                <Radio value=\"2\">Cashier (Standard User)</Radio>\n                            </Radio.Group>,\n                        )}\n                    </Form.Item>\n                    <Form.Item>\n                        <Button type=\"primary\"\n                            htmlType=\"submit\"\n                            className={styles.CreateUserFormButton}\n                            size=\"large\"\n                        >\n                            CreateUser\n                    </Button>\n                    </Form.Item>\n                </Form >\n            );\n        }\n\n        let errors = null;\n        if (this.props.error) {\n            errors = Object.keys(this.props.error).map(\n                (key) => <Typography.Text key={key} type=\"danger\">{this.props.error[key]}</Typography.Text>\n            );\n        }\n        return (\n            <div>\n                {authRedirect}\n                <PageHeader\n                    title=\"Create User\"\n                    onBack={() => window.history.back()}\n                />\n                {errors}\n                {createUserForm}\n            </div>\n        );\n    }\n}\n\nconst mapStateToProps = state => {\n    return {\n        createUserLoading: state.users.createUserLoading,\n        createUserMessage: state.users.createUserMessage,\n        createUserErrors: state.users.createUserErrors,\n        isAuthenticated: state.auth.access_token !== null,\n        authRedirectPath: state.auth.authRedirectPath\n    }\n}\nconst mapDispatchToProps = dispatch => {\n    return {\n        createUser: (user, token) => dispatch(actions.createUser(user, token)),\n        setAuthRedirectPath: () => dispatch(actions.setAuthRedirectPath('/ '))\n    }\n}\n//export default Form.create()(CreateUserForm);\nexport default connect(mapStateToProps, mapDispatchToProps)(Form.create()(CreateUserForm));\n"],"mappings":";AAAA,OAAOA,KAAK,IAAIC,SAAS,QAAQ,OAAO;AACxC,SAASC,IAAI,EAAEC,IAAI,EAAEC,KAAK,EAAEC,MAAM,EAAEC,MAAM,EAAEC,UAAU,EAAEC,KAAK,EACpDC,UAAU,QACZ,MAAM;AACb,OAAOC,MAAM,MAAM,6BAA6B;AAChD,OAAO,KAAKC,OAAO,MAAM,8BAA8B;AACvD,SAASC,OAAO,QAAQ,aAAa;AACrC,SAASC,QAAQ,QAAQ,kBAAkB;AAE3C,MAAMC,cAAc,SAASb,SAAS,CAAC;EACnCc,YAAY,GAAGC,CAAC,IAAI;IAChBA,CAAC,CAACC,cAAc,CAAC,CAAC;IAClB,IAAI,CAACC,KAAK,CAACC,IAAI,CAACC,cAAc,CAAC,CAACC,GAAG,EAAEC,MAAM,KAAK;MAC5C,IAAI,CAACD,GAAG,EAAE;QACN,IAAIE,OAAO,GAAG;UACVC,IAAI,EAACF,MAAM,CAACE,IAAI;UAChBC,KAAK,EAACH,MAAM,CAACG,KAAK;UAClBC,QAAQ,EAACJ,MAAM,CAACI,QAAQ;UACxBC,UAAU,EAACL,MAAM,CAACK,UAAU;UAC5BC,IAAI,EAACN,MAAM,CAACM;QAChB,CAAC;QACD,IAAI,CAACV,KAAK,CAACW,UAAU,CAACN,OAAO,EAAC,MAAM,CAAC;MACzC,CAAC,MACI;QACDO,OAAO,CAACC,GAAG,CAACV,GAAG,CAAC;MACpB;IACJ,CAAC,CAAC;EACN,CAAC;EAEDW,MAAMA,CAAA,EAAG;IACL,IAAIC,YAAY,GAAG,IAAI;IACvB,IAAI,CAAC,IAAI,CAACf,KAAK,CAACgB,eAAe,EAAE;MAC7BD,YAAY,GAAG,CAAC,QAAQ,CAAC,EAAE,CAAC,QAAQ,GAAG;IAC3C;IACA,MAAM;MAAEE;IAAkB,CAAC,GAAG,IAAI,CAACjB,KAAK,CAACC,IAAI;IAE7C,IAAIiB,cAAc,GAAG,IAAI;IAEzB,IAAI,IAAI,CAAClB,KAAK,CAACmB,iBAAiB,EAAE;MAC9BD,cAAc,GACV,CAAC,MAAM,CACH,MAAM,CAAC,SAAS,CAChB,KAAK,CAAC,4BAA4B,CAClC,QAAQ,CAAC,CAAC,IAAI,CAAClB,KAAK,CAACmB,iBAAiB,CAAC,GAE9C;IACL,CAAC,MACI;MACDD,cAAc,GACV,CAAE,IAAI,CAAC,QAAQ,CAAC,CAAC,IAAI,CAACrB,YAAY,CAAC,CAAC,SAAS,CAAC,YAAY;AAC1E,oBAAoB,CAAC,IAAI,CAAC,IAAI;AAC9B,wBAAwB,CAACoB,iBAAiB,CAAC,MAAM,EAAE;YACvBG,KAAK,EAAE,CAAC;cAAEC,QAAQ,EAAE,IAAI;cAAEC,OAAO,EAAE;YAA0B,CAAC;UAClE,CAAC,CAAC,CACE,CAAC,KAAK,CACF,MAAM,CAAC,CAAC,CAAC,IAAI,CAAC,IAAI,CAAC,MAAM,CAAC,KAAK,CAAC,CAAC;YAAEC,KAAK,EAAE;UAAkB,CAAC,CAAC,GAAG,CAAC,CAClE,WAAW,CAAC,MAAM,CAClB,IAAI,CAAC,OAAO,GAEpB,CAAC;AACzB,oBAAoB,EAAE,IAAI,CAAC,IAAI;AAC/B,oBAAoB,CAAC,IAAI,CAAC,IAAI;AAC9B,wBAAwB,CAACN,iBAAiB,CAAC,OAAO,EAAE;YACxBG,KAAK,EAAE,CAAC;cAAEC,QAAQ,EAAE,IAAI;cAAEC,OAAO,EAAE;YAA2B,CAAC;UACnE,CAAC,CAAC,CACE,CAAC,KAAK,CACF,MAAM,CAAC,CAAC,CAAC,IAAI,CAAC,IAAI,CAAC,MAAM,CAAC,KAAK,CAAC,CAAC;YAAEC,KAAK,EAAE;UAAkB,CAAC,CAAC,GAAG,CAAC,CAClE,IAAI,CAAC,OAAO,CACZ,WAAW,CAAC,OAAO,CACnB,IAAI,CAAC,OAAO,GAEpB,CAAC;AACzB,oBAAoB,EAAE,IAAI,CAAC,IAAI;AAC/B,oBAAoB,CAAC,IAAI,CAAC,IAAI;AAC9B,wBAAwB,CAACN,iBAAiB,CAAC,UAAU,EAAE;YAC3BG,KAAK,EAAE,CAAC;cAAEC,QAAQ,EAAE,IAAI;cAAEC,OAAO,EAAE;YAA8B,CAAC;UACtE,CAAC,CAAC,CACE,CAAC,KAAK,CACF,MAAM,CAAC,CAAC,CAAC,IAAI,CAAC,IAAI,CAAC,MAAM,CAAC,KAAK,CAAC,CAAC;YAAEC,KAAK,EAAE;UAAkB,CAAC,CAAC,GAAG,CAAC,CAClE,IAAI,CAAC,UAAU,CACf,WAAW,CAAC,UAAU,CACtB,IAAI,CAAC,OAAO,GAEpB,CAAC;AACzB,oBAAoB,EAAE,IAAI,CAAC,IAAI;AAC/B,oBAAoB,CAAC,IAAI,CAAC,IAAI;AAC9B,wBAAwB,CAACN,iBAAiB,CAAC,YAAY,EAAE;YAC7BG,KAAK,EAAE,CAAC;cAAEC,QAAQ,EAAE,IAAI;cAAEC,OAAO,EAAE;YAAwB,CAAC;UAChE,CAAC,CAAC,CACE,CAAC,KAAK,CACF,MAAM,CAAC,CAAC,CAAC,IAAI,CAAC,IAAI,CAAC,MAAM,CAAC,KAAK,CAAC,CAAC;YAAEC,KAAK,EAAE;UAAkB,CAAC,CAAC,GAAG,CAAC,CAClE,IAAI,CAAC,UAAU,CACf,WAAW,CAAC,iBAAiB,CAC7B,IAAI,CAAC,OAAO,GAEpB,CAAC;AACzB,oBAAoB,EAAE,IAAI,CAAC,IAAI;AAC/B,oBAAoB,CAAC,IAAI,CAAC,IAAI,CAAC,KAAK,CAAC,OAAO;AAC5C,wBAAwB,CAACN,iBAAiB,CAAC,MAAM,CAAC,CACtB,CAAC,KAAK,CAAC,KAAK;AACxC,gCAAgC,CAAC,KAAK,CAAC,KAAK,CAAC,GAAG,CAAC,KAAK,EAAE,KAAK;AAC7D,gCAAgC,CAAC,KAAK,CAAC,KAAK,CAAC,GAAG,CAAC,oBAAoB,EAAE,KAAK;AAC5E,gCAAgC,CAAC,KAAK,CAAC,KAAK,CAAC,GAAG,CAAC,uBAAuB,EAAE,KAAK;AAC/E,4BAA4B,EAAE,KAAK,CAAC,KAAK,CACjB,CAAC;AACzB,oBAAoB,EAAE,IAAI,CAAC,IAAI;AAC/B,oBAAoB,CAAC,IAAI,CAAC,IAAI;AAC9B,wBAAwB,CAAC,MAAM,CAAC,IAAI,CAAC,SAAS,CAClB,QAAQ,CAAC,QAAQ,CACjB,SAAS,CAAC,CAACzB,MAAM,CAACgC,oBAAoB,CAAC,CACvC,IAAI,CAAC,OAAO;AAExC;AACA,oBAAoB,EAAE,MAAM;AAC5B,oBAAoB,EAAE,IAAI,CAAC,IAAI;AAC/B,gBAAgB,EAAE,IAAI,CACT;IACL;IAEA,IAAIC,MAAM,GAAG,IAAI;IACjB,IAAI,IAAI,CAACzB,KAAK,CAAC0B,KAAK,EAAE;MAClBD,MAAM,GAAGE,MAAM,CAACC,IAAI,CAAC,IAAI,CAAC5B,KAAK,CAAC0B,KAAK,CAAC,CAACG,GAAG,CACrCC,GAAG,IAAK,CAAC,UAAU,CAAC,IAAI,CAAC,GAAG,CAAC,CAACA,GAAG,CAAC,CAAC,IAAI,CAAC,QAAQ,CAAC,CAAC,IAAI,CAAC9B,KAAK,CAAC0B,KAAK,CAACI,GAAG,CAAC,CAAC,EAAE,UAAU,CAAC,IAAI,CAC9F,CAAC;IACL;IACA,OACI,CAAC,GAAG;AAChB,gBAAgB,CAACf,YAAY;AAC7B,gBAAgB,CAAC,UAAU,CACP,KAAK,CAAC,aAAa,CACnB,MAAM,CAAC,CAAC,MAAMgB,MAAM,CAACC,OAAO,CAACC,IAAI,CAAC,CAAC,CAAC;AAExD,gBAAgB,CAACR,MAAM;AACvB,gBAAgB,CAACP,cAAc;AAC/B,YAAY,EAAE,GAAG,CAAC;EAEd;AACJ;AAEA,MAAMgB,eAAe,GAAGC,KAAK,IAAI;EAC7B,OAAO;IACHC,iBAAiB,EAAED,KAAK,CAACE,KAAK,CAACD,iBAAiB;IAChDjB,iBAAiB,EAAEgB,KAAK,CAACE,KAAK,CAAClB,iBAAiB;IAChDmB,gBAAgB,EAAEH,KAAK,CAACE,KAAK,CAACC,gBAAgB;IAC9CtB,eAAe,EAAEmB,KAAK,CAACI,IAAI,CAACC,YAAY,KAAK,IAAI;IACjDC,gBAAgB,EAAEN,KAAK,CAACI,IAAI,CAACE;EACjC,CAAC;AACL,CAAC;AACD,MAAMC,kBAAkB,GAAGC,QAAQ,IAAI;EACnC,OAAO;IACHhC,UAAU,EAAEA,CAACiC,IAAI,EAAEC,KAAK,KAAKF,QAAQ,CAAClD,OAAO,CAACkB,UAAU,CAACiC,IAAI,EAAEC,KAAK,CAAC,CAAC;IACtEC,mBAAmB,EAAEA,CAAA,KAAMH,QAAQ,CAAClD,OAAO,CAACqD,mBAAmB,CAAC,IAAI,CAAC;EACzE,CAAC;AACL,CAAC;AACD;AACA,eAAepD,OAAO,CAACwC,eAAe,EAAEQ,kBAAkB,CAAC,CAAC1D,IAAI,CAAC+D,MAAM,CAAC,CAAC,CAACnD,cAAc,CAAC,CAAC"}}},"code":"!function (module1) {\n  let React, Component;\n  module1.link(\"react\", {\n    default(v) {\n      React = v;\n    },\n    Component(v) {\n      Component = v;\n    }\n  }, 0);\n  let Form, Icon, Input, Button, Result, Typography, Radio, PageHeader;\n  module1.link(\"antd\", {\n    Form(v) {\n      Form = v;\n    },\n    Icon(v) {\n      Icon = v;\n    },\n    Input(v) {\n      Input = v;\n    },\n    Button(v) {\n      Button = v;\n    },\n    Result(v) {\n      Result = v;\n    },\n    Typography(v) {\n      Typography = v;\n    },\n    Radio(v) {\n      Radio = v;\n    },\n    PageHeader(v) {\n      PageHeader = v;\n    }\n  }, 1);\n  let styles;\n  module1.link(\"./CreateUserForm.module.css\", {\n    default(v) {\n      styles = v;\n    }\n  }, 2);\n  let actions;\n  module1.link(\"../../../store/actions/index\", {\n    \"*\"(v) {\n      actions = v;\n    }\n  }, 3);\n  let connect;\n  module1.link(\"react-redux\", {\n    connect(v) {\n      connect = v;\n    }\n  }, 4);\n  let Redirect;\n  module1.link(\"react-router-dom\", {\n    Redirect(v) {\n      Redirect = v;\n    }\n  }, 5);\n  ___INIT_METEOR_FAST_REFRESH(module);\n  class CreateUserForm extends Component {\n    constructor() {\n      super(...arguments);\n      this.handleSubmit = e => {\n        e.preventDefault();\n        this.props.form.validateFields((err, values) => {\n          if (!err) {\n            let newUser = {\n              name: values.name,\n              email: values.email,\n              password: values.password,\n              c_password: values.c_password,\n              role: values.role\n            };\n            this.props.createUser(newUser, 'dfdf');\n          } else {\n            console.log(err);\n          }\n        });\n      };\n    }\n    render() {\n      let authRedirect = null;\n      if (!this.props.isAuthenticated) {\n        authRedirect = /*#__PURE__*/React.createElement(Redirect, {\n          to: \"/login\"\n        });\n      }\n      const {\n        getFieldDecorator\n      } = this.props.form;\n      let createUserForm = null;\n      if (this.props.createUserMessage) {\n        createUserForm = /*#__PURE__*/React.createElement(Result, {\n          status: \"success\",\n          title: \"Successfully Created User!\",\n          subTitle: this.props.createUserMessage\n        });\n      } else {\n        createUserForm = /*#__PURE__*/React.createElement(Form, {\n          onSubmit: this.handleSubmit,\n          className: \"login-form\"\n        }, /*#__PURE__*/React.createElement(Form.Item, null, getFieldDecorator('name', {\n          rules: [{\n            required: true,\n            message: 'Please input your name!'\n          }]\n        })( /*#__PURE__*/React.createElement(Input, {\n          prefix: /*#__PURE__*/React.createElement(Icon, {\n            type: \"user\",\n            style: {\n              color: 'rgba(0,0,0,.25)'\n            }\n          }),\n          placeholder: \"Name\",\n          size: \"large\"\n        }))), /*#__PURE__*/React.createElement(Form.Item, null, getFieldDecorator('email', {\n          rules: [{\n            required: true,\n            message: 'Please input your email!'\n          }]\n        })( /*#__PURE__*/React.createElement(Input, {\n          prefix: /*#__PURE__*/React.createElement(Icon, {\n            type: \"user\",\n            style: {\n              color: 'rgba(0,0,0,.25)'\n            }\n          }),\n          type: \"email\",\n          placeholder: \"Email\",\n          size: \"large\"\n        }))), /*#__PURE__*/React.createElement(Form.Item, null, getFieldDecorator('password', {\n          rules: [{\n            required: true,\n            message: 'Please input your Password!'\n          }]\n        })( /*#__PURE__*/React.createElement(Input, {\n          prefix: /*#__PURE__*/React.createElement(Icon, {\n            type: \"lock\",\n            style: {\n              color: 'rgba(0,0,0,.25)'\n            }\n          }),\n          type: \"password\",\n          placeholder: \"Password\",\n          size: \"large\"\n        }))), /*#__PURE__*/React.createElement(Form.Item, null, getFieldDecorator('c_password', {\n          rules: [{\n            required: true,\n            message: 'Retype your Password!'\n          }]\n        })( /*#__PURE__*/React.createElement(Input, {\n          prefix: /*#__PURE__*/React.createElement(Icon, {\n            type: \"lock\",\n            style: {\n              color: 'rgba(0,0,0,.25)'\n            }\n          }),\n          type: \"password\",\n          placeholder: \"Retype Password\",\n          size: \"large\"\n        }))), /*#__PURE__*/React.createElement(Form.Item, {\n          label: \"Roles\"\n        }, getFieldDecorator('role')( /*#__PURE__*/React.createElement(Radio.Group, null, /*#__PURE__*/React.createElement(Radio, {\n          value: \"0\"\n        }, \"Admin\"), /*#__PURE__*/React.createElement(Radio, {\n          value: \"1\"\n        }, \"Accounts (Moderator)\"), /*#__PURE__*/React.createElement(Radio, {\n          value: \"2\"\n        }, \"Cashier (Standard User)\")))), /*#__PURE__*/React.createElement(Form.Item, null, /*#__PURE__*/React.createElement(Button, {\n          type: \"primary\",\n          htmlType: \"submit\",\n          className: styles.CreateUserFormButton,\n          size: \"large\"\n        }, \"CreateUser\")));\n      }\n      let errors = null;\n      if (this.props.error) {\n        errors = Object.keys(this.props.error).map(key => /*#__PURE__*/React.createElement(Typography.Text, {\n          key: key,\n          type: \"danger\"\n        }, this.props.error[key]));\n      }\n      return /*#__PURE__*/React.createElement(\"div\", null, authRedirect, /*#__PURE__*/React.createElement(PageHeader, {\n        title: \"Create User\",\n        onBack: () => window.history.back()\n      }), errors, createUserForm);\n    }\n  }\n  const mapStateToProps = state => {\n    return {\n      createUserLoading: state.users.createUserLoading,\n      createUserMessage: state.users.createUserMessage,\n      createUserErrors: state.users.createUserErrors,\n      isAuthenticated: state.auth.access_token !== null,\n      authRedirectPath: state.auth.authRedirectPath\n    };\n  };\n  const mapDispatchToProps = dispatch => {\n    return {\n      createUser: (user, token) => dispatch(actions.createUser(user, token)),\n      setAuthRedirectPath: () => dispatch(actions.setAuthRedirectPath('/ '))\n    };\n  };\n  //export default Form.create()(CreateUserForm);\n  module1.exportDefault(connect(mapStateToProps, mapDispatchToProps)(Form.create()(CreateUserForm)));\n}.call(this, module);","map":{"version":3,"names":["CreateUserForm","Component","constructor","arguments","handleSubmit","e","preventDefault","props","form","validateFields","err","values","newUser","name","email","password","c_password","role","createUser","console","log","render","authRedirect","isAuthenticated","React","createElement","Redirect","to","getFieldDecorator","createUserForm","createUserMessage","Result","status","title","subTitle","Form","onSubmit","className","Item","rules","required","message","Input","prefix","Icon","type","style","color","placeholder","size","label","Radio","Group","value","Button","htmlType","styles","CreateUserFormButton","errors","error","Object","keys","map","key","Typography","Text","PageHeader","onBack","window","history","back","mapStateToProps","state","createUserLoading","users","createUserErrors","auth","access_token","authRedirectPath","mapDispatchToProps","dispatch","user","token","actions","setAuthRedirectPath","connect","create"],"sources":["imports/ui/components/UsersCreateUser/Forms/CreateUserForm.js"],"sourcesContent":["import React, { Component } from 'react';\nimport { Form, Icon, Input, Button, Result, Typography, Radio,\n         PageHeader\n} from 'antd';\nimport styles from './CreateUserForm.module.css';\nimport * as actions from '../../../store/actions/index';\nimport { connect } from 'react-redux';\nimport { Redirect } from 'react-router-dom';\n\nclass CreateUserForm extends Component {\n    handleSubmit = e => {\n        e.preventDefault();\n        this.props.form.validateFields((err, values) => {\n            if (!err) {\n                let newUser = {\n                    name:values.name,\n                    email:values.email,\n                    password:values.password,\n                    c_password:values.c_password,\n                    role:values.role\n                };\n                this.props.createUser(newUser,'dfdf')\n            }\n            else {\n                console.log(err)\n            }\n        });\n    };\n\n    render() {\n        let authRedirect = null;\n        if (!this.props.isAuthenticated) {\n            authRedirect = <Redirect to=\"/login\" />\n        }\n        const { getFieldDecorator } = this.props.form;\n\n        let createUserForm = null;\n\n        if (this.props.createUserMessage) {\n            createUserForm = (\n                <Result\n                    status=\"success\"\n                    title=\"Successfully Created User!\"\n                    subTitle={this.props.createUserMessage}\n                />\n            );\n        }\n        else {\n            createUserForm = (\n                < Form onSubmit={this.handleSubmit} className=\"login-form\" >\n                    <Form.Item>\n                        {getFieldDecorator('name', {\n                            rules: [{ required: true, message: 'Please input your name!' }],\n                        })(\n                            <Input\n                                prefix={<Icon type=\"user\" style={{ color: 'rgba(0,0,0,.25)' }} />}\n                                placeholder=\"Name\"\n                                size=\"large\"\n                            />,\n                        )}\n                    </Form.Item>\n                    <Form.Item>\n                        {getFieldDecorator('email', {\n                            rules: [{ required: true, message: 'Please input your email!' }],\n                        })(\n                            <Input\n                                prefix={<Icon type=\"user\" style={{ color: 'rgba(0,0,0,.25)' }} />}\n                                type=\"email\"\n                                placeholder=\"Email\"\n                                size=\"large\"\n                            />,\n                        )}\n                    </Form.Item>\n                    <Form.Item>\n                        {getFieldDecorator('password', {\n                            rules: [{ required: true, message: 'Please input your Password!' }],\n                        })(\n                            <Input\n                                prefix={<Icon type=\"lock\" style={{ color: 'rgba(0,0,0,.25)' }} />}\n                                type=\"password\"\n                                placeholder=\"Password\"\n                                size=\"large\"\n                            />,\n                        )}\n                    </Form.Item>\n                    <Form.Item>\n                        {getFieldDecorator('c_password', {\n                            rules: [{ required: true, message: 'Retype your Password!' }],\n                        })(\n                            <Input\n                                prefix={<Icon type=\"lock\" style={{ color: 'rgba(0,0,0,.25)' }} />}\n                                type=\"password\"\n                                placeholder=\"Retype Password\"\n                                size=\"large\"\n                            />,\n                        )}\n                    </Form.Item>\n                    <Form.Item label=\"Roles\">\n                        {getFieldDecorator('role')(\n                            <Radio.Group>\n                                <Radio value=\"0\">Admin</Radio>\n                                <Radio value=\"1\">Accounts (Moderator)</Radio>\n                                <Radio value=\"2\">Cashier (Standard User)</Radio>\n                            </Radio.Group>,\n                        )}\n                    </Form.Item>\n                    <Form.Item>\n                        <Button type=\"primary\"\n                            htmlType=\"submit\"\n                            className={styles.CreateUserFormButton}\n                            size=\"large\"\n                        >\n                            CreateUser\n                    </Button>\n                    </Form.Item>\n                </Form >\n            );\n        }\n\n        let errors = null;\n        if (this.props.error) {\n            errors = Object.keys(this.props.error).map(\n                (key) => <Typography.Text key={key} type=\"danger\">{this.props.error[key]}</Typography.Text>\n            );\n        }\n        return (\n            <div>\n                {authRedirect}\n                <PageHeader\n                    title=\"Create User\"\n                    onBack={() => window.history.back()}\n                />\n                {errors}\n                {createUserForm}\n            </div>\n        );\n    }\n}\n\nconst mapStateToProps = state => {\n    return {\n        createUserLoading: state.users.createUserLoading,\n        createUserMessage: state.users.createUserMessage,\n        createUserErrors: state.users.createUserErrors,\n        isAuthenticated: state.auth.access_token !== null,\n        authRedirectPath: state.auth.authRedirectPath\n    }\n}\nconst mapDispatchToProps = dispatch => {\n    return {\n        createUser: (user, token) => dispatch(actions.createUser(user, token)),\n        setAuthRedirectPath: () => dispatch(actions.setAuthRedirectPath('/ '))\n    }\n}\n//export default Form.create()(CreateUserForm);\nexport default connect(mapStateToProps, mapDispatchToProps)(Form.create()(CreateUserForm));\n"],"mappings":";;;;;;;;;;;;;;;;;;;;;;;;;;;;;;;;;;;;;;;;;;;;;;;;;;;;;;;;;;;;;;EASA,MAAMA,cAAc,SAASC,SAAS,CAAC;IAAAC,YAAA;MAAA,SAAAC,SAAA;MAAA,KACnCC,YAAY,GAAGC,CAAC,IAAI;QAChBA,CAAC,CAACC,cAAc,CAAC,CAAC;QAClB,IAAI,CAACC,KAAK,CAACC,IAAI,CAACC,cAAc,CAAC,CAACC,GAAG,EAAEC,MAAM,KAAK;UAC5C,IAAI,CAACD,GAAG,EAAE;YACN,IAAIE,OAAO,GAAG;cACVC,IAAI,EAACF,MAAM,CAACE,IAAI;cAChBC,KAAK,EAACH,MAAM,CAACG,KAAK;cAClBC,QAAQ,EAACJ,MAAM,CAACI,QAAQ;cACxBC,UAAU,EAACL,MAAM,CAACK,UAAU;cAC5BC,IAAI,EAACN,MAAM,CAACM;YAChB,CAAC;YACD,IAAI,CAACV,KAAK,CAACW,UAAU,CAACN,OAAO,EAAC,MAAM,CAAC;UACzC,CAAC,MACI;YACDO,OAAO,CAACC,GAAG,CAACV,GAAG,CAAC;UACpB;QACJ,CAAC,CAAC;MACN,CAAC;IAAA;IAEDW,MAAMA,CAAA,EAAG;MACL,IAAIC,YAAY,GAAG,IAAI;MACvB,IAAI,CAAC,IAAI,CAACf,KAAK,CAACgB,eAAe,EAAE;QAC7BD,YAAY,gBAAGE,KAAA,CAAAC,aAAA,CAACC,QAAQ;UAACC,EAAE,EAAC;QAAQ,EAAG;MAC3C;MACA,MAAM;QAAEC;MAAkB,CAAC,GAAG,IAAI,CAACrB,KAAK,CAACC,IAAI;MAE7C,IAAIqB,cAAc,GAAG,IAAI;MAEzB,IAAI,IAAI,CAACtB,KAAK,CAACuB,iBAAiB,EAAE;QAC9BD,cAAc,gBACVL,KAAA,CAAAC,aAAA,CAACM,MAAM;UACHC,MAAM,EAAC,SAAS;UAChBC,KAAK,EAAC,4BAA4B;UAClCC,QAAQ,EAAE,IAAI,CAAC3B,KAAK,CAACuB;QAAkB,EAE9C;MACL,CAAC,MACI;QACDD,cAAc,gBACVL,KAAA,CAAAC,aAAA,CAAEU,IAAI;UAACC,QAAQ,EAAE,IAAI,CAAChC,YAAa;UAACiC,SAAS,EAAC;QAAY,gBACtDb,KAAA,CAAAC,aAAA,CAACU,IAAI,CAACG,IAAI,QACLV,iBAAiB,CAAC,MAAM,EAAE;UACvBW,KAAK,EAAE,CAAC;YAAEC,QAAQ,EAAE,IAAI;YAAEC,OAAO,EAAE;UAA0B,CAAC;QAClE,CAAC,CAAC,eACEjB,KAAA,CAAAC,aAAA,CAACiB,KAAK;UACFC,MAAM,eAAEnB,KAAA,CAAAC,aAAA,CAACmB,IAAI;YAACC,IAAI,EAAC,MAAM;YAACC,KAAK,EAAE;cAAEC,KAAK,EAAE;YAAkB;UAAE,EAAI;UAClEC,WAAW,EAAC,MAAM;UAClBC,IAAI,EAAC;QAAO,EAEpB,CACO,gBACXzB,KAAA,CAAAC,aAAA,CAACU,IAAI,CAACG,IAAI,QACLV,iBAAiB,CAAC,OAAO,EAAE;UACxBW,KAAK,EAAE,CAAC;YAAEC,QAAQ,EAAE,IAAI;YAAEC,OAAO,EAAE;UAA2B,CAAC;QACnE,CAAC,CAAC,eACEjB,KAAA,CAAAC,aAAA,CAACiB,KAAK;UACFC,MAAM,eAAEnB,KAAA,CAAAC,aAAA,CAACmB,IAAI;YAACC,IAAI,EAAC,MAAM;YAACC,KAAK,EAAE;cAAEC,KAAK,EAAE;YAAkB;UAAE,EAAI;UAClEF,IAAI,EAAC,OAAO;UACZG,WAAW,EAAC,OAAO;UACnBC,IAAI,EAAC;QAAO,EAEpB,CACO,gBACXzB,KAAA,CAAAC,aAAA,CAACU,IAAI,CAACG,IAAI,QACLV,iBAAiB,CAAC,UAAU,EAAE;UAC3BW,KAAK,EAAE,CAAC;YAAEC,QAAQ,EAAE,IAAI;YAAEC,OAAO,EAAE;UAA8B,CAAC;QACtE,CAAC,CAAC,eACEjB,KAAA,CAAAC,aAAA,CAACiB,KAAK;UACFC,MAAM,eAAEnB,KAAA,CAAAC,aAAA,CAACmB,IAAI;YAACC,IAAI,EAAC,MAAM;YAACC,KAAK,EAAE;cAAEC,KAAK,EAAE;YAAkB;UAAE,EAAI;UAClEF,IAAI,EAAC,UAAU;UACfG,WAAW,EAAC,UAAU;UACtBC,IAAI,EAAC;QAAO,EAEpB,CACO,gBACXzB,KAAA,CAAAC,aAAA,CAACU,IAAI,CAACG,IAAI,QACLV,iBAAiB,CAAC,YAAY,EAAE;UAC7BW,KAAK,EAAE,CAAC;YAAEC,QAAQ,EAAE,IAAI;YAAEC,OAAO,EAAE;UAAwB,CAAC;QAChE,CAAC,CAAC,eACEjB,KAAA,CAAAC,aAAA,CAACiB,KAAK;UACFC,MAAM,eAAEnB,KAAA,CAAAC,aAAA,CAACmB,IAAI;YAACC,IAAI,EAAC,MAAM;YAACC,KAAK,EAAE;cAAEC,KAAK,EAAE;YAAkB;UAAE,EAAI;UAClEF,IAAI,EAAC,UAAU;UACfG,WAAW,EAAC,iBAAiB;UAC7BC,IAAI,EAAC;QAAO,EAEpB,CACO,gBACXzB,KAAA,CAAAC,aAAA,CAACU,IAAI,CAACG,IAAI;UAACY,KAAK,EAAC;QAAO,GACnBtB,iBAAiB,CAAC,MAAM,CAAC,eACtBJ,KAAA,CAAAC,aAAA,CAAC0B,KAAK,CAACC,KAAK,qBACR5B,KAAA,CAAAC,aAAA,CAAC0B,KAAK;UAACE,KAAK,EAAC;QAAG,GAAC,OAAY,gBAC7B7B,KAAA,CAAAC,aAAA,CAAC0B,KAAK;UAACE,KAAK,EAAC;QAAG,GAAC,sBAA2B,gBAC5C7B,KAAA,CAAAC,aAAA,CAAC0B,KAAK;UAACE,KAAK,EAAC;QAAG,GAAC,yBAA8B,CACtC,CACjB,CACO,gBACX7B,KAAA,CAAAC,aAAA,CAACU,IAAI,CAACG,IAAI,qBACNd,KAAA,CAAAC,aAAA,CAAC6B,MAAM;UAACT,IAAI,EAAC,SAAS;UAClBU,QAAQ,EAAC,QAAQ;UACjBlB,SAAS,EAAEmB,MAAM,CAACC,oBAAqB;UACvCR,IAAI,EAAC;QAAO,eAGZ,CACG,CACT,CACT;MACL;MAEA,IAAIS,MAAM,GAAG,IAAI;MACjB,IAAI,IAAI,CAACnD,KAAK,CAACoD,KAAK,EAAE;QAClBD,MAAM,GAAGE,MAAM,CAACC,IAAI,CAAC,IAAI,CAACtD,KAAK,CAACoD,KAAK,CAAC,CAACG,GAAG,CACrCC,GAAG,iBAAKvC,KAAA,CAAAC,aAAA,CAACuC,UAAU,CAACC,IAAI;UAACF,GAAG,EAAEA,GAAI;UAAClB,IAAI,EAAC;QAAQ,GAAE,IAAI,CAACtC,KAAK,CAACoD,KAAK,CAACI,GAAG,CAAmB,CAC9F,CAAC;MACL;MACA,oBACIvC,KAAA,CAAAC,aAAA,cACKH,YAAY,eACbE,KAAA,CAAAC,aAAA,CAACyC,UAAU;QACPjC,KAAK,EAAC,aAAa;QACnBkC,MAAM,EAAEA,CAAA,KAAMC,MAAM,CAACC,OAAO,CAACC,IAAI,CAAC;MAAE,IAEvCZ,MAAM,EACN7B,cACA,CAAC;IAEd;EACJ;EAEA,MAAM0C,eAAe,GAAGC,KAAK,IAAI;IAC7B,OAAO;MACHC,iBAAiB,EAAED,KAAK,CAACE,KAAK,CAACD,iBAAiB;MAChD3C,iBAAiB,EAAE0C,KAAK,CAACE,KAAK,CAAC5C,iBAAiB;MAChD6C,gBAAgB,EAAEH,KAAK,CAACE,KAAK,CAACC,gBAAgB;MAC9CpD,eAAe,EAAEiD,KAAK,CAACI,IAAI,CAACC,YAAY,KAAK,IAAI;MACjDC,gBAAgB,EAAEN,KAAK,CAACI,IAAI,CAACE;IACjC,CAAC;EACL,CAAC;EACD,MAAMC,kBAAkB,GAAGC,QAAQ,IAAI;IACnC,OAAO;MACH9D,UAAU,EAAEA,CAAC+D,IAAI,EAAEC,KAAK,KAAKF,QAAQ,CAACG,OAAO,CAACjE,UAAU,CAAC+D,IAAI,EAAEC,KAAK,CAAC,CAAC;MACtEE,mBAAmB,EAAEA,CAAA,KAAMJ,QAAQ,CAACG,OAAO,CAACC,mBAAmB,CAAC,IAAI,CAAC;IACzE,CAAC;EACL,CAAC;EACD;wBACeC,OAAO,CAACd,eAAe,EAAEQ,kBAAkB,CAAC,CAAC5C,IAAI,CAACmD,MAAM,CAAC,CAAC,CAACtF,cAAc,CAAC,C"},"sourceType":"module","externalDependencies":{},"hash":"d5850b0057428d2fd1cd64cd1f1381d6a75049f7"}
