{"metadata":{},"options":{"assumptions":{},"compact":false,"sourceMaps":true,"ast":true,"babelrc":false,"configFile":false,"parserOpts":{"sourceType":"module","sourceFileName":"/home/ani/Mergerware_assignment/Mererware_meteor/Mergerware_loanify/imports/ui/components/DisplayContainers/LoanDescriptions/LoanDescriptions.js","plugins":["*","flow","jsx","asyncGenerators","bigInt","classPrivateMethods","classPrivateProperties","classProperties","doExpressions","dynamicImport","exportDefaultFrom","exportExtensions","exportNamespaceFrom","functionBind","functionSent","importMeta","nullishCoalescingOperator","numericSeparator","objectRestSpread","optionalCatchBinding","optionalChaining",["pipelineOperator",{"proposal":"minimal"}],"throwExpressions","classProperties","classPrivateProperties","jsx","nullishCoalescingOperator","nullishCoalescingOperator","optionalChaining","optionalChaining","optionalCatchBinding","optionalCatchBinding","classProperties","classPrivateProperties","classPrivateMethods","classProperties","classPrivateProperties","asyncGenerators","asyncGenerators","objectRestSpread","objectRestSpread","logicalAssignment"],"allowImportExportEverywhere":true,"allowReturnOutsideFunction":true,"allowUndeclaredExports":true,"strictMode":false},"caller":{"name":"meteor","arch":"web.browser"},"sourceFileName":"imports/ui/components/DisplayContainers/LoanDescriptions/LoanDescriptions.js","filename":"/home/ani/Mergerware_assignment/Mererware_meteor/Mergerware_loanify/imports/ui/components/DisplayContainers/LoanDescriptions/LoanDescriptions.js","inputSourceMap":{"version":3,"names":["React","Component","Row","Col","Steps","Descriptions","LoanDescriptions","state","render","nf","Intl","NumberFormat","paymentIntervalDays","props","loan","format","xxl","xl","lg","md","sm","xs"],"sources":["imports/ui/components/DisplayContainers/LoanDescriptions/LoanDescriptions.js"],"sourcesContent":["import React, { Component } from 'react';\nimport { Row, Col, Steps, Descriptions } from 'antd';\n\nclass LoanDescriptions extends Component {\n    state = {}\n    render() {\n        let nf = new Intl.NumberFormat();\n        let paymentIntervalDays='';\n        if(this.props.loan && this.props.loan['payment_interval_type']==0){\n            paymentIntervalDays = this.props['paymentIntervalDays'];\n        }\n        else {\n            paymentIntervalDays='Monthly payment';\n        }\n\n        return (\n            <Descriptions\n                key={this.props.loan['id']}\n              title={'Amount: ' + nf.format(this.props.loan['loan_amount']) + ' ' + this.props.loan['currency']}\n                bordered\n                column={{ xxl: 3, xl: 3, lg: 2, md: 2, sm: 2, xs: 1 }}\n                layout=\"vertical\"\n\n            >\n                <Descriptions.Item label=\"Date borrowing start\">\n                    {this.props.loan['date_loan_start']}\n                </Descriptions.Item>\n                <Descriptions.Item label=\"Duration (days)\">\n                    {this.props.loan['loan_duration_days']}\n                </Descriptions.Item>\n                <Descriptions.Item label=\"Completion date\">\n                    {this.props.loan['due_date_loan_completion']}\n                </Descriptions.Item>\n                <Descriptions.Item label=\"Date next payment\">\n                    {this.props.loan['due_date_next_payment']}\n                </Descriptions.Item>\n\n                <Descriptions.Item label=\"Borrowing amount paid\">\n                    {this.props.loan['loan_amount']-this.props.loan['balance_due']}\n                </Descriptions.Item>\n                <Descriptions.Item label=\"Balance due\">\n                    {nf.format(this.props.loan['balance_due']) + ' ' + this.props.loan['currency']}\n                </Descriptions.Item>\n\n{/*\n                <Descriptions.Item label=\"Interest Rate %\">\n                    {this.props.loan['interest_rate_percent']}\n                </Descriptions.Item>\n                <Descriptions.Item label=\"Interest Rate Value\">\n                    {this.props.loan['interest_rate_value']}\n                </Descriptions.Item>\n*/}\n\n                <Descriptions.Item label=\"Payment per interval\">\n                    {nf.format(this.props.loan['payment_per_interval']) + ' ' + this.props.loan['currency']}\n                </Descriptions.Item>\n                <Descriptions.Item label=\"Payment interval type\">\n                    {(this.props.loan['payment_interval_type']==0)?\"Daywise\":\"Monthly\"}\n                </Descriptions.Item>\n                <Descriptions.Item label=\"Payment interval days\">\n                  {paymentIntervalDays}\n                </Descriptions.Item>\n                <Descriptions.Item label=\"Agreement Ref\">\n                    {this.props.loan['agreement_no']}\n                </Descriptions.Item>\n                <Descriptions.Item label=\"Agreement attachment\">\n                  <a href={\"http://fina.mv/api/\"+this.props.loan['agreement_attachment']}>\n                    Download Aggreement\n                  </a>\n                </Descriptions.Item>\n                <Descriptions.Item label=\"Guardian name\">\n                  {this.props.loan['guardian_name']}\n                </Descriptions.Item>\n                <Descriptions.Item label=\"Guardian phone node\">\n                    {this.props.loan['guardian_phone_no']}\n                </Descriptions.Item>\n                <Descriptions.Item label=\"Guardian adress\">\n                    {this.props.loan['guardian_phone_no']}\n                </Descriptions.Item>\n                <Descriptions.Item label=\"Guardian id card\">\n                    {this.props.loan['guardian_name']}\n                </Descriptions.Item>\n                <Descriptions.Item label=\"Guardian phone no\">\n                    {this.props.loan['guardian_phone_no']}\n                </Descriptions.Item>\n                <Descriptions.Item label=\"Guardian address\">\n                    {this.props.loan['guardian_address']}\n                </Descriptions.Item>\n                <Descriptions.Item label=\"Guardian id card\">\n                    {this.props.loan['guardian_id_card']}\n                </Descriptions.Item>\n            </Descriptions>\n        );\n    }\n}\n\nexport default LoanDescriptions;\n"],"mappings":";AAAA,OAAOA,KAAK,IAAIC,SAAS,QAAQ,OAAO;AACxC,SAASC,GAAG,EAAEC,GAAG,EAAEC,KAAK,EAAEC,YAAY,QAAQ,MAAM;AAEpD,MAAMC,gBAAgB,SAASL,SAAS,CAAC;EACrCM,KAAK,GAAG,CAAC,CAAC;EACVC,MAAMA,CAAA,EAAG;IACL,IAAIC,EAAE,GAAG,IAAIC,IAAI,CAACC,YAAY,CAAC,CAAC;IAChC,IAAIC,mBAAmB,GAAC,EAAE;IAC1B,IAAG,IAAI,CAACC,KAAK,CAACC,IAAI,IAAI,IAAI,CAACD,KAAK,CAACC,IAAI,CAAC,uBAAuB,CAAC,IAAE,CAAC,EAAC;MAC9DF,mBAAmB,GAAG,IAAI,CAACC,KAAK,CAAC,qBAAqB,CAAC;IAC3D,CAAC,MACI;MACDD,mBAAmB,GAAC,iBAAiB;IACzC;IAEA,OACI,CAAC,YAAY,CACT,GAAG,CAAC,CAAC,IAAI,CAACC,KAAK,CAACC,IAAI,CAAC,IAAI,CAAC,CAAC,CAC7B,KAAK,CAAC,CAAC,UAAU,GAAGL,EAAE,CAACM,MAAM,CAAC,IAAI,CAACF,KAAK,CAACC,IAAI,CAAC,aAAa,CAAC,CAAC,GAAG,GAAG,GAAG,IAAI,CAACD,KAAK,CAACC,IAAI,CAAC,UAAU,CAAC,CAAC,CAChG,QAAQ,CACR,MAAM,CAAC,CAAC;MAAEE,GAAG,EAAE,CAAC;MAAEC,EAAE,EAAE,CAAC;MAAEC,EAAE,EAAE,CAAC;MAAEC,EAAE,EAAE,CAAC;MAAEC,EAAE,EAAE,CAAC;MAAEC,EAAE,EAAE;IAAE,CAAC,CAAC,CACtD,MAAM,CAAC,UAAU;AAGjC,gBAAgB,CAAC,YAAY,CAAC,IAAI,CAAC,KAAK,CAAC,sBAAsB;AAC/D,oBAAoB,CAAC,IAAI,CAACR,KAAK,CAACC,IAAI,CAAC,iBAAiB,CAAC;AACvD,gBAAgB,EAAE,YAAY,CAAC,IAAI;AACnC,gBAAgB,CAAC,YAAY,CAAC,IAAI,CAAC,KAAK,CAAC,iBAAiB;AAC1D,oBAAoB,CAAC,IAAI,CAACD,KAAK,CAACC,IAAI,CAAC,oBAAoB,CAAC;AAC1D,gBAAgB,EAAE,YAAY,CAAC,IAAI;AACnC,gBAAgB,CAAC,YAAY,CAAC,IAAI,CAAC,KAAK,CAAC,iBAAiB;AAC1D,oBAAoB,CAAC,IAAI,CAACD,KAAK,CAACC,IAAI,CAAC,0BAA0B,CAAC;AAChE,gBAAgB,EAAE,YAAY,CAAC,IAAI;AACnC,gBAAgB,CAAC,YAAY,CAAC,IAAI,CAAC,KAAK,CAAC,mBAAmB;AAC5D,oBAAoB,CAAC,IAAI,CAACD,KAAK,CAACC,IAAI,CAAC,uBAAuB,CAAC;AAC7D,gBAAgB,EAAE,YAAY,CAAC,IAAI;AACnC;AACA,gBAAgB,CAAC,YAAY,CAAC,IAAI,CAAC,KAAK,CAAC,uBAAuB;AAChE,oBAAoB,CAAC,IAAI,CAACD,KAAK,CAACC,IAAI,CAAC,aAAa,CAAC,GAAC,IAAI,CAACD,KAAK,CAACC,IAAI,CAAC,aAAa,CAAC;AAClF,gBAAgB,EAAE,YAAY,CAAC,IAAI;AACnC,gBAAgB,CAAC,YAAY,CAAC,IAAI,CAAC,KAAK,CAAC,aAAa;AACtD,oBAAoB,CAACL,EAAE,CAACM,MAAM,CAAC,IAAI,CAACF,KAAK,CAACC,IAAI,CAAC,aAAa,CAAC,CAAC,GAAG,GAAG,GAAG,IAAI,CAACD,KAAK,CAACC,IAAI,CAAC,UAAU,CAAC;AAClG,gBAAgB,EAAE,YAAY,CAAC,IAAI;AACnC;MACA,CAAC;AACD;AACA;AACA;AACA;AACA;AACA;AACA,SAAE;AACF;AACA,gBAAgB,CAAC,YAAY,CAAC,IAAI,CAAC,KAAK,CAAC,sBAAsB;AAC/D,oBAAoB,CAACL,EAAE,CAACM,MAAM,CAAC,IAAI,CAACF,KAAK,CAACC,IAAI,CAAC,sBAAsB,CAAC,CAAC,GAAG,GAAG,GAAG,IAAI,CAACD,KAAK,CAACC,IAAI,CAAC,UAAU,CAAC;AAC3G,gBAAgB,EAAE,YAAY,CAAC,IAAI;AACnC,gBAAgB,CAAC,YAAY,CAAC,IAAI,CAAC,KAAK,CAAC,uBAAuB;AAChE,oBAAoB,CAAE,IAAI,CAACD,KAAK,CAACC,IAAI,CAAC,uBAAuB,CAAC,IAAE,CAAC,GAAE,SAAS,GAAC,SAAS;AACtF,gBAAgB,EAAE,YAAY,CAAC,IAAI;AACnC,gBAAgB,CAAC,YAAY,CAAC,IAAI,CAAC,KAAK,CAAC,uBAAuB;AAChE,kBAAkB,CAACF,mBAAmB;AACtC,gBAAgB,EAAE,YAAY,CAAC,IAAI;AACnC,gBAAgB,CAAC,YAAY,CAAC,IAAI,CAAC,KAAK,CAAC,eAAe;AACxD,oBAAoB,CAAC,IAAI,CAACC,KAAK,CAACC,IAAI,CAAC,cAAc,CAAC;AACpD,gBAAgB,EAAE,YAAY,CAAC,IAAI;AACnC,gBAAgB,CAAC,YAAY,CAAC,IAAI,CAAC,KAAK,CAAC,sBAAsB;AAC/D,kBAAkB,CAAC,CAAC,CAAC,IAAI,CAAC,CAAC,qBAAqB,GAAC,IAAI,CAACD,KAAK,CAACC,IAAI,CAAC,sBAAsB,CAAC,CAAC;AACzF;AACA,kBAAkB,EAAE,CAAC;AACrB,gBAAgB,EAAE,YAAY,CAAC,IAAI;AACnC,gBAAgB,CAAC,YAAY,CAAC,IAAI,CAAC,KAAK,CAAC,eAAe;AACxD,kBAAkB,CAAC,IAAI,CAACD,KAAK,CAACC,IAAI,CAAC,eAAe,CAAC;AACnD,gBAAgB,EAAE,YAAY,CAAC,IAAI;AACnC,gBAAgB,CAAC,YAAY,CAAC,IAAI,CAAC,KAAK,CAAC,qBAAqB;AAC9D,oBAAoB,CAAC,IAAI,CAACD,KAAK,CAACC,IAAI,CAAC,mBAAmB,CAAC;AACzD,gBAAgB,EAAE,YAAY,CAAC,IAAI;AACnC,gBAAgB,CAAC,YAAY,CAAC,IAAI,CAAC,KAAK,CAAC,iBAAiB;AAC1D,oBAAoB,CAAC,IAAI,CAACD,KAAK,CAACC,IAAI,CAAC,mBAAmB,CAAC;AACzD,gBAAgB,EAAE,YAAY,CAAC,IAAI;AACnC,gBAAgB,CAAC,YAAY,CAAC,IAAI,CAAC,KAAK,CAAC,kBAAkB;AAC3D,oBAAoB,CAAC,IAAI,CAACD,KAAK,CAACC,IAAI,CAAC,eAAe,CAAC;AACrD,gBAAgB,EAAE,YAAY,CAAC,IAAI;AACnC,gBAAgB,CAAC,YAAY,CAAC,IAAI,CAAC,KAAK,CAAC,mBAAmB;AAC5D,oBAAoB,CAAC,IAAI,CAACD,KAAK,CAACC,IAAI,CAAC,mBAAmB,CAAC;AACzD,gBAAgB,EAAE,YAAY,CAAC,IAAI;AACnC,gBAAgB,CAAC,YAAY,CAAC,IAAI,CAAC,KAAK,CAAC,kBAAkB;AAC3D,oBAAoB,CAAC,IAAI,CAACD,KAAK,CAACC,IAAI,CAAC,kBAAkB,CAAC;AACxD,gBAAgB,EAAE,YAAY,CAAC,IAAI;AACnC,gBAAgB,CAAC,YAAY,CAAC,IAAI,CAAC,KAAK,CAAC,kBAAkB;AAC3D,oBAAoB,CAAC,IAAI,CAACD,KAAK,CAACC,IAAI,CAAC,kBAAkB,CAAC;AACxD,gBAAgB,EAAE,YAAY,CAAC,IAAI;AACnC,YAAY,EAAE,YAAY,CAAC;EAEvB;AACJ;AAEA,eAAeR,gBAAgB"},"targets":{},"cloneInputAst":true,"browserslistConfigFile":false,"passPerPreset":false,"envName":"development","cwd":"/home/ani/Mergerware_assignment/Mererware_meteor/Mergerware_loanify","root":"/home/ani/Mergerware_assignment/Mererware_meteor/Mergerware_loanify","rootMode":"root","plugins":[{"key":"base$0","visitor":{"_exploded":true,"_verified":true},"options":{},"externalDependencies":[]},{"key":"base$0$0","visitor":{"Program":{"enter":[null],"exit":[null]},"_exploded":true,"_verified":true},"options":{"avoidModernSyntax":false,"enforceStrictMode":false,"dynamicImport":true,"generateLetDeclarations":true},"externalDependencies":[]},{"key":"transform-runtime","visitor":{"MemberExpression":{"enter":[null]},"ObjectPattern":{"enter":[null]},"BinaryExpression":{"enter":[null]},"Identifier":{"enter":[null]},"JSXIdentifier":{"enter":[null]},"_exploded":true,"_verified":true},"options":{"version":"7.17.2","helpers":true,"useESModules":false,"corejs":false},"externalDependencies":[]},{"key":"proposal-class-properties","visitor":{"ExportDefaultDeclaration":{"enter":[null]},"_exploded":true,"_verified":true,"ClassExpression":{"enter":[null]},"ClassDeclaration":{"enter":[null]}},"options":{"loose":true},"externalDependencies":[]},{"key":"transform-react-jsx","visitor":{"JSXNamespacedName":{"enter":[null]},"JSXSpreadChild":{"enter":[null]},"Program":{"enter":[null]},"JSXFragment":{"exit":[null]},"JSXElement":{"exit":[null]},"JSXAttribute":{"enter":[null]},"_exploded":true,"_verified":true},"options":{"pragma":"React.createElement","pragmaFrag":"React.Fragment","runtime":"classic","throwIfNamespace":true,"useBuiltIns":false},"externalDependencies":[]},{"key":"transform-react-display-name","visitor":{"ExportDefaultDeclaration":{"enter":[null]},"CallExpression":{"enter":[null]},"_exploded":true,"_verified":true},"options":{},"externalDependencies":[]},{"key":"transform-react-pure-annotations","visitor":{"CallExpression":{"enter":[null]},"_exploded":true,"_verified":true},"options":{},"externalDependencies":[]},{"key":"syntax-nullish-coalescing-operator","visitor":{"_exploded":true,"_verified":true},"options":{},"externalDependencies":[]},{"key":"proposal-nullish-coalescing-operator","visitor":{"LogicalExpression":{"enter":[null]},"_exploded":true,"_verified":true},"options":{},"externalDependencies":[]},{"key":"syntax-optional-chaining","visitor":{"_exploded":true,"_verified":true},"options":{},"externalDependencies":[]},{"key":"proposal-optional-chaining","visitor":{"OptionalCallExpression":{"enter":[null]},"OptionalMemberExpression":{"enter":[null]},"_exploded":true,"_verified":true},"options":{},"externalDependencies":[]},{"key":"syntax-optional-catch-binding","visitor":{"_exploded":true,"_verified":true},"options":{},"externalDependencies":[]},{"key":"proposal-optional-catch-binding","visitor":{"CatchClause":{"enter":[null]},"_exploded":true,"_verified":true},"options":{},"externalDependencies":[]},{"key":"syntax-class-properties","visitor":{"_exploded":true,"_verified":true},"options":{},"externalDependencies":[]},{"key":"proposal-class-properties","visitor":{"ExportDefaultDeclaration":{"enter":[null]},"_exploded":true,"_verified":true,"ClassExpression":{"enter":[null]},"ClassDeclaration":{"enter":[null]}},"options":{},"externalDependencies":[]},{"key":"syntax-async-generators","visitor":{"_exploded":true,"_verified":true},"options":{},"externalDependencies":[]},{"key":"proposal-async-generator-functions","visitor":{"Program":{"enter":[null]},"_exploded":true,"_verified":true},"options":{},"externalDependencies":[]},{"key":"syntax-object-rest-spread","visitor":{"_exploded":true,"_verified":true},"options":{},"externalDependencies":[]},{"key":"proposal-object-rest-spread","visitor":{"VariableDeclarator":{"enter":[null]},"ExportNamedDeclaration":{"enter":[null]},"CatchClause":{"enter":[null]},"AssignmentExpression":{"enter":[null]},"ArrayPattern":{"enter":[null]},"ObjectExpression":{"enter":[null]},"FunctionDeclaration":{"enter":[null]},"FunctionExpression":{"enter":[null]},"ObjectMethod":{"enter":[null]},"ArrowFunctionExpression":{"enter":[null]},"ClassMethod":{"enter":[null]},"ClassPrivateMethod":{"enter":[null]},"ForInStatement":{"enter":[null]},"ForOfStatement":{"enter":[null]},"_exploded":true,"_verified":true},"options":{},"externalDependencies":[]},{"key":"proposal-logical-assignment-operators","visitor":{"AssignmentExpression":{"enter":[null]},"_exploded":true,"_verified":true},"options":{},"externalDependencies":[]},{"key":"transform-literals","visitor":{"NumericLiteral":{"enter":[null]},"StringLiteral":{"enter":[null]},"_exploded":true,"_verified":true},"options":{},"externalDependencies":[]},{"key":"transform-template-literals","visitor":{"TaggedTemplateExpression":{"enter":[null]},"TemplateLiteral":{"enter":[null]},"_exploded":true,"_verified":true},"options":{},"externalDependencies":[]},{"key":"transform-parameters","visitor":{"_exploded":true,"_verified":true,"FunctionDeclaration":{"enter":[null]},"FunctionExpression":{"enter":[null]},"ObjectMethod":{"enter":[null]},"ArrowFunctionExpression":{"enter":[null]},"ClassMethod":{"enter":[null]},"ClassPrivateMethod":{"enter":[null]}},"options":{},"externalDependencies":[]},{"key":"transform-exponentiation-operator","visitor":{"AssignmentExpression":{"enter":[null]},"BinaryExpression":{"enter":[null]},"_exploded":true,"_verified":true},"options":{},"externalDependencies":[]}],"presets":[],"generatorOpts":{"filename":"/home/ani/Mergerware_assignment/Mererware_meteor/Mergerware_loanify/imports/ui/components/DisplayContainers/LoanDescriptions/LoanDescriptions.js","comments":true,"compact":false,"sourceMaps":true,"sourceFileName":"imports/ui/components/DisplayContainers/LoanDescriptions/LoanDescriptions.js","inputSourceMap":{"version":3,"names":["React","Component","Row","Col","Steps","Descriptions","LoanDescriptions","state","render","nf","Intl","NumberFormat","paymentIntervalDays","props","loan","format","xxl","xl","lg","md","sm","xs"],"sources":["imports/ui/components/DisplayContainers/LoanDescriptions/LoanDescriptions.js"],"sourcesContent":["import React, { Component } from 'react';\nimport { Row, Col, Steps, Descriptions } from 'antd';\n\nclass LoanDescriptions extends Component {\n    state = {}\n    render() {\n        let nf = new Intl.NumberFormat();\n        let paymentIntervalDays='';\n        if(this.props.loan && this.props.loan['payment_interval_type']==0){\n            paymentIntervalDays = this.props['paymentIntervalDays'];\n        }\n        else {\n            paymentIntervalDays='Monthly payment';\n        }\n\n        return (\n            <Descriptions\n                key={this.props.loan['id']}\n              title={'Amount: ' + nf.format(this.props.loan['loan_amount']) + ' ' + this.props.loan['currency']}\n                bordered\n                column={{ xxl: 3, xl: 3, lg: 2, md: 2, sm: 2, xs: 1 }}\n                layout=\"vertical\"\n\n            >\n                <Descriptions.Item label=\"Date borrowing start\">\n                    {this.props.loan['date_loan_start']}\n                </Descriptions.Item>\n                <Descriptions.Item label=\"Duration (days)\">\n                    {this.props.loan['loan_duration_days']}\n                </Descriptions.Item>\n                <Descriptions.Item label=\"Completion date\">\n                    {this.props.loan['due_date_loan_completion']}\n                </Descriptions.Item>\n                <Descriptions.Item label=\"Date next payment\">\n                    {this.props.loan['due_date_next_payment']}\n                </Descriptions.Item>\n\n                <Descriptions.Item label=\"Borrowing amount paid\">\n                    {this.props.loan['loan_amount']-this.props.loan['balance_due']}\n                </Descriptions.Item>\n                <Descriptions.Item label=\"Balance due\">\n                    {nf.format(this.props.loan['balance_due']) + ' ' + this.props.loan['currency']}\n                </Descriptions.Item>\n\n{/*\n                <Descriptions.Item label=\"Interest Rate %\">\n                    {this.props.loan['interest_rate_percent']}\n                </Descriptions.Item>\n                <Descriptions.Item label=\"Interest Rate Value\">\n                    {this.props.loan['interest_rate_value']}\n                </Descriptions.Item>\n*/}\n\n                <Descriptions.Item label=\"Payment per interval\">\n                    {nf.format(this.props.loan['payment_per_interval']) + ' ' + this.props.loan['currency']}\n                </Descriptions.Item>\n                <Descriptions.Item label=\"Payment interval type\">\n                    {(this.props.loan['payment_interval_type']==0)?\"Daywise\":\"Monthly\"}\n                </Descriptions.Item>\n                <Descriptions.Item label=\"Payment interval days\">\n                  {paymentIntervalDays}\n                </Descriptions.Item>\n                <Descriptions.Item label=\"Agreement Ref\">\n                    {this.props.loan['agreement_no']}\n                </Descriptions.Item>\n                <Descriptions.Item label=\"Agreement attachment\">\n                  <a href={\"http://fina.mv/api/\"+this.props.loan['agreement_attachment']}>\n                    Download Aggreement\n                  </a>\n                </Descriptions.Item>\n                <Descriptions.Item label=\"Guardian name\">\n                  {this.props.loan['guardian_name']}\n                </Descriptions.Item>\n                <Descriptions.Item label=\"Guardian phone node\">\n                    {this.props.loan['guardian_phone_no']}\n                </Descriptions.Item>\n                <Descriptions.Item label=\"Guardian adress\">\n                    {this.props.loan['guardian_phone_no']}\n                </Descriptions.Item>\n                <Descriptions.Item label=\"Guardian id card\">\n                    {this.props.loan['guardian_name']}\n                </Descriptions.Item>\n                <Descriptions.Item label=\"Guardian phone no\">\n                    {this.props.loan['guardian_phone_no']}\n                </Descriptions.Item>\n                <Descriptions.Item label=\"Guardian address\">\n                    {this.props.loan['guardian_address']}\n                </Descriptions.Item>\n                <Descriptions.Item label=\"Guardian id card\">\n                    {this.props.loan['guardian_id_card']}\n                </Descriptions.Item>\n            </Descriptions>\n        );\n    }\n}\n\nexport default LoanDescriptions;\n"],"mappings":";AAAA,OAAOA,KAAK,IAAIC,SAAS,QAAQ,OAAO;AACxC,SAASC,GAAG,EAAEC,GAAG,EAAEC,KAAK,EAAEC,YAAY,QAAQ,MAAM;AAEpD,MAAMC,gBAAgB,SAASL,SAAS,CAAC;EACrCM,KAAK,GAAG,CAAC,CAAC;EACVC,MAAMA,CAAA,EAAG;IACL,IAAIC,EAAE,GAAG,IAAIC,IAAI,CAACC,YAAY,CAAC,CAAC;IAChC,IAAIC,mBAAmB,GAAC,EAAE;IAC1B,IAAG,IAAI,CAACC,KAAK,CAACC,IAAI,IAAI,IAAI,CAACD,KAAK,CAACC,IAAI,CAAC,uBAAuB,CAAC,IAAE,CAAC,EAAC;MAC9DF,mBAAmB,GAAG,IAAI,CAACC,KAAK,CAAC,qBAAqB,CAAC;IAC3D,CAAC,MACI;MACDD,mBAAmB,GAAC,iBAAiB;IACzC;IAEA,OACI,CAAC,YAAY,CACT,GAAG,CAAC,CAAC,IAAI,CAACC,KAAK,CAACC,IAAI,CAAC,IAAI,CAAC,CAAC,CAC7B,KAAK,CAAC,CAAC,UAAU,GAAGL,EAAE,CAACM,MAAM,CAAC,IAAI,CAACF,KAAK,CAACC,IAAI,CAAC,aAAa,CAAC,CAAC,GAAG,GAAG,GAAG,IAAI,CAACD,KAAK,CAACC,IAAI,CAAC,UAAU,CAAC,CAAC,CAChG,QAAQ,CACR,MAAM,CAAC,CAAC;MAAEE,GAAG,EAAE,CAAC;MAAEC,EAAE,EAAE,CAAC;MAAEC,EAAE,EAAE,CAAC;MAAEC,EAAE,EAAE,CAAC;MAAEC,EAAE,EAAE,CAAC;MAAEC,EAAE,EAAE;IAAE,CAAC,CAAC,CACtD,MAAM,CAAC,UAAU;AAGjC,gBAAgB,CAAC,YAAY,CAAC,IAAI,CAAC,KAAK,CAAC,sBAAsB;AAC/D,oBAAoB,CAAC,IAAI,CAACR,KAAK,CAACC,IAAI,CAAC,iBAAiB,CAAC;AACvD,gBAAgB,EAAE,YAAY,CAAC,IAAI;AACnC,gBAAgB,CAAC,YAAY,CAAC,IAAI,CAAC,KAAK,CAAC,iBAAiB;AAC1D,oBAAoB,CAAC,IAAI,CAACD,KAAK,CAACC,IAAI,CAAC,oBAAoB,CAAC;AAC1D,gBAAgB,EAAE,YAAY,CAAC,IAAI;AACnC,gBAAgB,CAAC,YAAY,CAAC,IAAI,CAAC,KAAK,CAAC,iBAAiB;AAC1D,oBAAoB,CAAC,IAAI,CAACD,KAAK,CAACC,IAAI,CAAC,0BAA0B,CAAC;AAChE,gBAAgB,EAAE,YAAY,CAAC,IAAI;AACnC,gBAAgB,CAAC,YAAY,CAAC,IAAI,CAAC,KAAK,CAAC,mBAAmB;AAC5D,oBAAoB,CAAC,IAAI,CAACD,KAAK,CAACC,IAAI,CAAC,uBAAuB,CAAC;AAC7D,gBAAgB,EAAE,YAAY,CAAC,IAAI;AACnC;AACA,gBAAgB,CAAC,YAAY,CAAC,IAAI,CAAC,KAAK,CAAC,uBAAuB;AAChE,oBAAoB,CAAC,IAAI,CAACD,KAAK,CAACC,IAAI,CAAC,aAAa,CAAC,GAAC,IAAI,CAACD,KAAK,CAACC,IAAI,CAAC,aAAa,CAAC;AAClF,gBAAgB,EAAE,YAAY,CAAC,IAAI;AACnC,gBAAgB,CAAC,YAAY,CAAC,IAAI,CAAC,KAAK,CAAC,aAAa;AACtD,oBAAoB,CAACL,EAAE,CAACM,MAAM,CAAC,IAAI,CAACF,KAAK,CAACC,IAAI,CAAC,aAAa,CAAC,CAAC,GAAG,GAAG,GAAG,IAAI,CAACD,KAAK,CAACC,IAAI,CAAC,UAAU,CAAC;AAClG,gBAAgB,EAAE,YAAY,CAAC,IAAI;AACnC;MACA,CAAC;AACD;AACA;AACA;AACA;AACA;AACA;AACA,SAAE;AACF;AACA,gBAAgB,CAAC,YAAY,CAAC,IAAI,CAAC,KAAK,CAAC,sBAAsB;AAC/D,oBAAoB,CAACL,EAAE,CAACM,MAAM,CAAC,IAAI,CAACF,KAAK,CAACC,IAAI,CAAC,sBAAsB,CAAC,CAAC,GAAG,GAAG,GAAG,IAAI,CAACD,KAAK,CAACC,IAAI,CAAC,UAAU,CAAC;AAC3G,gBAAgB,EAAE,YAAY,CAAC,IAAI;AACnC,gBAAgB,CAAC,YAAY,CAAC,IAAI,CAAC,KAAK,CAAC,uBAAuB;AAChE,oBAAoB,CAAE,IAAI,CAACD,KAAK,CAACC,IAAI,CAAC,uBAAuB,CAAC,IAAE,CAAC,GAAE,SAAS,GAAC,SAAS;AACtF,gBAAgB,EAAE,YAAY,CAAC,IAAI;AACnC,gBAAgB,CAAC,YAAY,CAAC,IAAI,CAAC,KAAK,CAAC,uBAAuB;AAChE,kBAAkB,CAACF,mBAAmB;AACtC,gBAAgB,EAAE,YAAY,CAAC,IAAI;AACnC,gBAAgB,CAAC,YAAY,CAAC,IAAI,CAAC,KAAK,CAAC,eAAe;AACxD,oBAAoB,CAAC,IAAI,CAACC,KAAK,CAACC,IAAI,CAAC,cAAc,CAAC;AACpD,gBAAgB,EAAE,YAAY,CAAC,IAAI;AACnC,gBAAgB,CAAC,YAAY,CAAC,IAAI,CAAC,KAAK,CAAC,sBAAsB;AAC/D,kBAAkB,CAAC,CAAC,CAAC,IAAI,CAAC,CAAC,qBAAqB,GAAC,IAAI,CAACD,KAAK,CAACC,IAAI,CAAC,sBAAsB,CAAC,CAAC;AACzF;AACA,kBAAkB,EAAE,CAAC;AACrB,gBAAgB,EAAE,YAAY,CAAC,IAAI;AACnC,gBAAgB,CAAC,YAAY,CAAC,IAAI,CAAC,KAAK,CAAC,eAAe;AACxD,kBAAkB,CAAC,IAAI,CAACD,KAAK,CAACC,IAAI,CAAC,eAAe,CAAC;AACnD,gBAAgB,EAAE,YAAY,CAAC,IAAI;AACnC,gBAAgB,CAAC,YAAY,CAAC,IAAI,CAAC,KAAK,CAAC,qBAAqB;AAC9D,oBAAoB,CAAC,IAAI,CAACD,KAAK,CAACC,IAAI,CAAC,mBAAmB,CAAC;AACzD,gBAAgB,EAAE,YAAY,CAAC,IAAI;AACnC,gBAAgB,CAAC,YAAY,CAAC,IAAI,CAAC,KAAK,CAAC,iBAAiB;AAC1D,oBAAoB,CAAC,IAAI,CAACD,KAAK,CAACC,IAAI,CAAC,mBAAmB,CAAC;AACzD,gBAAgB,EAAE,YAAY,CAAC,IAAI;AACnC,gBAAgB,CAAC,YAAY,CAAC,IAAI,CAAC,KAAK,CAAC,kBAAkB;AAC3D,oBAAoB,CAAC,IAAI,CAACD,KAAK,CAACC,IAAI,CAAC,eAAe,CAAC;AACrD,gBAAgB,EAAE,YAAY,CAAC,IAAI;AACnC,gBAAgB,CAAC,YAAY,CAAC,IAAI,CAAC,KAAK,CAAC,mBAAmB;AAC5D,oBAAoB,CAAC,IAAI,CAACD,KAAK,CAACC,IAAI,CAAC,mBAAmB,CAAC;AACzD,gBAAgB,EAAE,YAAY,CAAC,IAAI;AACnC,gBAAgB,CAAC,YAAY,CAAC,IAAI,CAAC,KAAK,CAAC,kBAAkB;AAC3D,oBAAoB,CAAC,IAAI,CAACD,KAAK,CAACC,IAAI,CAAC,kBAAkB,CAAC;AACxD,gBAAgB,EAAE,YAAY,CAAC,IAAI;AACnC,gBAAgB,CAAC,YAAY,CAAC,IAAI,CAAC,KAAK,CAAC,kBAAkB;AAC3D,oBAAoB,CAAC,IAAI,CAACD,KAAK,CAACC,IAAI,CAAC,kBAAkB,CAAC;AACxD,gBAAgB,EAAE,YAAY,CAAC,IAAI;AACnC,YAAY,EAAE,YAAY,CAAC;EAEvB;AACJ;AAEA,eAAeR,gBAAgB"}}},"code":"!function (module1) {\n  let React, Component;\n  module1.link(\"react\", {\n    default(v) {\n      React = v;\n    },\n    Component(v) {\n      Component = v;\n    }\n  }, 0);\n  let Row, Col, Steps, Descriptions;\n  module1.link(\"antd\", {\n    Row(v) {\n      Row = v;\n    },\n    Col(v) {\n      Col = v;\n    },\n    Steps(v) {\n      Steps = v;\n    },\n    Descriptions(v) {\n      Descriptions = v;\n    }\n  }, 1);\n  ___INIT_METEOR_FAST_REFRESH(module);\n  class LoanDescriptions extends Component {\n    constructor() {\n      super(...arguments);\n      this.state = {};\n    }\n    render() {\n      let nf = new Intl.NumberFormat();\n      let paymentIntervalDays = '';\n      if (this.props.loan && this.props.loan['payment_interval_type'] == 0) {\n        paymentIntervalDays = this.props['paymentIntervalDays'];\n      } else {\n        paymentIntervalDays = 'Monthly payment';\n      }\n      return /*#__PURE__*/React.createElement(Descriptions, {\n        key: this.props.loan['id'],\n        title: 'Amount: ' + nf.format(this.props.loan['loan_amount']) + ' ' + this.props.loan['currency'],\n        bordered: true,\n        column: {\n          xxl: 3,\n          xl: 3,\n          lg: 2,\n          md: 2,\n          sm: 2,\n          xs: 1\n        },\n        layout: \"vertical\"\n      }, /*#__PURE__*/React.createElement(Descriptions.Item, {\n        label: \"Date borrowing start\"\n      }, this.props.loan['date_loan_start']), /*#__PURE__*/React.createElement(Descriptions.Item, {\n        label: \"Duration (days)\"\n      }, this.props.loan['loan_duration_days']), /*#__PURE__*/React.createElement(Descriptions.Item, {\n        label: \"Completion date\"\n      }, this.props.loan['due_date_loan_completion']), /*#__PURE__*/React.createElement(Descriptions.Item, {\n        label: \"Date next payment\"\n      }, this.props.loan['due_date_next_payment']), /*#__PURE__*/React.createElement(Descriptions.Item, {\n        label: \"Borrowing amount paid\"\n      }, this.props.loan['loan_amount'] - this.props.loan['balance_due']), /*#__PURE__*/React.createElement(Descriptions.Item, {\n        label: \"Balance due\"\n      }, nf.format(this.props.loan['balance_due']) + ' ' + this.props.loan['currency']), /*#__PURE__*/React.createElement(Descriptions.Item, {\n        label: \"Payment per interval\"\n      }, nf.format(this.props.loan['payment_per_interval']) + ' ' + this.props.loan['currency']), /*#__PURE__*/React.createElement(Descriptions.Item, {\n        label: \"Payment interval type\"\n      }, this.props.loan['payment_interval_type'] == 0 ? \"Daywise\" : \"Monthly\"), /*#__PURE__*/React.createElement(Descriptions.Item, {\n        label: \"Payment interval days\"\n      }, paymentIntervalDays), /*#__PURE__*/React.createElement(Descriptions.Item, {\n        label: \"Agreement Ref\"\n      }, this.props.loan['agreement_no']), /*#__PURE__*/React.createElement(Descriptions.Item, {\n        label: \"Agreement attachment\"\n      }, /*#__PURE__*/React.createElement(\"a\", {\n        href: \"http://fina.mv/api/\" + this.props.loan['agreement_attachment']\n      }, \"Download Aggreement\")), /*#__PURE__*/React.createElement(Descriptions.Item, {\n        label: \"Guardian name\"\n      }, this.props.loan['guardian_name']), /*#__PURE__*/React.createElement(Descriptions.Item, {\n        label: \"Guardian phone node\"\n      }, this.props.loan['guardian_phone_no']), /*#__PURE__*/React.createElement(Descriptions.Item, {\n        label: \"Guardian adress\"\n      }, this.props.loan['guardian_phone_no']), /*#__PURE__*/React.createElement(Descriptions.Item, {\n        label: \"Guardian id card\"\n      }, this.props.loan['guardian_name']), /*#__PURE__*/React.createElement(Descriptions.Item, {\n        label: \"Guardian phone no\"\n      }, this.props.loan['guardian_phone_no']), /*#__PURE__*/React.createElement(Descriptions.Item, {\n        label: \"Guardian address\"\n      }, this.props.loan['guardian_address']), /*#__PURE__*/React.createElement(Descriptions.Item, {\n        label: \"Guardian id card\"\n      }, this.props.loan['guardian_id_card']));\n    }\n  }\n  module1.exportDefault(LoanDescriptions);\n}.call(this, module);","map":{"version":3,"names":["LoanDescriptions","Component","constructor","arguments","state","render","nf","Intl","NumberFormat","paymentIntervalDays","props","loan","React","createElement","Descriptions","key","title","format","bordered","column","xxl","xl","lg","md","sm","xs","layout","Item","label","href"],"sources":["imports/ui/components/DisplayContainers/LoanDescriptions/LoanDescriptions.js"],"sourcesContent":["import React, { Component } from 'react';\nimport { Row, Col, Steps, Descriptions } from 'antd';\n\nclass LoanDescriptions extends Component {\n    state = {}\n    render() {\n        let nf = new Intl.NumberFormat();\n        let paymentIntervalDays='';\n        if(this.props.loan && this.props.loan['payment_interval_type']==0){\n            paymentIntervalDays = this.props['paymentIntervalDays'];\n        }\n        else {\n            paymentIntervalDays='Monthly payment';\n        }\n\n        return (\n            <Descriptions\n                key={this.props.loan['id']}\n              title={'Amount: ' + nf.format(this.props.loan['loan_amount']) + ' ' + this.props.loan['currency']}\n                bordered\n                column={{ xxl: 3, xl: 3, lg: 2, md: 2, sm: 2, xs: 1 }}\n                layout=\"vertical\"\n\n            >\n                <Descriptions.Item label=\"Date borrowing start\">\n                    {this.props.loan['date_loan_start']}\n                </Descriptions.Item>\n                <Descriptions.Item label=\"Duration (days)\">\n                    {this.props.loan['loan_duration_days']}\n                </Descriptions.Item>\n                <Descriptions.Item label=\"Completion date\">\n                    {this.props.loan['due_date_loan_completion']}\n                </Descriptions.Item>\n                <Descriptions.Item label=\"Date next payment\">\n                    {this.props.loan['due_date_next_payment']}\n                </Descriptions.Item>\n\n                <Descriptions.Item label=\"Borrowing amount paid\">\n                    {this.props.loan['loan_amount']-this.props.loan['balance_due']}\n                </Descriptions.Item>\n                <Descriptions.Item label=\"Balance due\">\n                    {nf.format(this.props.loan['balance_due']) + ' ' + this.props.loan['currency']}\n                </Descriptions.Item>\n\n{/*\n                <Descriptions.Item label=\"Interest Rate %\">\n                    {this.props.loan['interest_rate_percent']}\n                </Descriptions.Item>\n                <Descriptions.Item label=\"Interest Rate Value\">\n                    {this.props.loan['interest_rate_value']}\n                </Descriptions.Item>\n*/}\n\n                <Descriptions.Item label=\"Payment per interval\">\n                    {nf.format(this.props.loan['payment_per_interval']) + ' ' + this.props.loan['currency']}\n                </Descriptions.Item>\n                <Descriptions.Item label=\"Payment interval type\">\n                    {(this.props.loan['payment_interval_type']==0)?\"Daywise\":\"Monthly\"}\n                </Descriptions.Item>\n                <Descriptions.Item label=\"Payment interval days\">\n                  {paymentIntervalDays}\n                </Descriptions.Item>\n                <Descriptions.Item label=\"Agreement Ref\">\n                    {this.props.loan['agreement_no']}\n                </Descriptions.Item>\n                <Descriptions.Item label=\"Agreement attachment\">\n                  <a href={\"http://fina.mv/api/\"+this.props.loan['agreement_attachment']}>\n                    Download Aggreement\n                  </a>\n                </Descriptions.Item>\n                <Descriptions.Item label=\"Guardian name\">\n                  {this.props.loan['guardian_name']}\n                </Descriptions.Item>\n                <Descriptions.Item label=\"Guardian phone node\">\n                    {this.props.loan['guardian_phone_no']}\n                </Descriptions.Item>\n                <Descriptions.Item label=\"Guardian adress\">\n                    {this.props.loan['guardian_phone_no']}\n                </Descriptions.Item>\n                <Descriptions.Item label=\"Guardian id card\">\n                    {this.props.loan['guardian_name']}\n                </Descriptions.Item>\n                <Descriptions.Item label=\"Guardian phone no\">\n                    {this.props.loan['guardian_phone_no']}\n                </Descriptions.Item>\n                <Descriptions.Item label=\"Guardian address\">\n                    {this.props.loan['guardian_address']}\n                </Descriptions.Item>\n                <Descriptions.Item label=\"Guardian id card\">\n                    {this.props.loan['guardian_id_card']}\n                </Descriptions.Item>\n            </Descriptions>\n        );\n    }\n}\n\nexport default LoanDescriptions;\n"],"mappings":";;;;;;;;;;;;;;;;;;;;;;;;;;EAGA,MAAMA,gBAAgB,SAASC,SAAS,CAAC;IAAAC,YAAA;MAAA,SAAAC,SAAA;MAAA,KACrCC,KAAK,GAAG,CAAC,CAAC;IAAA;IACVC,MAAMA,CAAA,EAAG;MACL,IAAIC,EAAE,GAAG,IAAIC,IAAI,CAACC,YAAY,CAAC,CAAC;MAChC,IAAIC,mBAAmB,GAAC,EAAE;MAC1B,IAAG,IAAI,CAACC,KAAK,CAACC,IAAI,IAAI,IAAI,CAACD,KAAK,CAACC,IAAI,CAAC,uBAAuB,CAAC,IAAE,CAAC,EAAC;QAC9DF,mBAAmB,GAAG,IAAI,CAACC,KAAK,CAAC,qBAAqB,CAAC;MAC3D,CAAC,MACI;QACDD,mBAAmB,GAAC,iBAAiB;MACzC;MAEA,oBACIG,KAAA,CAAAC,aAAA,CAACC,YAAY;QACTC,GAAG,EAAE,IAAI,CAACL,KAAK,CAACC,IAAI,CAAC,IAAI,CAAE;QAC7BK,KAAK,EAAE,UAAU,GAAGV,EAAE,CAACW,MAAM,CAAC,IAAI,CAACP,KAAK,CAACC,IAAI,CAAC,aAAa,CAAC,CAAC,GAAG,GAAG,GAAG,IAAI,CAACD,KAAK,CAACC,IAAI,CAAC,UAAU,CAAE;QAChGO,QAAQ;QACRC,MAAM,EAAE;UAAEC,GAAG,EAAE,CAAC;UAAEC,EAAE,EAAE,CAAC;UAAEC,EAAE,EAAE,CAAC;UAAEC,EAAE,EAAE,CAAC;UAAEC,EAAE,EAAE,CAAC;UAAEC,EAAE,EAAE;QAAE,CAAE;QACtDC,MAAM,EAAC;MAAU,gBAGjBd,KAAA,CAAAC,aAAA,CAACC,YAAY,CAACa,IAAI;QAACC,KAAK,EAAC;MAAsB,GAC1C,IAAI,CAAClB,KAAK,CAACC,IAAI,CAAC,iBAAiB,CACnB,gBACnBC,KAAA,CAAAC,aAAA,CAACC,YAAY,CAACa,IAAI;QAACC,KAAK,EAAC;MAAiB,GACrC,IAAI,CAAClB,KAAK,CAACC,IAAI,CAAC,oBAAoB,CACtB,gBACnBC,KAAA,CAAAC,aAAA,CAACC,YAAY,CAACa,IAAI;QAACC,KAAK,EAAC;MAAiB,GACrC,IAAI,CAAClB,KAAK,CAACC,IAAI,CAAC,0BAA0B,CAC5B,gBACnBC,KAAA,CAAAC,aAAA,CAACC,YAAY,CAACa,IAAI;QAACC,KAAK,EAAC;MAAmB,GACvC,IAAI,CAAClB,KAAK,CAACC,IAAI,CAAC,uBAAuB,CACzB,gBAEnBC,KAAA,CAAAC,aAAA,CAACC,YAAY,CAACa,IAAI;QAACC,KAAK,EAAC;MAAuB,GAC3C,IAAI,CAAClB,KAAK,CAACC,IAAI,CAAC,aAAa,CAAC,GAAC,IAAI,CAACD,KAAK,CAACC,IAAI,CAAC,aAAa,CAC9C,gBACnBC,KAAA,CAAAC,aAAA,CAACC,YAAY,CAACa,IAAI;QAACC,KAAK,EAAC;MAAa,GACjCtB,EAAE,CAACW,MAAM,CAAC,IAAI,CAACP,KAAK,CAACC,IAAI,CAAC,aAAa,CAAC,CAAC,GAAG,GAAG,GAAG,IAAI,CAACD,KAAK,CAACC,IAAI,CAAC,UAAU,CAC9D,gBAWnBC,KAAA,CAAAC,aAAA,CAACC,YAAY,CAACa,IAAI;QAACC,KAAK,EAAC;MAAsB,GAC1CtB,EAAE,CAACW,MAAM,CAAC,IAAI,CAACP,KAAK,CAACC,IAAI,CAAC,sBAAsB,CAAC,CAAC,GAAG,GAAG,GAAG,IAAI,CAACD,KAAK,CAACC,IAAI,CAAC,UAAU,CACvE,gBACnBC,KAAA,CAAAC,aAAA,CAACC,YAAY,CAACa,IAAI;QAACC,KAAK,EAAC;MAAuB,GAC1C,IAAI,CAAClB,KAAK,CAACC,IAAI,CAAC,uBAAuB,CAAC,IAAE,CAAC,GAAE,SAAS,GAAC,SAC1C,gBACnBC,KAAA,CAAAC,aAAA,CAACC,YAAY,CAACa,IAAI;QAACC,KAAK,EAAC;MAAuB,GAC7CnB,mBACgB,gBACnBG,KAAA,CAAAC,aAAA,CAACC,YAAY,CAACa,IAAI;QAACC,KAAK,EAAC;MAAe,GACnC,IAAI,CAAClB,KAAK,CAACC,IAAI,CAAC,cAAc,CAChB,gBACnBC,KAAA,CAAAC,aAAA,CAACC,YAAY,CAACa,IAAI;QAACC,KAAK,EAAC;MAAsB,gBAC7ChB,KAAA,CAAAC,aAAA;QAAGgB,IAAI,EAAE,qBAAqB,GAAC,IAAI,CAACnB,KAAK,CAACC,IAAI,CAAC,sBAAsB;MAAE,wBAEpE,CACc,gBACnBC,KAAA,CAAAC,aAAA,CAACC,YAAY,CAACa,IAAI;QAACC,KAAK,EAAC;MAAe,GACrC,IAAI,CAAClB,KAAK,CAACC,IAAI,CAAC,eAAe,CACf,gBACnBC,KAAA,CAAAC,aAAA,CAACC,YAAY,CAACa,IAAI;QAACC,KAAK,EAAC;MAAqB,GACzC,IAAI,CAAClB,KAAK,CAACC,IAAI,CAAC,mBAAmB,CACrB,gBACnBC,KAAA,CAAAC,aAAA,CAACC,YAAY,CAACa,IAAI;QAACC,KAAK,EAAC;MAAiB,GACrC,IAAI,CAAClB,KAAK,CAACC,IAAI,CAAC,mBAAmB,CACrB,gBACnBC,KAAA,CAAAC,aAAA,CAACC,YAAY,CAACa,IAAI;QAACC,KAAK,EAAC;MAAkB,GACtC,IAAI,CAAClB,KAAK,CAACC,IAAI,CAAC,eAAe,CACjB,gBACnBC,KAAA,CAAAC,aAAA,CAACC,YAAY,CAACa,IAAI;QAACC,KAAK,EAAC;MAAmB,GACvC,IAAI,CAAClB,KAAK,CAACC,IAAI,CAAC,mBAAmB,CACrB,gBACnBC,KAAA,CAAAC,aAAA,CAACC,YAAY,CAACa,IAAI;QAACC,KAAK,EAAC;MAAkB,GACtC,IAAI,CAAClB,KAAK,CAACC,IAAI,CAAC,kBAAkB,CACpB,gBACnBC,KAAA,CAAAC,aAAA,CAACC,YAAY,CAACa,IAAI;QAACC,KAAK,EAAC;MAAkB,GACtC,IAAI,CAAClB,KAAK,CAACC,IAAI,CAAC,kBAAkB,CACpB,CACT,CAAC;IAEvB;EACJ;wBAEeX,gB"},"sourceType":"module","externalDependencies":{},"hash":"d98f6bd4d35b3fcd59646371698c5def8c7b3d65"}
