{"metadata":{},"options":{"assumptions":{},"compact":false,"sourceMaps":true,"ast":true,"babelrc":false,"configFile":false,"parserOpts":{"sourceType":"module","sourceFileName":"/home/ani/Mergerware_assignment/Mererware_meteor/Mergerware_loanify/packages/webapp/connect.js","plugins":["*","flow","jsx","asyncGenerators","bigInt","classPrivateMethods","classPrivateProperties","classProperties","doExpressions","dynamicImport","exportDefaultFrom","exportExtensions","exportNamespaceFrom","functionBind","functionSent","importMeta","nullishCoalescingOperator","numericSeparator","objectRestSpread","optionalCatchBinding","optionalChaining",["pipelineOperator",{"proposal":"minimal"}],"throwExpressions","objectRestSpread","objectRestSpread","asyncGenerators","classProperties","classPrivateProperties","jsx","nullishCoalescingOperator","nullishCoalescingOperator","optionalChaining","optionalChaining","optionalCatchBinding","optionalCatchBinding","classProperties","classPrivateProperties","classPrivateMethods","classProperties","classPrivateProperties","asyncGenerators","asyncGenerators","objectRestSpread","objectRestSpread","logicalAssignment"],"allowImportExportEverywhere":true,"allowReturnOutsideFunction":true,"allowUndeclaredExports":true,"strictMode":false},"caller":{"name":"meteor","arch":"os.linux.x86_64"},"sourceFileName":"packages/webapp/connect.js","filename":"/home/ani/Mergerware_assignment/Mererware_meteor/Mergerware_loanify/packages/webapp/connect.js","targets":{},"cloneInputAst":true,"browserslistConfigFile":false,"passPerPreset":false,"envName":"development","cwd":"/home/ani/Mergerware_assignment/Mererware_meteor/Mergerware_loanify","root":"/home/ani/Mergerware_assignment/Mererware_meteor/Mergerware_loanify","rootMode":"root","plugins":[{"key":"base$0","visitor":{"_exploded":true,"_verified":true},"options":{},"externalDependencies":[]},{"key":"base$0$0","visitor":{"Program":{"enter":[null],"exit":[null]},"_exploded":true,"_verified":true},"options":{"avoidModernSyntax":false,"enforceStrictMode":false,"dynamicImport":true,"generateLetDeclarations":true},"externalDependencies":[]},{"key":"transform-runtime","visitor":{"MemberExpression":{"enter":[null]},"ObjectPattern":{"enter":[null]},"BinaryExpression":{"enter":[null]},"Identifier":{"enter":[null]},"JSXIdentifier":{"enter":[null]},"_exploded":true,"_verified":true},"options":{"version":"7.17.2","helpers":true,"useESModules":false,"corejs":false},"externalDependencies":[]},{"key":"syntax-object-rest-spread","visitor":{"_exploded":true,"_verified":true},"options":{},"externalDependencies":[]},{"key":"proposal-object-rest-spread","visitor":{"VariableDeclarator":{"enter":[null]},"ExportNamedDeclaration":{"enter":[null]},"CatchClause":{"enter":[null]},"AssignmentExpression":{"enter":[null]},"ArrayPattern":{"enter":[null]},"ObjectExpression":{"enter":[null]},"FunctionDeclaration":{"enter":[null]},"FunctionExpression":{"enter":[null]},"ObjectMethod":{"enter":[null]},"ArrowFunctionExpression":{"enter":[null]},"ClassMethod":{"enter":[null]},"ClassPrivateMethod":{"enter":[null]},"ForInStatement":{"enter":[null]},"ForOfStatement":{"enter":[null]},"_exploded":true,"_verified":true},"options":{},"externalDependencies":[]},{"key":"transform-meteor-async-await","visitor":{"AwaitExpression":{"enter":[null]},"_exploded":true,"_verified":true,"FunctionDeclaration":{"exit":[null]},"FunctionExpression":{"exit":[null]},"ObjectMethod":{"exit":[null]},"ArrowFunctionExpression":{"exit":[null]},"ClassMethod":{"exit":[null]},"ClassPrivateMethod":{"exit":[null]}},"options":{"useNativeAsyncAwait":false},"externalDependencies":[]},{"key":"proposal-async-generator-functions","visitor":{"Program":{"enter":[null]},"_exploded":true,"_verified":true},"options":{},"externalDependencies":[]},{"key":"proposal-class-properties","visitor":{"ExportDefaultDeclaration":{"enter":[null]},"_exploded":true,"_verified":true,"ClassExpression":{"enter":[null]},"ClassDeclaration":{"enter":[null]}},"options":{"loose":true},"externalDependencies":[]},{"key":"transform-react-jsx","visitor":{"JSXNamespacedName":{"enter":[null]},"JSXSpreadChild":{"enter":[null]},"Program":{"enter":[null]},"JSXFragment":{"exit":[null]},"JSXElement":{"exit":[null]},"JSXAttribute":{"enter":[null]},"_exploded":true,"_verified":true},"options":{"pragma":"React.createElement","pragmaFrag":"React.Fragment","runtime":"classic","throwIfNamespace":true,"useBuiltIns":false},"externalDependencies":[]},{"key":"transform-react-display-name","visitor":{"ExportDefaultDeclaration":{"enter":[null]},"CallExpression":{"enter":[null]},"_exploded":true,"_verified":true},"options":{},"externalDependencies":[]},{"key":"transform-react-pure-annotations","visitor":{"CallExpression":{"enter":[null]},"_exploded":true,"_verified":true},"options":{},"externalDependencies":[]},{"key":"syntax-nullish-coalescing-operator","visitor":{"_exploded":true,"_verified":true},"options":{},"externalDependencies":[]},{"key":"proposal-nullish-coalescing-operator","visitor":{"LogicalExpression":{"enter":[null]},"_exploded":true,"_verified":true},"options":{},"externalDependencies":[]},{"key":"syntax-optional-chaining","visitor":{"_exploded":true,"_verified":true},"options":{},"externalDependencies":[]},{"key":"proposal-optional-chaining","visitor":{"OptionalCallExpression":{"enter":[null]},"OptionalMemberExpression":{"enter":[null]},"_exploded":true,"_verified":true},"options":{},"externalDependencies":[]},{"key":"syntax-optional-catch-binding","visitor":{"_exploded":true,"_verified":true},"options":{},"externalDependencies":[]},{"key":"proposal-optional-catch-binding","visitor":{"CatchClause":{"enter":[null]},"_exploded":true,"_verified":true},"options":{},"externalDependencies":[]},{"key":"syntax-class-properties","visitor":{"_exploded":true,"_verified":true},"options":{},"externalDependencies":[]},{"key":"proposal-class-properties","visitor":{"ExportDefaultDeclaration":{"enter":[null]},"_exploded":true,"_verified":true,"ClassExpression":{"enter":[null]},"ClassDeclaration":{"enter":[null]}},"options":{},"externalDependencies":[]},{"key":"syntax-async-generators","visitor":{"_exploded":true,"_verified":true},"options":{},"externalDependencies":[]},{"key":"proposal-async-generator-functions","visitor":{"Program":{"enter":[null]},"_exploded":true,"_verified":true},"options":{},"externalDependencies":[]},{"key":"syntax-object-rest-spread","visitor":{"_exploded":true,"_verified":true},"options":{},"externalDependencies":[]},{"key":"proposal-object-rest-spread","visitor":{"VariableDeclarator":{"enter":[null]},"ExportNamedDeclaration":{"enter":[null]},"CatchClause":{"enter":[null]},"AssignmentExpression":{"enter":[null]},"ArrayPattern":{"enter":[null]},"ObjectExpression":{"enter":[null]},"FunctionDeclaration":{"enter":[null]},"FunctionExpression":{"enter":[null]},"ObjectMethod":{"enter":[null]},"ArrowFunctionExpression":{"enter":[null]},"ClassMethod":{"enter":[null]},"ClassPrivateMethod":{"enter":[null]},"ForInStatement":{"enter":[null]},"ForOfStatement":{"enter":[null]},"_exploded":true,"_verified":true},"options":{},"externalDependencies":[]},{"key":"proposal-logical-assignment-operators","visitor":{"AssignmentExpression":{"enter":[null]},"_exploded":true,"_verified":true},"options":{},"externalDependencies":[]},{"key":"transform-literals","visitor":{"NumericLiteral":{"enter":[null]},"StringLiteral":{"enter":[null]},"_exploded":true,"_verified":true},"options":{},"externalDependencies":[]},{"key":"transform-template-literals","visitor":{"TaggedTemplateExpression":{"enter":[null]},"TemplateLiteral":{"enter":[null]},"_exploded":true,"_verified":true},"options":{},"externalDependencies":[]},{"key":"transform-parameters","visitor":{"_exploded":true,"_verified":true,"FunctionDeclaration":{"enter":[null]},"FunctionExpression":{"enter":[null]},"ObjectMethod":{"enter":[null]},"ArrowFunctionExpression":{"enter":[null]},"ClassMethod":{"enter":[null]},"ClassPrivateMethod":{"enter":[null]}},"options":{},"externalDependencies":[]},{"key":"transform-exponentiation-operator","visitor":{"AssignmentExpression":{"enter":[null]},"BinaryExpression":{"enter":[null]},"_exploded":true,"_verified":true},"options":{},"externalDependencies":[]}],"presets":[],"generatorOpts":{"filename":"/home/ani/Mergerware_assignment/Mererware_meteor/Mergerware_loanify/packages/webapp/connect.js","comments":true,"compact":false,"sourceMaps":true,"sourceFileName":"packages/webapp/connect.js"}},"code":"module.export({\n  connect: () => connect\n});\nlet npmConnect;\nmodule.link(\"connect\", {\n  default(v) {\n    npmConnect = v;\n  }\n}, 0);\nfunction connect() {\n  for (var _len = arguments.length, connectArgs = new Array(_len), _key = 0; _key < _len; _key++) {\n    connectArgs[_key] = arguments[_key];\n  }\n  const handlers = npmConnect.apply(this, connectArgs);\n  const originalUse = handlers.use;\n\n  // Wrap the handlers.use method so that any provided handler functions\n  // always run in a Fiber.\n  handlers.use = function use() {\n    for (var _len2 = arguments.length, useArgs = new Array(_len2), _key2 = 0; _key2 < _len2; _key2++) {\n      useArgs[_key2] = arguments[_key2];\n    }\n    const {\n      stack\n    } = this;\n    const originalLength = stack.length;\n    const result = originalUse.apply(this, useArgs);\n\n    // If we just added anything to the stack, wrap each new entry.handle\n    // with a function that calls Promise.asyncApply to ensure the\n    // original handler runs in a Fiber.\n    for (let i = originalLength; i < stack.length; ++i) {\n      const entry = stack[i];\n      const originalHandle = entry.handle;\n      if (originalHandle.length >= 4) {\n        // If the original handle had four (or more) parameters, the\n        // wrapper must also have four parameters, since connect uses\n        // handle.length to determine whether to pass the error as the first\n        // argument to the handle function.\n        entry.handle = function handle(err, req, res, next) {\n          return Promise.asyncApply(originalHandle, this, arguments);\n        };\n      } else {\n        entry.handle = function handle(req, res, next) {\n          return Promise.asyncApply(originalHandle, this, arguments);\n        };\n      }\n    }\n    return result;\n  };\n  return handlers;\n}","map":{"version":3,"names":["module","export","connect","npmConnect","link","default","v","_len","arguments","length","connectArgs","Array","_key","handlers","apply","originalUse","use","_len2","useArgs","_key2","stack","originalLength","result","i","entry","originalHandle","handle","err","req","res","next","Promise","asyncApply"],"sources":["packages/webapp/connect.js"],"sourcesContent":["import npmConnect from \"connect\";\n\nexport function connect(...connectArgs) {\n  const handlers = npmConnect.apply(this, connectArgs);\n  const originalUse = handlers.use;\n\n  // Wrap the handlers.use method so that any provided handler functions\n  // always run in a Fiber.\n  handlers.use = function use(...useArgs) {\n    const { stack } = this;\n    const originalLength = stack.length;\n    const result = originalUse.apply(this, useArgs);\n\n    // If we just added anything to the stack, wrap each new entry.handle\n    // with a function that calls Promise.asyncApply to ensure the\n    // original handler runs in a Fiber.\n    for (let i = originalLength; i < stack.length; ++i) {\n      const entry = stack[i];\n      const originalHandle = entry.handle;\n\n      if (originalHandle.length >= 4) {\n        // If the original handle had four (or more) parameters, the\n        // wrapper must also have four parameters, since connect uses\n        // handle.length to determine whether to pass the error as the first\n        // argument to the handle function.\n        entry.handle = function handle(err, req, res, next) {\n          return Promise.asyncApply(originalHandle, this, arguments);\n        };\n      } else {\n        entry.handle = function handle(req, res, next) {\n          return Promise.asyncApply(originalHandle, this, arguments);\n        };\n      }\n    }\n\n    return result;\n  };\n\n  return handlers;\n}\n"],"mappings":"AAAAA,MAAM,CAACC,MAAM,CAAC;EAACC,OAAO,EAACA,CAAA,KAAIA;AAAO,CAAC,CAAC;AAAC,IAAIC,UAAU;AAACH,MAAM,CAACI,IAAI,CAAC,SAAS,EAAC;EAACC,OAAOA,CAACC,CAAC,EAAC;IAACH,UAAU,GAACG,CAAC;EAAA;AAAC,CAAC,EAAC,CAAC,CAAC;AAEhG,SAASJ,OAAOA,CAAA,EAAiB;EAAA,SAAAK,IAAA,GAAAC,SAAA,CAAAC,MAAA,EAAbC,WAAW,OAAAC,KAAA,CAAAJ,IAAA,GAAAK,IAAA,MAAAA,IAAA,GAAAL,IAAA,EAAAK,IAAA;IAAXF,WAAW,CAAAE,IAAA,IAAAJ,SAAA,CAAAI,IAAA;EAAA;EACpC,MAAMC,QAAQ,GAAGV,UAAU,CAACW,KAAK,CAAC,IAAI,EAAEJ,WAAW,CAAC;EACpD,MAAMK,WAAW,GAAGF,QAAQ,CAACG,GAAG;;EAEhC;EACA;EACAH,QAAQ,CAACG,GAAG,GAAG,SAASA,GAAGA,CAAA,EAAa;IAAA,SAAAC,KAAA,GAAAT,SAAA,CAAAC,MAAA,EAATS,OAAO,OAAAP,KAAA,CAAAM,KAAA,GAAAE,KAAA,MAAAA,KAAA,GAAAF,KAAA,EAAAE,KAAA;MAAPD,OAAO,CAAAC,KAAA,IAAAX,SAAA,CAAAW,KAAA;IAAA;IACpC,MAAM;MAAEC;IAAM,CAAC,GAAG,IAAI;IACtB,MAAMC,cAAc,GAAGD,KAAK,CAACX,MAAM;IACnC,MAAMa,MAAM,GAAGP,WAAW,CAACD,KAAK,CAAC,IAAI,EAAEI,OAAO,CAAC;;IAE/C;IACA;IACA;IACA,KAAK,IAAIK,CAAC,GAAGF,cAAc,EAAEE,CAAC,GAAGH,KAAK,CAACX,MAAM,EAAE,EAAEc,CAAC,EAAE;MAClD,MAAMC,KAAK,GAAGJ,KAAK,CAACG,CAAC,CAAC;MACtB,MAAME,cAAc,GAAGD,KAAK,CAACE,MAAM;MAEnC,IAAID,cAAc,CAAChB,MAAM,IAAI,CAAC,EAAE;QAC9B;QACA;QACA;QACA;QACAe,KAAK,CAACE,MAAM,GAAG,SAASA,MAAMA,CAACC,GAAG,EAAEC,GAAG,EAAEC,GAAG,EAAEC,IAAI,EAAE;UAClD,OAAOC,OAAO,CAACC,UAAU,CAACP,cAAc,EAAE,IAAI,EAAEjB,SAAS,CAAC;QAC5D,CAAC;MACH,CAAC,MAAM;QACLgB,KAAK,CAACE,MAAM,GAAG,SAASA,MAAMA,CAACE,GAAG,EAAEC,GAAG,EAAEC,IAAI,EAAE;UAC7C,OAAOC,OAAO,CAACC,UAAU,CAACP,cAAc,EAAE,IAAI,EAAEjB,SAAS,CAAC;QAC5D,CAAC;MACH;IACF;IAEA,OAAOc,MAAM;EACf,CAAC;EAED,OAAOT,QAAQ;AACjB"},"sourceType":"module","externalDependencies":{},"hash":"dca9f6e172513d118dba22a69f2815ecc264a666"}
